-- phpMyAdmin SQL Dump
-- version 4.4.15.7
-- http://www.phpmyadmin.net
--
-- Host: 127.0.0.1:3306
-- Generation Time: Dec 12, 2016 at 08:09 PM
-- Server version: 5.5.50
-- PHP Version: 5.3.29

SET SQL_MODE = "NO_AUTO_VALUE_ON_ZERO";
SET time_zone = "+00:00";


/*!40101 SET @OLD_CHARACTER_SET_CLIENT=@@CHARACTER_SET_CLIENT */;
/*!40101 SET @OLD_CHARACTER_SET_RESULTS=@@CHARACTER_SET_RESULTS */;
/*!40101 SET @OLD_COLLATION_CONNECTION=@@COLLATION_CONNECTION */;
/*!40101 SET NAMES utf8mb4 */;

--
-- Database: `admin_komilfo`
--

-- --------------------------------------------------------

--
-- Table structure for table `ko_administrators`
--

CREATE TABLE IF NOT EXISTS `ko_administrators` (
  `admin_id` int(6) NOT NULL,
  `name` varchar(50) NOT NULL,
  `login` varchar(50) NOT NULL,
  `password` char(32) NOT NULL,
  `salt` char(32) NOT NULL,
  `create_date` int(10) NOT NULL,
  `login_date` int(10) NOT NULL DEFAULT '0',
  `site_menu` text NOT NULL,
  `admin_menu` text NOT NULL,
  `rent` varchar(255) NOT NULL,
  `long_rent` varchar(255) NOT NULL,
  `sale` varchar(255) NOT NULL,
  `root` tinyint(1) NOT NULL DEFAULT '0',
  `status` tinyint(1) NOT NULL DEFAULT '0',
  `edited` tinyint(1) NOT NULL DEFAULT '0'
) ENGINE=InnoDB AUTO_INCREMENT=7 DEFAULT CHARSET=utf8;

--
-- Dumping data for table `ko_administrators`
--

INSERT INTO `ko_administrators` (`admin_id`, `name`, `login`, `password`, `salt`, `create_date`, `login_date`, `site_menu`, `admin_menu`, `rent`, `long_rent`, `sale`, `root`, `status`, `edited`) VALUES
(1, 'admin', 'admin', '433df3a544b662ba4c86bac59db0ddc3', '6790653ce450d1530a714a14d59f8a8f', 1410864123, 1480091382, '', 'base_customers,base_owners,base_shows', '', '', '', 1, 0, 1),
(5, '', 'admin 2', 'c6125969e189bf2f88fc9fc557f18626', '9db28868549840b888583045f0c61f37', 1449479419, 1449653087, '522,541,526,529,533,538,537,536,535,534,539,540,542,543,544,568,1,16,272,273,398,274,275,276,277,278,279,280,15,405,152,143,84,142,140,141,89,85,90,91,417,147,146,145,148,149,425,134,418,157,156,155,154,153,144,164,423,419,420,421,293,294,302,301,300,298,422,297,295,303,304,305,310,306,307,309,336,559,13,74,75,69,73,424,70,343,71,345,349,72,346,340,342,341,347,339,350,354,355,353,352,560,338,362,356,357,404,358,402,359,360,361,403,363,364,369,368,401,365,366,400,562,8,386,25,380,26,27,318,317,313,34,28,29,30,135,219,217,218,234,220,221,223,292,329,521,330,331,332,333,334,337,335,387,388,389,390,391,392,393,394,395,10,45,46,396,48,235,238,239,240,241,242,243,244,324,247,490,503,397,406,407,408,409,410,411,412,414,413,416,415,12,56,57,58,370,59,60,61,62,378,557,564,565,566,6,111,194,195,198,199,196,197,200,161,463,464,465,466,468,467,163,469,500,470,471,547,548,549,550,552,551,170,206,495,485,486,489,261,496,497,498,501,432,437,438,439,440,441,502,506,507,508,509,512,510,511,513,515,516,514,517,260,481,482,519,518,493,492,491,520,18,117,169,118,167,178,177,176,553,21,110,184,183,182,189,188,187,186,185,22,107,108,109,171,173,190,211,212,213,214,215,504,19,115,116,191,180,179,192,181,20,112,113,114,475,476,477,480,479,478,434,442,447,443,444,445,446,159,454,455,456,457,122,121,124,545,125,128,129,131,554,555,556,130,132,436,2,4,524,5,119,525', 'components,article_index,google_map_index,feedback_index,slider_index,catalog_wide_menu,catalog_slide_menu,catalog_recommended,catalog_last,catalog_products,catalog_auction,club_index,club_last,book_index,menu,menu_1,menu_2,seo,seo_tags,seo_xml,catalog,catalog_filters,catalog_regions', '', '', '', 0, 0, 1),
(6, '', 'admin 1', 'd1136c146faaac2f71a743d86b5de3bf', 'df676298e850fe6f8b2624c45255bdc3', 1449487887, 1449839012, '522,541,526,529,533,538,537,536,535,534,539,540,542,543,544,568,1,16,272,273,398,274,275,276,277,278,279,280,15,405,152,143,84,142,140,141,89,85,90,91,417,147,146,145,148,149,425,134,418,157,156,155,154,153,144,164,423,419,420,421,293,294,302,301,300,298,422,297,295,303,304,305,310,306,307,309,336,559,13,74,75,69,73,424,70,343,71,345,349,72,346,340,342,341,347,339,350,354,355,353,352,560,338,362,356,357,404,358,402,359,360,361,403,363,364,369,368,401,365,366,400,562,8,386,25,380,26,27,318,317,313,34,28,29,30,135,219,217,218,234,220,221,223,292,329,521,330,331,332,333,334,337,335,387,388,389,390,391,392,393,394,395,10,45,46,396,48,235,238,239,240,241,242,243,244,324,247,490,503,397,406,407,408,409,410,411,412,414,413,416,415,12,56,57,58,370,59,60,61,62,378,557,564,565,566,6,111,194,195,198,199,196,197,200,161,463,464,465,466,468,467,163,469,500,470,471,547,548,549,550,552,551,170,206,495,485,486,489,261,496,497,498,501,432,437,438,439,440,441,502,506,507,508,509,512,510,511,513,515,516,514,517,260,481,482,519,518,493,492,491,520,18,117,169,118,167,178,177,176,553,21,110,184,183,182,189,188,187,186,185,22,107,108,109,171,173,190,211,212,213,214,215,504,19,115,116,191,180,179,192,181,20,112,113,114,475,476,477,480,479,478,434,442,447,443,444,445,446,159,454,455,456,457,122,121,124,545,125,128,129,131,554,555,556,130,132,436,2,4,524,5,119,525', 'components,article_index,google_map_index,feedback_index,slider_index,catalog_wide_menu,catalog_slide_menu,catalog_recommended,catalog_last,catalog_products,catalog_auction,club_index,club_last,book_index,menu,menu_1,menu_2,seo,seo_tags,seo_xml,catalog,catalog_filters,catalog_regions,profiles,profiles_index,profiles_products,profiles_services,profiles_club,profiles_book,profiles_complaints,config,config_common,config_languages,config_administrators,config_gag,config_watermark', '', '', '', 0, 0, 1);

-- --------------------------------------------------------

--
-- Table structure for table `ko_catalog`
--

CREATE TABLE IF NOT EXISTS `ko_catalog` (
  `catalog_id` int(6) unsigned NOT NULL,
  `menu_id` int(6) unsigned NOT NULL DEFAULT '0',
  `component_id` int(11) NOT NULL,
  `hidden` int(6) unsigned NOT NULL DEFAULT '0',
  `position` int(6) unsigned NOT NULL DEFAULT '0',
  `title_en` varchar(255) NOT NULL,
  `title_ru` varchar(255) NOT NULL,
  `text_en` text NOT NULL,
  `text_ru` text NOT NULL,
  `url_en` varchar(255) NOT NULL,
  `url_ru` varchar(255) NOT NULL,
  `shops` text NOT NULL,
  `country` text NOT NULL,
  `city` text NOT NULL,
  `title_ua` varchar(255) NOT NULL,
  `text_ua` text NOT NULL,
  `url_ua` varchar(255) NOT NULL
) ENGINE=InnoDB AUTO_INCREMENT=122 DEFAULT CHARSET=utf8 ROW_FORMAT=COMPACT;

--
-- Dumping data for table `ko_catalog`
--

INSERT INTO `ko_catalog` (`catalog_id`, `menu_id`, `component_id`, `hidden`, `position`, `title_en`, `title_ru`, `text_en`, `text_ru`, `url_en`, `url_ru`, `shops`, `country`, `city`, `title_ua`, `text_ua`, `url_ua`) VALUES
(1, 163, 2, 0, 5, 'Vivienne', 'Vivienne', '<p font-size:=&quot;&quot; open=&quot;&quot; style=&quot;outline: none; box-sizing: border-box; margin: 0px 0px 20px; padding: 0px; width: 482px; color: rgb(82, 82, 82); font-family: &quot;>Chic vintage wedding dress with a long train. Light lace makes the dress look very romantic. &nbsp;A-line style fits every body-type and accentuates the bride&rsquo;s beauty.&nbsp;</p>\n', '<p><span style=&quot;font-size: 13px;&quot;>Изысканное винтажное платье с длинным шлейфом. Благодаря легкому и нежному шантилье, а&nbsp;также</span><span style=&quot;font-size: 13px;&quot;>&nbsp;&nbsp;вышивке&nbsp;хрустальными&nbsp;элементами од&nbsp;Swarovski ,платье</span><span style=&quot;font-size: 13px;&quot;>&nbsp;выглядит&nbsp;еще более&nbsp;романтично.&nbsp;</span><span style=&quot;font-size: 13px;&quot;>&nbsp;&nbsp;</span></p>\n\n<p>&nbsp;</p>\n', 'vivienne', 'vivienne', 'a:36:{i:0;s:2:"38";i:1;s:2:"42";i:2;s:2:"43";i:3;s:2:"44";i:4;s:2:"45";i:5;s:2:"46";i:6;s:2:"47";i:7;s:2:"52";i:8;s:2:"53";i:9;s:2:"54";i:10;s:2:"55";i:11;s:2:"56";i:12;s:2:"57";i:13;s:2:"58";i:14;s:2:"59";i:15;s:2:"60";i:16;s:2:"61";i:17;s:2:"62";i:18;s:2:"63";i:19;s:2:"64";i:20;s:2:"49";i:21;s:2:"50";i:22;s:2:"51";i:23;s:2:"65";i:24;s:2:"66";i:25;s:2:"67";i:26;s:2:"68";i:27;s:2:"69";i:28;s:2:"70";i:29;s:2:"71";i:30;s:2:"74";i:31;s:2:"72";i:32;s:2:"75";i:33;s:2:"80";i:34;s:2:"82";i:35;s:2:"83";}', 'a:14:{i:0;s:2:"21";i:1;s:3:"171";i:2;s:3:"172";i:3;s:3:"182";i:4;s:3:"207";i:5;s:3:"211";i:6;s:3:"213";i:7;s:3:"217";i:8;s:3:"219";i:9;s:3:"221";i:10;s:3:"225";i:11;s:3:"230";i:12;s:3:"231";i:13;s:3:"232";}', 'a:36:{i:0;s:3:"177";i:1;s:3:"181";i:2;s:3:"183";i:3;s:3:"186";i:4;s:3:"187";i:5;s:3:"188";i:6;s:3:"189";i:7;s:3:"194";i:8;s:3:"195";i:9;s:3:"196";i:10;s:3:"197";i:11;s:3:"198";i:12;s:3:"199";i:13;s:3:"200";i:14;s:3:"201";i:15;s:3:"202";i:16;s:3:"203";i:17;s:3:"204";i:18;s:3:"205";i:19;s:3:"206";i:20;s:3:"191";i:21;s:3:"192";i:22;s:3:"193";i:23;s:3:"210";i:24;s:3:"212";i:25;s:3:"214";i:26;s:3:"215";i:27;s:3:"216";i:28;s:3:"218";i:29;s:3:"220";i:30;s:3:"223";i:31;s:3:"222";i:32;s:3:"226";i:33;s:3:"234";i:34;s:3:"238";i:35;s:3:"239";}', 'Vivienne', '<p><span style=&quot;font-size: 13px;&quot;>Вишукана вінтажна сукня з довгим шлейфом. Завдяки легкому,&nbsp;ніжному шантильї та вишивці кришталевими елементами від Swarovski ,сукня виглядає ще більш романтично. &nbsp;&nbsp;</span></p>\n\n<p>&nbsp;</p>\n', 'vivienne'),
(2, 166, 14, 0, 2, '', '', '', '', '2', '2', 'a:1:{i:0;N;}', 'a:0:{}', 'a:0:{}', '', '', '2'),
(9, 66, 19, 0, 1, 'Belle', 'Belle', '', '', 'belle', 'belle', 'a:33:{i:0;s:2:"38";i:1;s:2:"42";i:2;s:2:"43";i:3;s:2:"44";i:4;s:2:"45";i:5;s:2:"46";i:6;s:2:"47";i:7;s:2:"52";i:8;s:2:"53";i:9;s:2:"54";i:10;s:2:"55";i:11;s:2:"56";i:12;s:2:"57";i:13;s:2:"58";i:14;s:2:"59";i:15;s:2:"60";i:16;s:2:"61";i:17;s:2:"62";i:18;s:2:"63";i:19;s:2:"64";i:20;s:2:"49";i:21;s:2:"50";i:22;s:2:"51";i:23;s:2:"65";i:24;s:2:"66";i:25;s:2:"67";i:26;s:2:"68";i:27;s:2:"69";i:28;s:2:"70";i:29;s:2:"71";i:30;s:2:"74";i:31;s:2:"72";i:32;s:2:"75";}', 'a:11:{i:0;s:2:"21";i:1;s:3:"171";i:2;s:3:"172";i:3;s:3:"182";i:4;s:3:"207";i:5;s:3:"211";i:6;s:3:"213";i:7;s:3:"217";i:8;s:3:"219";i:9;s:3:"221";i:10;s:3:"225";}', 'a:33:{i:0;s:3:"177";i:1;s:3:"181";i:2;s:3:"183";i:3;s:3:"186";i:4;s:3:"187";i:5;s:3:"188";i:6;s:3:"189";i:7;s:3:"194";i:8;s:3:"195";i:9;s:3:"196";i:10;s:3:"197";i:11;s:3:"198";i:12;s:3:"199";i:13;s:3:"200";i:14;s:3:"201";i:15;s:3:"202";i:16;s:3:"203";i:17;s:3:"204";i:18;s:3:"205";i:19;s:3:"206";i:20;s:3:"191";i:21;s:3:"192";i:22;s:3:"193";i:23;s:3:"210";i:24;s:3:"212";i:25;s:3:"214";i:26;s:3:"215";i:27;s:3:"216";i:28;s:3:"218";i:29;s:3:"220";i:30;s:3:"223";i:31;s:3:"222";i:32;s:3:"226";}', 'Belle', '', 'belle'),
(10, 66, 19, 0, 2, 'Bertha', 'Bertha', '', '', 'bertha', 'bertha', 'a:33:{i:0;s:2:"38";i:1;s:2:"42";i:2;s:2:"43";i:3;s:2:"44";i:4;s:2:"45";i:5;s:2:"46";i:6;s:2:"47";i:7;s:2:"52";i:8;s:2:"53";i:9;s:2:"54";i:10;s:2:"55";i:11;s:2:"56";i:12;s:2:"57";i:13;s:2:"58";i:14;s:2:"59";i:15;s:2:"60";i:16;s:2:"61";i:17;s:2:"62";i:18;s:2:"63";i:19;s:2:"64";i:20;s:2:"49";i:21;s:2:"50";i:22;s:2:"51";i:23;s:2:"65";i:24;s:2:"66";i:25;s:2:"67";i:26;s:2:"68";i:27;s:2:"69";i:28;s:2:"70";i:29;s:2:"71";i:30;s:2:"74";i:31;s:2:"72";i:32;s:2:"75";}', 'a:11:{i:0;s:2:"21";i:1;s:3:"171";i:2;s:3:"172";i:3;s:3:"182";i:4;s:3:"207";i:5;s:3:"211";i:6;s:3:"213";i:7;s:3:"217";i:8;s:3:"219";i:9;s:3:"221";i:10;s:3:"225";}', 'a:33:{i:0;s:3:"177";i:1;s:3:"181";i:2;s:3:"183";i:3;s:3:"186";i:4;s:3:"187";i:5;s:3:"188";i:6;s:3:"189";i:7;s:3:"194";i:8;s:3:"195";i:9;s:3:"196";i:10;s:3:"197";i:11;s:3:"198";i:12;s:3:"199";i:13;s:3:"200";i:14;s:3:"201";i:15;s:3:"202";i:16;s:3:"203";i:17;s:3:"204";i:18;s:3:"205";i:19;s:3:"206";i:20;s:3:"191";i:21;s:3:"192";i:22;s:3:"193";i:23;s:3:"210";i:24;s:3:"212";i:25;s:3:"214";i:26;s:3:"215";i:27;s:3:"216";i:28;s:3:"218";i:29;s:3:"220";i:30;s:3:"223";i:31;s:3:"222";i:32;s:3:"226";}', 'Bertha', '', 'bertha'),
(11, 66, 19, 0, 3, 'Christen', 'Christen', '', '', 'christen', 'christen', 'a:33:{i:0;s:2:"38";i:1;s:2:"42";i:2;s:2:"43";i:3;s:2:"44";i:4;s:2:"45";i:5;s:2:"46";i:6;s:2:"47";i:7;s:2:"52";i:8;s:2:"53";i:9;s:2:"54";i:10;s:2:"55";i:11;s:2:"56";i:12;s:2:"57";i:13;s:2:"58";i:14;s:2:"59";i:15;s:2:"60";i:16;s:2:"61";i:17;s:2:"62";i:18;s:2:"63";i:19;s:2:"64";i:20;s:2:"49";i:21;s:2:"50";i:22;s:2:"51";i:23;s:2:"65";i:24;s:2:"66";i:25;s:2:"67";i:26;s:2:"68";i:27;s:2:"69";i:28;s:2:"70";i:29;s:2:"71";i:30;s:2:"74";i:31;s:2:"72";i:32;s:2:"75";}', 'a:11:{i:0;s:2:"21";i:1;s:3:"171";i:2;s:3:"172";i:3;s:3:"182";i:4;s:3:"207";i:5;s:3:"211";i:6;s:3:"213";i:7;s:3:"217";i:8;s:3:"219";i:9;s:3:"221";i:10;s:3:"225";}', 'a:33:{i:0;s:3:"177";i:1;s:3:"181";i:2;s:3:"183";i:3;s:3:"186";i:4;s:3:"187";i:5;s:3:"188";i:6;s:3:"189";i:7;s:3:"194";i:8;s:3:"195";i:9;s:3:"196";i:10;s:3:"197";i:11;s:3:"198";i:12;s:3:"199";i:13;s:3:"200";i:14;s:3:"201";i:15;s:3:"202";i:16;s:3:"203";i:17;s:3:"204";i:18;s:3:"205";i:19;s:3:"206";i:20;s:3:"191";i:21;s:3:"192";i:22;s:3:"193";i:23;s:3:"210";i:24;s:3:"212";i:25;s:3:"214";i:26;s:3:"215";i:27;s:3:"216";i:28;s:3:"218";i:29;s:3:"220";i:30;s:3:"223";i:31;s:3:"222";i:32;s:3:"226";}', 'Christen', '', 'christen'),
(12, 66, 19, 0, 5, 'Cleopatra', 'Cleopatra', '', '', 'cleopatra', 'cleopatra', 'a:33:{i:0;s:2:"38";i:1;s:2:"42";i:2;s:2:"43";i:3;s:2:"44";i:4;s:2:"45";i:5;s:2:"46";i:6;s:2:"47";i:7;s:2:"52";i:8;s:2:"53";i:9;s:2:"54";i:10;s:2:"55";i:11;s:2:"56";i:12;s:2:"57";i:13;s:2:"58";i:14;s:2:"59";i:15;s:2:"60";i:16;s:2:"61";i:17;s:2:"62";i:18;s:2:"63";i:19;s:2:"64";i:20;s:2:"49";i:21;s:2:"50";i:22;s:2:"51";i:23;s:2:"65";i:24;s:2:"66";i:25;s:2:"67";i:26;s:2:"68";i:27;s:2:"69";i:28;s:2:"70";i:29;s:2:"71";i:30;s:2:"74";i:31;s:2:"72";i:32;s:2:"75";}', 'a:11:{i:0;s:2:"21";i:1;s:3:"171";i:2;s:3:"172";i:3;s:3:"182";i:4;s:3:"207";i:5;s:3:"211";i:6;s:3:"213";i:7;s:3:"217";i:8;s:3:"219";i:9;s:3:"221";i:10;s:3:"225";}', 'a:33:{i:0;s:3:"177";i:1;s:3:"181";i:2;s:3:"183";i:3;s:3:"186";i:4;s:3:"187";i:5;s:3:"188";i:6;s:3:"189";i:7;s:3:"194";i:8;s:3:"195";i:9;s:3:"196";i:10;s:3:"197";i:11;s:3:"198";i:12;s:3:"199";i:13;s:3:"200";i:14;s:3:"201";i:15;s:3:"202";i:16;s:3:"203";i:17;s:3:"204";i:18;s:3:"205";i:19;s:3:"206";i:20;s:3:"191";i:21;s:3:"192";i:22;s:3:"193";i:23;s:3:"210";i:24;s:3:"212";i:25;s:3:"214";i:26;s:3:"215";i:27;s:3:"216";i:28;s:3:"218";i:29;s:3:"220";i:30;s:3:"223";i:31;s:3:"222";i:32;s:3:"226";}', 'Cleopatra', '', 'cleopatra'),
(13, 66, 19, 0, 4, 'Elina', 'Elina', '', '', 'elina', 'elina', 'a:33:{i:0;s:2:"38";i:1;s:2:"42";i:2;s:2:"43";i:3;s:2:"44";i:4;s:2:"45";i:5;s:2:"46";i:6;s:2:"47";i:7;s:2:"52";i:8;s:2:"53";i:9;s:2:"54";i:10;s:2:"55";i:11;s:2:"56";i:12;s:2:"57";i:13;s:2:"58";i:14;s:2:"59";i:15;s:2:"60";i:16;s:2:"61";i:17;s:2:"62";i:18;s:2:"63";i:19;s:2:"64";i:20;s:2:"49";i:21;s:2:"50";i:22;s:2:"51";i:23;s:2:"65";i:24;s:2:"66";i:25;s:2:"67";i:26;s:2:"68";i:27;s:2:"69";i:28;s:2:"70";i:29;s:2:"71";i:30;s:2:"74";i:31;s:2:"72";i:32;s:2:"75";}', 'a:11:{i:0;s:2:"21";i:1;s:3:"171";i:2;s:3:"172";i:3;s:3:"182";i:4;s:3:"207";i:5;s:3:"211";i:6;s:3:"213";i:7;s:3:"217";i:8;s:3:"219";i:9;s:3:"221";i:10;s:3:"225";}', 'a:33:{i:0;s:3:"177";i:1;s:3:"181";i:2;s:3:"183";i:3;s:3:"186";i:4;s:3:"187";i:5;s:3:"188";i:6;s:3:"189";i:7;s:3:"194";i:8;s:3:"195";i:9;s:3:"196";i:10;s:3:"197";i:11;s:3:"198";i:12;s:3:"199";i:13;s:3:"200";i:14;s:3:"201";i:15;s:3:"202";i:16;s:3:"203";i:17;s:3:"204";i:18;s:3:"205";i:19;s:3:"206";i:20;s:3:"191";i:21;s:3:"192";i:22;s:3:"193";i:23;s:3:"210";i:24;s:3:"212";i:25;s:3:"214";i:26;s:3:"215";i:27;s:3:"216";i:28;s:3:"218";i:29;s:3:"220";i:30;s:3:"223";i:31;s:3:"222";i:32;s:3:"226";}', 'Elina', '', 'elina'),
(14, 66, 19, 0, 6, 'Emilia', 'Emilia', '', '', 'emilia', 'emilia', 'a:33:{i:0;s:2:"38";i:1;s:2:"42";i:2;s:2:"43";i:3;s:2:"44";i:4;s:2:"45";i:5;s:2:"46";i:6;s:2:"47";i:7;s:2:"52";i:8;s:2:"53";i:9;s:2:"54";i:10;s:2:"55";i:11;s:2:"56";i:12;s:2:"57";i:13;s:2:"58";i:14;s:2:"59";i:15;s:2:"60";i:16;s:2:"61";i:17;s:2:"62";i:18;s:2:"63";i:19;s:2:"64";i:20;s:2:"49";i:21;s:2:"50";i:22;s:2:"51";i:23;s:2:"65";i:24;s:2:"66";i:25;s:2:"67";i:26;s:2:"68";i:27;s:2:"69";i:28;s:2:"70";i:29;s:2:"71";i:30;s:2:"74";i:31;s:2:"72";i:32;s:2:"75";}', 'a:11:{i:0;s:2:"21";i:1;s:3:"171";i:2;s:3:"172";i:3;s:3:"182";i:4;s:3:"207";i:5;s:3:"211";i:6;s:3:"213";i:7;s:3:"217";i:8;s:3:"219";i:9;s:3:"221";i:10;s:3:"225";}', 'a:33:{i:0;s:3:"177";i:1;s:3:"181";i:2;s:3:"183";i:3;s:3:"186";i:4;s:3:"187";i:5;s:3:"188";i:6;s:3:"189";i:7;s:3:"194";i:8;s:3:"195";i:9;s:3:"196";i:10;s:3:"197";i:11;s:3:"198";i:12;s:3:"199";i:13;s:3:"200";i:14;s:3:"201";i:15;s:3:"202";i:16;s:3:"203";i:17;s:3:"204";i:18;s:3:"205";i:19;s:3:"206";i:20;s:3:"191";i:21;s:3:"192";i:22;s:3:"193";i:23;s:3:"210";i:24;s:3:"212";i:25;s:3:"214";i:26;s:3:"215";i:27;s:3:"216";i:28;s:3:"218";i:29;s:3:"220";i:30;s:3:"223";i:31;s:3:"222";i:32;s:3:"226";}', 'Emilia', '', 'emilia'),
(15, 163, 2, 0, 4, 'Quinn', 'Quinn', '<p>Queen wedding dress in satin and tulle with 3D flowers and crew neckline. Swarovski elements&nbsp;are applied on the crew neckline and flower details on the skirt and bodice.</p>\n', '<p>\n<style type=&quot;text/css&quot;>p.p1 {margin: 0.0px 0.0px 0.0px 0.0px; font: 13.0px Helvetica; color: #333333; -webkit-text-stroke: #333333}\nspan.s1 {font-kerning: none}\n</style>\n</p>\n\n<p class=&quot;p1&quot;><span class=&quot;s1&quot;>По-настоящему королевское платье из атласа, прозрачной нежной сеточки&nbsp;с&nbsp;3D цветочными элементами и вырезом-лодочка. Орнамент из камней&nbsp;Swarovski &nbsp;идеально украшают горловину и цветы&nbsp;на юбке и корсете.</span></p>\n\n<p>&nbsp;</p>\n', 'quinn', 'quinn', 'a:36:{i:0;s:2:"38";i:1;s:2:"42";i:2;s:2:"43";i:3;s:2:"44";i:4;s:2:"45";i:5;s:2:"46";i:6;s:2:"47";i:7;s:2:"52";i:8;s:2:"53";i:9;s:2:"54";i:10;s:2:"55";i:11;s:2:"56";i:12;s:2:"57";i:13;s:2:"58";i:14;s:2:"59";i:15;s:2:"60";i:16;s:2:"61";i:17;s:2:"62";i:18;s:2:"63";i:19;s:2:"64";i:20;s:2:"49";i:21;s:2:"50";i:22;s:2:"51";i:23;s:2:"65";i:24;s:2:"66";i:25;s:2:"67";i:26;s:2:"68";i:27;s:2:"69";i:28;s:2:"70";i:29;s:2:"71";i:30;s:2:"74";i:31;s:2:"72";i:32;s:2:"75";i:33;s:2:"80";i:34;s:2:"82";i:35;s:2:"83";}', 'a:14:{i:0;s:2:"21";i:1;s:3:"171";i:2;s:3:"172";i:3;s:3:"182";i:4;s:3:"207";i:5;s:3:"211";i:6;s:3:"213";i:7;s:3:"217";i:8;s:3:"219";i:9;s:3:"221";i:10;s:3:"225";i:11;s:3:"230";i:12;s:3:"231";i:13;s:3:"232";}', 'a:36:{i:0;s:3:"177";i:1;s:3:"181";i:2;s:3:"183";i:3;s:3:"186";i:4;s:3:"187";i:5;s:3:"188";i:6;s:3:"189";i:7;s:3:"194";i:8;s:3:"195";i:9;s:3:"196";i:10;s:3:"197";i:11;s:3:"198";i:12;s:3:"199";i:13;s:3:"200";i:14;s:3:"201";i:15;s:3:"202";i:16;s:3:"203";i:17;s:3:"204";i:18;s:3:"205";i:19;s:3:"206";i:20;s:3:"191";i:21;s:3:"192";i:22;s:3:"193";i:23;s:3:"210";i:24;s:3:"212";i:25;s:3:"214";i:26;s:3:"215";i:27;s:3:"216";i:28;s:3:"218";i:29;s:3:"220";i:30;s:3:"223";i:31;s:3:"222";i:32;s:3:"226";i:33;s:3:"234";i:34;s:3:"238";i:35;s:3:"239";}', 'Quinn', '<p>\n<style type=&quot;text/css&quot;>p.p1 {margin: 0.0px 0.0px 0.0px 0.0px; font: 13.0px Helvetica; color: #333333; -webkit-text-stroke: #333333}\nspan.s1 {font-kerning: none}\n</style>\n</p>\n\n<p class=&quot;p1&quot;><span class=&quot;s1&quot;>По-справжньому королівська сукня з атласу, сітки з&nbsp;3D квітковими елементами та вирізом-човник.Елегантна розшивка камінням Swarovski прикрашає горловину, квіти&nbsp;на спідниці та корсеті.&nbsp;</span></p>\n\n<p>&nbsp;</p>\n', 'quinn'),
(16, 163, 2, 0, 6, 'Mercedes', 'Mercedes', '<p>Chic transformer dress in satin with beaded&nbsp;lace appliques. Delicate lace runs down the detachable&nbsp;sleeves.&nbsp; Long satin train is decorated with embroidered lace stripes.&nbsp;</p>\n', '<p><span style=&quot;font-size: 13px;&quot;>Изысканное платье-трансформер со съемными&nbsp;рукавами из атласа и превосходно&nbsp;расшитым вручную кружева. Длинный&nbsp;атласный шлейф декорирован расшитыми кружевными аппликациями.</span></p>\n\n<p>&nbsp;</p>\n', 'mercedes', 'mercedes', 'a:36:{i:0;s:2:"38";i:1;s:2:"42";i:2;s:2:"43";i:3;s:2:"44";i:4;s:2:"45";i:5;s:2:"46";i:6;s:2:"47";i:7;s:2:"52";i:8;s:2:"53";i:9;s:2:"54";i:10;s:2:"55";i:11;s:2:"56";i:12;s:2:"57";i:13;s:2:"58";i:14;s:2:"59";i:15;s:2:"60";i:16;s:2:"61";i:17;s:2:"62";i:18;s:2:"63";i:19;s:2:"64";i:20;s:2:"49";i:21;s:2:"50";i:22;s:2:"51";i:23;s:2:"65";i:24;s:2:"66";i:25;s:2:"67";i:26;s:2:"68";i:27;s:2:"69";i:28;s:2:"70";i:29;s:2:"71";i:30;s:2:"74";i:31;s:2:"72";i:32;s:2:"75";i:33;s:2:"80";i:34;s:2:"82";i:35;s:2:"83";}', 'a:14:{i:0;s:2:"21";i:1;s:3:"171";i:2;s:3:"172";i:3;s:3:"182";i:4;s:3:"207";i:5;s:3:"211";i:6;s:3:"213";i:7;s:3:"217";i:8;s:3:"219";i:9;s:3:"221";i:10;s:3:"225";i:11;s:3:"230";i:12;s:3:"231";i:13;s:3:"232";}', 'a:36:{i:0;s:3:"177";i:1;s:3:"181";i:2;s:3:"183";i:3;s:3:"186";i:4;s:3:"187";i:5;s:3:"188";i:6;s:3:"189";i:7;s:3:"194";i:8;s:3:"195";i:9;s:3:"196";i:10;s:3:"197";i:11;s:3:"198";i:12;s:3:"199";i:13;s:3:"200";i:14;s:3:"201";i:15;s:3:"202";i:16;s:3:"203";i:17;s:3:"204";i:18;s:3:"205";i:19;s:3:"206";i:20;s:3:"191";i:21;s:3:"192";i:22;s:3:"193";i:23;s:3:"210";i:24;s:3:"212";i:25;s:3:"214";i:26;s:3:"215";i:27;s:3:"216";i:28;s:3:"218";i:29;s:3:"220";i:30;s:3:"223";i:31;s:3:"222";i:32;s:3:"226";i:33;s:3:"234";i:34;s:3:"238";i:35;s:3:"239";}', 'Mercedes', '<p><span style=&quot;font-size: 13px;&quot;>Вишукана сукня-трансформер з причіпними рукавами, виготовлена з атласу та вручну розшитим мереживом. &nbsp; Довгий атласний шлейф задекорований &nbsp;мереживними аплікаціями.&nbsp;</span></p>\n\n<p>&nbsp;</p>\n', 'mercedes'),
(17, 163, 2, 0, 0, 'Jade', 'Jade', '<p>Marvelous vintage dress in &nbsp;lace with a small train and overhanging top fits absolutely every body type. Beading on the sleeves, top and neckline adds a special chic to it. Deep cut back makes the dress look even more elegant.&nbsp;</p>\n', '<p>\n<style type=&quot;text/css&quot;>p.p1 {margin: 0.0px 0.0px 0.0px 0.0px; font: 13.0px Helvetica; color: #333333; -webkit-text-stroke: #333333}\nspan.s1 {font-kerning: none}\n</style>\n</p>\n\n<p class=&quot;p1&quot;><span class=&quot;s1&quot;>Чудесное винтажное платье с напуском изготовлено из эксклюзивного кружева, имеет классический небольшой шлейф и &nbsp;идеально подходит&nbsp;&nbsp;для любой фигуры. Вышивка стеклярусом&nbsp;&nbsp;рукавов, топа&nbsp;и горловины&nbsp;добавляет особый шик, а углубленный вырез на спинке делает платье очень элегантным.&nbsp;</span></p>\n', 'jade', 'jade', 'a:36:{i:0;s:2:"38";i:1;s:2:"42";i:2;s:2:"43";i:3;s:2:"44";i:4;s:2:"45";i:5;s:2:"46";i:6;s:2:"47";i:7;s:2:"52";i:8;s:2:"53";i:9;s:2:"54";i:10;s:2:"55";i:11;s:2:"56";i:12;s:2:"57";i:13;s:2:"58";i:14;s:2:"59";i:15;s:2:"60";i:16;s:2:"61";i:17;s:2:"62";i:18;s:2:"63";i:19;s:2:"64";i:20;s:2:"49";i:21;s:2:"50";i:22;s:2:"51";i:23;s:2:"65";i:24;s:2:"66";i:25;s:2:"67";i:26;s:2:"68";i:27;s:2:"69";i:28;s:2:"70";i:29;s:2:"71";i:30;s:2:"74";i:31;s:2:"72";i:32;s:2:"75";i:33;s:2:"80";i:34;s:2:"82";i:35;s:2:"83";}', 'a:14:{i:0;s:2:"21";i:1;s:3:"171";i:2;s:3:"172";i:3;s:3:"182";i:4;s:3:"207";i:5;s:3:"211";i:6;s:3:"213";i:7;s:3:"217";i:8;s:3:"219";i:9;s:3:"221";i:10;s:3:"225";i:11;s:3:"230";i:12;s:3:"231";i:13;s:3:"232";}', 'a:36:{i:0;s:3:"177";i:1;s:3:"181";i:2;s:3:"183";i:3;s:3:"186";i:4;s:3:"187";i:5;s:3:"188";i:6;s:3:"189";i:7;s:3:"194";i:8;s:3:"195";i:9;s:3:"196";i:10;s:3:"197";i:11;s:3:"198";i:12;s:3:"199";i:13;s:3:"200";i:14;s:3:"201";i:15;s:3:"202";i:16;s:3:"203";i:17;s:3:"204";i:18;s:3:"205";i:19;s:3:"206";i:20;s:3:"191";i:21;s:3:"192";i:22;s:3:"193";i:23;s:3:"210";i:24;s:3:"212";i:25;s:3:"214";i:26;s:3:"215";i:27;s:3:"216";i:28;s:3:"218";i:29;s:3:"220";i:30;s:3:"223";i:31;s:3:"222";i:32;s:3:"226";i:33;s:3:"234";i:34;s:3:"238";i:35;s:3:"239";}', 'Jade', '<p>\n<style type=&quot;text/css&quot;>p.p1 {margin: 0.0px 0.0px 0.0px 0.0px; font: 13.0px Helvetica; color: #333333; -webkit-text-stroke: #333333}\nspan.s1 {font-kerning: none}\n</style>\n</p>\n\n<p class=&quot;p1&quot;><span class=&quot;s1&quot;>Чудесна вінтажна сукня з напуском виготовлена з ексклюзивного мережива, має класичний невеличкий шлейф та &nbsp;ідеально виглядає на будь-якій фігурі. Розшивка на рукавах, топі та горловині додає особливого шарму, а поглиблений виріз на спині робить сукню надзвичайно елегантною.</span></p>\n', 'jade'),
(18, 163, 2, 0, 15, 'Adelynn', 'Adelynn', '<p>Beautiful princess wedding dress with a tulle skirt and beautiful &nbsp;flower lace. Crew neckline with an illusion net lays perfectly over the shoulders.&nbsp;</p>\n', '<p><span style=&quot;font-size: 13px;&quot;>Удивительное пудровое&nbsp;платье с&nbsp;юбкой из фатина и непревзойденным цветочным кружевом.</span></p>\n\n<p>&nbsp;</p>\n', 'adelynn', 'adelynn', 'a:36:{i:0;s:2:"38";i:1;s:2:"42";i:2;s:2:"43";i:3;s:2:"44";i:4;s:2:"45";i:5;s:2:"46";i:6;s:2:"47";i:7;s:2:"52";i:8;s:2:"53";i:9;s:2:"54";i:10;s:2:"55";i:11;s:2:"56";i:12;s:2:"57";i:13;s:2:"58";i:14;s:2:"59";i:15;s:2:"60";i:16;s:2:"61";i:17;s:2:"62";i:18;s:2:"63";i:19;s:2:"64";i:20;s:2:"49";i:21;s:2:"50";i:22;s:2:"51";i:23;s:2:"65";i:24;s:2:"66";i:25;s:2:"67";i:26;s:2:"68";i:27;s:2:"69";i:28;s:2:"70";i:29;s:2:"71";i:30;s:2:"74";i:31;s:2:"72";i:32;s:2:"75";i:33;s:2:"80";i:34;s:2:"82";i:35;s:2:"83";}', 'a:14:{i:0;s:2:"21";i:1;s:3:"171";i:2;s:3:"172";i:3;s:3:"182";i:4;s:3:"207";i:5;s:3:"211";i:6;s:3:"213";i:7;s:3:"217";i:8;s:3:"219";i:9;s:3:"221";i:10;s:3:"225";i:11;s:3:"230";i:12;s:3:"231";i:13;s:3:"232";}', 'a:36:{i:0;s:3:"177";i:1;s:3:"181";i:2;s:3:"183";i:3;s:3:"186";i:4;s:3:"187";i:5;s:3:"188";i:6;s:3:"189";i:7;s:3:"194";i:8;s:3:"195";i:9;s:3:"196";i:10;s:3:"197";i:11;s:3:"198";i:12;s:3:"199";i:13;s:3:"200";i:14;s:3:"201";i:15;s:3:"202";i:16;s:3:"203";i:17;s:3:"204";i:18;s:3:"205";i:19;s:3:"206";i:20;s:3:"191";i:21;s:3:"192";i:22;s:3:"193";i:23;s:3:"210";i:24;s:3:"212";i:25;s:3:"214";i:26;s:3:"215";i:27;s:3:"216";i:28;s:3:"218";i:29;s:3:"220";i:30;s:3:"223";i:31;s:3:"222";i:32;s:3:"226";i:33;s:3:"234";i:34;s:3:"238";i:35;s:3:"239";}', 'Adelynn', '<p><span style=&quot;font-size: 13px;&quot;>Дивовижна сукня з фатиновою спідницею&nbsp;та неперевершеним квітковим мереживом. Виріз човником гарно підкреслює&nbsp;декольте. &nbsp;</span></p>\n\n<p>&nbsp;</p>\n', 'adelynn'),
(19, 163, 2, 0, 9, 'Gvinet', 'Gvinet', '<p>All-over lace vintage dress with an over-hanging bodice ideally accentuates the waist. Crew neckline edged with a beautiful lace&nbsp; shows-off the shoulders in a very feminine manner.&nbsp;</p>\n', '<p><span style=&quot;font-size: 13px;&quot;>Кружевное винтажное платье с напуском на талии. Вырез лодочкой&nbsp;&nbsp;подчеркивает женственную и нежную линию плеч. &nbsp;&nbsp;</span></p>\n\n<p>&nbsp;</p>\n', 'gvinet', 'gvinet', 'a:36:{i:0;s:2:"38";i:1;s:2:"42";i:2;s:2:"43";i:3;s:2:"44";i:4;s:2:"45";i:5;s:2:"46";i:6;s:2:"47";i:7;s:2:"52";i:8;s:2:"53";i:9;s:2:"54";i:10;s:2:"55";i:11;s:2:"56";i:12;s:2:"57";i:13;s:2:"58";i:14;s:2:"59";i:15;s:2:"60";i:16;s:2:"61";i:17;s:2:"62";i:18;s:2:"63";i:19;s:2:"64";i:20;s:2:"49";i:21;s:2:"50";i:22;s:2:"51";i:23;s:2:"65";i:24;s:2:"66";i:25;s:2:"67";i:26;s:2:"68";i:27;s:2:"69";i:28;s:2:"70";i:29;s:2:"71";i:30;s:2:"74";i:31;s:2:"72";i:32;s:2:"75";i:33;s:2:"80";i:34;s:2:"82";i:35;s:2:"83";}', 'a:14:{i:0;s:2:"21";i:1;s:3:"171";i:2;s:3:"172";i:3;s:3:"182";i:4;s:3:"207";i:5;s:3:"211";i:6;s:3:"213";i:7;s:3:"217";i:8;s:3:"219";i:9;s:3:"221";i:10;s:3:"225";i:11;s:3:"230";i:12;s:3:"231";i:13;s:3:"232";}', 'a:36:{i:0;s:3:"177";i:1;s:3:"181";i:2;s:3:"183";i:3;s:3:"186";i:4;s:3:"187";i:5;s:3:"188";i:6;s:3:"189";i:7;s:3:"194";i:8;s:3:"195";i:9;s:3:"196";i:10;s:3:"197";i:11;s:3:"198";i:12;s:3:"199";i:13;s:3:"200";i:14;s:3:"201";i:15;s:3:"202";i:16;s:3:"203";i:17;s:3:"204";i:18;s:3:"205";i:19;s:3:"206";i:20;s:3:"191";i:21;s:3:"192";i:22;s:3:"193";i:23;s:3:"210";i:24;s:3:"212";i:25;s:3:"214";i:26;s:3:"215";i:27;s:3:"216";i:28;s:3:"218";i:29;s:3:"220";i:30;s:3:"223";i:31;s:3:"222";i:32;s:3:"226";i:33;s:3:"234";i:34;s:3:"238";i:35;s:3:"239";}', 'Gvinet', '<p><span style=&quot;font-size: 13px;&quot;>Мереживна вінтажна сукня з напуском на талії. Виріз човником виглядає&nbsp;жіночно та елегантно.</span></p>\n\n<p>&nbsp;</p>\n', 'gvinet'),
(20, 163, 2, 0, 10, 'Josephina', 'Josephina', '<p>Sophisticated A-line wedding dress with a full skirt in satin and decorated with lace and gemstone embroidery. Queen-like train in lace and satin makes this dress even more special.&nbsp;</p>\n', '<p><span style=&quot;font-size: 13px;&quot;>Изящное кружевное платье А-силуэта&nbsp;с атласной основой прекрасно дополненое расшитыми вручную&nbsp;камнями Swarovski. По-настоящему королевский шлейф&nbsp; делает это платье еще более изысканным.&nbsp;</span></p>\n\n<p>&nbsp;</p>\n', 'josephina', 'josephina', 'a:36:{i:0;s:2:"38";i:1;s:2:"42";i:2;s:2:"43";i:3;s:2:"44";i:4;s:2:"45";i:5;s:2:"46";i:6;s:2:"47";i:7;s:2:"52";i:8;s:2:"53";i:9;s:2:"54";i:10;s:2:"55";i:11;s:2:"56";i:12;s:2:"57";i:13;s:2:"58";i:14;s:2:"59";i:15;s:2:"60";i:16;s:2:"61";i:17;s:2:"62";i:18;s:2:"63";i:19;s:2:"64";i:20;s:2:"49";i:21;s:2:"50";i:22;s:2:"51";i:23;s:2:"65";i:24;s:2:"66";i:25;s:2:"67";i:26;s:2:"68";i:27;s:2:"69";i:28;s:2:"70";i:29;s:2:"71";i:30;s:2:"74";i:31;s:2:"72";i:32;s:2:"75";i:33;s:2:"80";i:34;s:2:"82";i:35;s:2:"83";}', 'a:14:{i:0;s:2:"21";i:1;s:3:"171";i:2;s:3:"172";i:3;s:3:"182";i:4;s:3:"207";i:5;s:3:"211";i:6;s:3:"213";i:7;s:3:"217";i:8;s:3:"219";i:9;s:3:"221";i:10;s:3:"225";i:11;s:3:"230";i:12;s:3:"231";i:13;s:3:"232";}', 'a:36:{i:0;s:3:"177";i:1;s:3:"181";i:2;s:3:"183";i:3;s:3:"186";i:4;s:3:"187";i:5;s:3:"188";i:6;s:3:"189";i:7;s:3:"194";i:8;s:3:"195";i:9;s:3:"196";i:10;s:3:"197";i:11;s:3:"198";i:12;s:3:"199";i:13;s:3:"200";i:14;s:3:"201";i:15;s:3:"202";i:16;s:3:"203";i:17;s:3:"204";i:18;s:3:"205";i:19;s:3:"206";i:20;s:3:"191";i:21;s:3:"192";i:22;s:3:"193";i:23;s:3:"210";i:24;s:3:"212";i:25;s:3:"214";i:26;s:3:"215";i:27;s:3:"216";i:28;s:3:"218";i:29;s:3:"220";i:30;s:3:"223";i:31;s:3:"222";i:32;s:3:"226";i:33;s:3:"234";i:34;s:3:"238";i:35;s:3:"239";}', 'Josephina', '<p><span style=&quot;font-size: 13px;&quot;>Витончена мереживна сукня А-силуету з атласною основою&nbsp;&nbsp;задекорована камінням Swarovski. По-справжньому&nbsp; королівський шлейф&nbsp;робить цю сукню ще більш особливою.</span></p>\n\n<p>&nbsp;</p>\n', 'josephina'),
(21, 163, 2, 0, 11, 'Lorenza', 'Lorenza', '<p>Gorgeous wedding dress with a sweetheart-neckline, full skirt and delicate lace. &nbsp;Light beading decorates the bodice and sleeves.&nbsp;</p>\n', '<p><span style=&quot;font-size: 13px;&quot;>Несравненное свадебное платье с сердцеобразным вырезом, пышной юбкой и деликатным кружевом. Нежная вышивка&nbsp;изящно украшает корсет и рукава.</span></p>\n\n<p>&nbsp;</p>\n', 'lorenza', 'lorenza', 'a:36:{i:0;s:2:"38";i:1;s:2:"42";i:2;s:2:"43";i:3;s:2:"44";i:4;s:2:"45";i:5;s:2:"46";i:6;s:2:"47";i:7;s:2:"52";i:8;s:2:"53";i:9;s:2:"54";i:10;s:2:"55";i:11;s:2:"56";i:12;s:2:"57";i:13;s:2:"58";i:14;s:2:"59";i:15;s:2:"60";i:16;s:2:"61";i:17;s:2:"62";i:18;s:2:"63";i:19;s:2:"64";i:20;s:2:"49";i:21;s:2:"50";i:22;s:2:"51";i:23;s:2:"65";i:24;s:2:"66";i:25;s:2:"67";i:26;s:2:"68";i:27;s:2:"69";i:28;s:2:"70";i:29;s:2:"71";i:30;s:2:"74";i:31;s:2:"72";i:32;s:2:"75";i:33;s:2:"80";i:34;s:2:"82";i:35;s:2:"83";}', 'a:14:{i:0;s:2:"21";i:1;s:3:"171";i:2;s:3:"172";i:3;s:3:"182";i:4;s:3:"207";i:5;s:3:"211";i:6;s:3:"213";i:7;s:3:"217";i:8;s:3:"219";i:9;s:3:"221";i:10;s:3:"225";i:11;s:3:"230";i:12;s:3:"231";i:13;s:3:"232";}', 'a:36:{i:0;s:3:"177";i:1;s:3:"181";i:2;s:3:"183";i:3;s:3:"186";i:4;s:3:"187";i:5;s:3:"188";i:6;s:3:"189";i:7;s:3:"194";i:8;s:3:"195";i:9;s:3:"196";i:10;s:3:"197";i:11;s:3:"198";i:12;s:3:"199";i:13;s:3:"200";i:14;s:3:"201";i:15;s:3:"202";i:16;s:3:"203";i:17;s:3:"204";i:18;s:3:"205";i:19;s:3:"206";i:20;s:3:"191";i:21;s:3:"192";i:22;s:3:"193";i:23;s:3:"210";i:24;s:3:"212";i:25;s:3:"214";i:26;s:3:"215";i:27;s:3:"216";i:28;s:3:"218";i:29;s:3:"220";i:30;s:3:"223";i:31;s:3:"222";i:32;s:3:"226";i:33;s:3:"234";i:34;s:3:"238";i:35;s:3:"239";}', 'Lorenza', '<p><span style=&quot;font-size: 13px;&quot;>&nbsp;Незрівнянна весільна сукня з вирізом &ldquo;сердечко&rdquo;, пишною спідницею та делікатним мереживом.&nbsp; Ніжна розшивка витончено прикрашає корсет та рукави.&nbsp;</span></p>\n\n<p>&nbsp;</p>\n', 'lorenza'),
(22, 163, 2, 0, 8, 'Sesille', 'Sesille', '<p>Transformer mermaid dress in tulle and lace with a detachable tulle train. &nbsp;Elongated bodice perfectly hugs the hips showing-off the curves. Tulle train hemmed with lace details makes the look even more romantic.</p>\n', '<p><span style=&quot;font-size: 13px;&quot;>Платье трансформер в стиле &quot;рыбка&quot; со съемным&nbsp;шлейфом из тюля и кружевными аппликациями. Удлиненный корсет идеально облегает&nbsp;бедра,&nbsp;прекрасно подчеркивая фигуру. Съемный&nbsp;шлейф украшенный кружевными деталями добавляет романтическую нотку в образ.</span></p>\n\n<p>&nbsp;</p>\n', 'sesille', 'sesille', 'a:36:{i:0;s:2:"38";i:1;s:2:"42";i:2;s:2:"43";i:3;s:2:"44";i:4;s:2:"45";i:5;s:2:"46";i:6;s:2:"47";i:7;s:2:"52";i:8;s:2:"53";i:9;s:2:"54";i:10;s:2:"55";i:11;s:2:"56";i:12;s:2:"57";i:13;s:2:"58";i:14;s:2:"59";i:15;s:2:"60";i:16;s:2:"61";i:17;s:2:"62";i:18;s:2:"63";i:19;s:2:"64";i:20;s:2:"49";i:21;s:2:"50";i:22;s:2:"51";i:23;s:2:"65";i:24;s:2:"66";i:25;s:2:"67";i:26;s:2:"68";i:27;s:2:"69";i:28;s:2:"70";i:29;s:2:"71";i:30;s:2:"74";i:31;s:2:"72";i:32;s:2:"75";i:33;s:2:"80";i:34;s:2:"82";i:35;s:2:"83";}', 'a:14:{i:0;s:2:"21";i:1;s:3:"171";i:2;s:3:"172";i:3;s:3:"182";i:4;s:3:"207";i:5;s:3:"211";i:6;s:3:"213";i:7;s:3:"217";i:8;s:3:"219";i:9;s:3:"221";i:10;s:3:"225";i:11;s:3:"230";i:12;s:3:"231";i:13;s:3:"232";}', 'a:36:{i:0;s:3:"177";i:1;s:3:"181";i:2;s:3:"183";i:3;s:3:"186";i:4;s:3:"187";i:5;s:3:"188";i:6;s:3:"189";i:7;s:3:"194";i:8;s:3:"195";i:9;s:3:"196";i:10;s:3:"197";i:11;s:3:"198";i:12;s:3:"199";i:13;s:3:"200";i:14;s:3:"201";i:15;s:3:"202";i:16;s:3:"203";i:17;s:3:"204";i:18;s:3:"205";i:19;s:3:"206";i:20;s:3:"191";i:21;s:3:"192";i:22;s:3:"193";i:23;s:3:"210";i:24;s:3:"212";i:25;s:3:"214";i:26;s:3:"215";i:27;s:3:"216";i:28;s:3:"218";i:29;s:3:"220";i:30;s:3:"223";i:31;s:3:"222";i:32;s:3:"226";i:33;s:3:"234";i:34;s:3:"238";i:35;s:3:"239";}', 'Sesille', '<p><span style=&quot;font-size: 13px;&quot;>Сукня трансформер у стилі &ldquo;рибка&rdquo; зі знімним&nbsp;шлейфом з фатину&nbsp;і мереживними аплікаціями. Подовжений корсет ідеально прилягає до бедр гарно підкреслюючи фігуру. Знімний&nbsp;шлейф оздоблений мереживними&nbsp;деталями додає романтичну нотку до образу.&nbsp;</span></p>\n\n<p>&nbsp;</p>\n', 'sesille'),
(23, 163, 2, 0, 14, 'Vallery', 'Vallery', '<p>Lace mermaid dress with satin sweetheart. Plunging V-back with sophisticated beading decoration.&nbsp;</p>\n', '<p><span style=&quot;font-size: 13px;&quot;>Кружевное платье в стиле &quot;рыбка&quot;. Сердцевидный вырез горловины подчеркивает нежный образ невесты.Утонченно-глубокий&nbsp;вырез на спине, украшенный изящными элементами расшитыми вручную бисером.</span></p>\n\n<p>&nbsp;</p>\n', 'vallery', 'vallery', 'a:36:{i:0;s:2:"38";i:1;s:2:"42";i:2;s:2:"43";i:3;s:2:"44";i:4;s:2:"45";i:5;s:2:"46";i:6;s:2:"47";i:7;s:2:"52";i:8;s:2:"53";i:9;s:2:"54";i:10;s:2:"55";i:11;s:2:"56";i:12;s:2:"57";i:13;s:2:"58";i:14;s:2:"59";i:15;s:2:"60";i:16;s:2:"61";i:17;s:2:"62";i:18;s:2:"63";i:19;s:2:"64";i:20;s:2:"49";i:21;s:2:"50";i:22;s:2:"51";i:23;s:2:"65";i:24;s:2:"66";i:25;s:2:"67";i:26;s:2:"68";i:27;s:2:"69";i:28;s:2:"70";i:29;s:2:"71";i:30;s:2:"74";i:31;s:2:"72";i:32;s:2:"75";i:33;s:2:"80";i:34;s:2:"82";i:35;s:2:"83";}', 'a:14:{i:0;s:2:"21";i:1;s:3:"171";i:2;s:3:"172";i:3;s:3:"182";i:4;s:3:"207";i:5;s:3:"211";i:6;s:3:"213";i:7;s:3:"217";i:8;s:3:"219";i:9;s:3:"221";i:10;s:3:"225";i:11;s:3:"230";i:12;s:3:"231";i:13;s:3:"232";}', 'a:36:{i:0;s:3:"177";i:1;s:3:"181";i:2;s:3:"183";i:3;s:3:"186";i:4;s:3:"187";i:5;s:3:"188";i:6;s:3:"189";i:7;s:3:"194";i:8;s:3:"195";i:9;s:3:"196";i:10;s:3:"197";i:11;s:3:"198";i:12;s:3:"199";i:13;s:3:"200";i:14;s:3:"201";i:15;s:3:"202";i:16;s:3:"203";i:17;s:3:"204";i:18;s:3:"205";i:19;s:3:"206";i:20;s:3:"191";i:21;s:3:"192";i:22;s:3:"193";i:23;s:3:"210";i:24;s:3:"212";i:25;s:3:"214";i:26;s:3:"215";i:27;s:3:"216";i:28;s:3:"218";i:29;s:3:"220";i:30;s:3:"223";i:31;s:3:"222";i:32;s:3:"226";i:33;s:3:"234";i:34;s:3:"238";i:35;s:3:"239";}', 'Vallery', '<p><span style=&quot;font-size: 13px;&quot;>Мереживна сукня у стилі &ldquo;рибка&rdquo;. Атлас на горловині має серцеподібний виріз.Витончений-глибокий виріз на спинці прикрашено &nbsp;деталями вручну розшитими бісером.&nbsp;</span></p>\n\n<p>&nbsp;</p>\n', 'vallery'),
(24, 163, 2, 0, 13, 'Virginia', 'Virginia', '<p>Straight, all-over lace transformer dress in&nbsp; misty rose with a detachable tulle train. Skin-colour net on the neckline and the back creates an amazing illusion.&nbsp;</p>\n', '<p><span style=&quot;font-size: 13px;&quot;>Прямое кружевное платье-траснформер цвета пудры со съемным&nbsp;шлейфом из фатина. Нежная сеточка&nbsp;на горловине и спине&nbsp;телесного цвета&nbsp;создает удивительную иллюзию легкости.</span></p>\n\n<p>&nbsp;</p>\n', 'virginia', 'virginia', 'a:36:{i:0;s:2:"38";i:1;s:2:"42";i:2;s:2:"43";i:3;s:2:"44";i:4;s:2:"45";i:5;s:2:"46";i:6;s:2:"47";i:7;s:2:"52";i:8;s:2:"53";i:9;s:2:"54";i:10;s:2:"55";i:11;s:2:"56";i:12;s:2:"57";i:13;s:2:"58";i:14;s:2:"59";i:15;s:2:"60";i:16;s:2:"61";i:17;s:2:"62";i:18;s:2:"63";i:19;s:2:"64";i:20;s:2:"49";i:21;s:2:"50";i:22;s:2:"51";i:23;s:2:"65";i:24;s:2:"66";i:25;s:2:"67";i:26;s:2:"68";i:27;s:2:"69";i:28;s:2:"70";i:29;s:2:"71";i:30;s:2:"74";i:31;s:2:"72";i:32;s:2:"75";i:33;s:2:"80";i:34;s:2:"82";i:35;s:2:"83";}', 'a:14:{i:0;s:2:"21";i:1;s:3:"171";i:2;s:3:"172";i:3;s:3:"182";i:4;s:3:"207";i:5;s:3:"211";i:6;s:3:"213";i:7;s:3:"217";i:8;s:3:"219";i:9;s:3:"221";i:10;s:3:"225";i:11;s:3:"230";i:12;s:3:"231";i:13;s:3:"232";}', 'a:36:{i:0;s:3:"177";i:1;s:3:"181";i:2;s:3:"183";i:3;s:3:"186";i:4;s:3:"187";i:5;s:3:"188";i:6;s:3:"189";i:7;s:3:"194";i:8;s:3:"195";i:9;s:3:"196";i:10;s:3:"197";i:11;s:3:"198";i:12;s:3:"199";i:13;s:3:"200";i:14;s:3:"201";i:15;s:3:"202";i:16;s:3:"203";i:17;s:3:"204";i:18;s:3:"205";i:19;s:3:"206";i:20;s:3:"191";i:21;s:3:"192";i:22;s:3:"193";i:23;s:3:"210";i:24;s:3:"212";i:25;s:3:"214";i:26;s:3:"215";i:27;s:3:"216";i:28;s:3:"218";i:29;s:3:"220";i:30;s:3:"223";i:31;s:3:"222";i:32;s:3:"226";i:33;s:3:"234";i:34;s:3:"238";i:35;s:3:"239";}', 'Virginia', '<p><span style=&quot;font-size: 13px;&quot;>Пряма мереживна сукня-траснформер&nbsp; кольору пудри зі знімним&nbsp;шлейфом з фатину. Сіточка на горловині та спинці кольору шкіри створює дивовижну ілюзію легкості.&nbsp;</span></p>\n\n<p>&nbsp;</p>\n', 'virginia'),
(26, 66, 19, 0, 7, 'Flavie', 'Flavie', '', '', 'flavie', 'flavie', 'a:33:{i:0;s:2:"38";i:1;s:2:"42";i:2;s:2:"43";i:3;s:2:"44";i:4;s:2:"45";i:5;s:2:"46";i:6;s:2:"47";i:7;s:2:"52";i:8;s:2:"53";i:9;s:2:"54";i:10;s:2:"55";i:11;s:2:"56";i:12;s:2:"57";i:13;s:2:"58";i:14;s:2:"59";i:15;s:2:"60";i:16;s:2:"61";i:17;s:2:"62";i:18;s:2:"63";i:19;s:2:"64";i:20;s:2:"49";i:21;s:2:"50";i:22;s:2:"51";i:23;s:2:"65";i:24;s:2:"66";i:25;s:2:"67";i:26;s:2:"68";i:27;s:2:"69";i:28;s:2:"70";i:29;s:2:"71";i:30;s:2:"74";i:31;s:2:"72";i:32;s:2:"75";}', 'a:11:{i:0;s:2:"21";i:1;s:3:"171";i:2;s:3:"172";i:3;s:3:"182";i:4;s:3:"207";i:5;s:3:"211";i:6;s:3:"213";i:7;s:3:"217";i:8;s:3:"219";i:9;s:3:"221";i:10;s:3:"225";}', 'a:33:{i:0;s:3:"177";i:1;s:3:"181";i:2;s:3:"183";i:3;s:3:"186";i:4;s:3:"187";i:5;s:3:"188";i:6;s:3:"189";i:7;s:3:"194";i:8;s:3:"195";i:9;s:3:"196";i:10;s:3:"197";i:11;s:3:"198";i:12;s:3:"199";i:13;s:3:"200";i:14;s:3:"201";i:15;s:3:"202";i:16;s:3:"203";i:17;s:3:"204";i:18;s:3:"205";i:19;s:3:"206";i:20;s:3:"191";i:21;s:3:"192";i:22;s:3:"193";i:23;s:3:"210";i:24;s:3:"212";i:25;s:3:"214";i:26;s:3:"215";i:27;s:3:"216";i:28;s:3:"218";i:29;s:3:"220";i:30;s:3:"223";i:31;s:3:"222";i:32;s:3:"226";}', 'Flavie', '', 'flavie'),
(27, 66, 19, 0, 8, 'Fleur', 'Fleur', '', '', 'fleur', 'fleur', 'a:33:{i:0;s:2:"38";i:1;s:2:"42";i:2;s:2:"43";i:3;s:2:"44";i:4;s:2:"45";i:5;s:2:"46";i:6;s:2:"47";i:7;s:2:"52";i:8;s:2:"53";i:9;s:2:"54";i:10;s:2:"55";i:11;s:2:"56";i:12;s:2:"57";i:13;s:2:"58";i:14;s:2:"59";i:15;s:2:"60";i:16;s:2:"61";i:17;s:2:"62";i:18;s:2:"63";i:19;s:2:"64";i:20;s:2:"49";i:21;s:2:"50";i:22;s:2:"51";i:23;s:2:"65";i:24;s:2:"66";i:25;s:2:"67";i:26;s:2:"68";i:27;s:2:"69";i:28;s:2:"70";i:29;s:2:"71";i:30;s:2:"74";i:31;s:2:"72";i:32;s:2:"75";}', 'a:11:{i:0;s:2:"21";i:1;s:3:"171";i:2;s:3:"172";i:3;s:3:"182";i:4;s:3:"207";i:5;s:3:"211";i:6;s:3:"213";i:7;s:3:"217";i:8;s:3:"219";i:9;s:3:"221";i:10;s:3:"225";}', 'a:33:{i:0;s:3:"177";i:1;s:3:"181";i:2;s:3:"183";i:3;s:3:"186";i:4;s:3:"187";i:5;s:3:"188";i:6;s:3:"189";i:7;s:3:"194";i:8;s:3:"195";i:9;s:3:"196";i:10;s:3:"197";i:11;s:3:"198";i:12;s:3:"199";i:13;s:3:"200";i:14;s:3:"201";i:15;s:3:"202";i:16;s:3:"203";i:17;s:3:"204";i:18;s:3:"205";i:19;s:3:"206";i:20;s:3:"191";i:21;s:3:"192";i:22;s:3:"193";i:23;s:3:"210";i:24;s:3:"212";i:25;s:3:"214";i:26;s:3:"215";i:27;s:3:"216";i:28;s:3:"218";i:29;s:3:"220";i:30;s:3:"223";i:31;s:3:"222";i:32;s:3:"226";}', 'Fleur', '', 'fleur'),
(28, 66, 19, 0, 9, 'Flora', 'Flora', '', '', 'flora', 'flora', 'a:33:{i:0;s:2:"38";i:1;s:2:"42";i:2;s:2:"43";i:3;s:2:"44";i:4;s:2:"45";i:5;s:2:"46";i:6;s:2:"47";i:7;s:2:"52";i:8;s:2:"53";i:9;s:2:"54";i:10;s:2:"55";i:11;s:2:"56";i:12;s:2:"57";i:13;s:2:"58";i:14;s:2:"59";i:15;s:2:"60";i:16;s:2:"61";i:17;s:2:"62";i:18;s:2:"63";i:19;s:2:"64";i:20;s:2:"49";i:21;s:2:"50";i:22;s:2:"51";i:23;s:2:"65";i:24;s:2:"66";i:25;s:2:"67";i:26;s:2:"68";i:27;s:2:"69";i:28;s:2:"70";i:29;s:2:"71";i:30;s:2:"74";i:31;s:2:"72";i:32;s:2:"75";}', 'a:11:{i:0;s:2:"21";i:1;s:3:"171";i:2;s:3:"172";i:3;s:3:"182";i:4;s:3:"207";i:5;s:3:"211";i:6;s:3:"213";i:7;s:3:"217";i:8;s:3:"219";i:9;s:3:"221";i:10;s:3:"225";}', 'a:33:{i:0;s:3:"177";i:1;s:3:"181";i:2;s:3:"183";i:3;s:3:"186";i:4;s:3:"187";i:5;s:3:"188";i:6;s:3:"189";i:7;s:3:"194";i:8;s:3:"195";i:9;s:3:"196";i:10;s:3:"197";i:11;s:3:"198";i:12;s:3:"199";i:13;s:3:"200";i:14;s:3:"201";i:15;s:3:"202";i:16;s:3:"203";i:17;s:3:"204";i:18;s:3:"205";i:19;s:3:"206";i:20;s:3:"191";i:21;s:3:"192";i:22;s:3:"193";i:23;s:3:"210";i:24;s:3:"212";i:25;s:3:"214";i:26;s:3:"215";i:27;s:3:"216";i:28;s:3:"218";i:29;s:3:"220";i:30;s:3:"223";i:31;s:3:"222";i:32;s:3:"226";}', 'Flora', '', 'flora'),
(31, 66, 19, 0, 12, 'Florentina', 'Florentina', '', '', 'florentina', 'florentina', 'a:33:{i:0;s:2:"38";i:1;s:2:"42";i:2;s:2:"43";i:3;s:2:"44";i:4;s:2:"45";i:5;s:2:"46";i:6;s:2:"47";i:7;s:2:"52";i:8;s:2:"53";i:9;s:2:"54";i:10;s:2:"55";i:11;s:2:"56";i:12;s:2:"57";i:13;s:2:"58";i:14;s:2:"59";i:15;s:2:"60";i:16;s:2:"61";i:17;s:2:"62";i:18;s:2:"63";i:19;s:2:"64";i:20;s:2:"49";i:21;s:2:"50";i:22;s:2:"51";i:23;s:2:"65";i:24;s:2:"66";i:25;s:2:"67";i:26;s:2:"68";i:27;s:2:"69";i:28;s:2:"70";i:29;s:2:"71";i:30;s:2:"74";i:31;s:2:"72";i:32;s:2:"75";}', 'a:11:{i:0;s:2:"21";i:1;s:3:"171";i:2;s:3:"172";i:3;s:3:"182";i:4;s:3:"207";i:5;s:3:"211";i:6;s:3:"213";i:7;s:3:"217";i:8;s:3:"219";i:9;s:3:"221";i:10;s:3:"225";}', 'a:33:{i:0;s:3:"177";i:1;s:3:"181";i:2;s:3:"183";i:3;s:3:"186";i:4;s:3:"187";i:5;s:3:"188";i:6;s:3:"189";i:7;s:3:"194";i:8;s:3:"195";i:9;s:3:"196";i:10;s:3:"197";i:11;s:3:"198";i:12;s:3:"199";i:13;s:3:"200";i:14;s:3:"201";i:15;s:3:"202";i:16;s:3:"203";i:17;s:3:"204";i:18;s:3:"205";i:19;s:3:"206";i:20;s:3:"191";i:21;s:3:"192";i:22;s:3:"193";i:23;s:3:"210";i:24;s:3:"212";i:25;s:3:"214";i:26;s:3:"215";i:27;s:3:"216";i:28;s:3:"218";i:29;s:3:"220";i:30;s:3:"223";i:31;s:3:"222";i:32;s:3:"226";}', 'Florentina', '', 'florentina'),
(32, 66, 19, 0, 13, 'Holly', 'Holly', '', '', 'holly', 'holly', 'a:33:{i:0;s:2:"38";i:1;s:2:"42";i:2;s:2:"43";i:3;s:2:"44";i:4;s:2:"45";i:5;s:2:"46";i:6;s:2:"47";i:7;s:2:"52";i:8;s:2:"53";i:9;s:2:"54";i:10;s:2:"55";i:11;s:2:"56";i:12;s:2:"57";i:13;s:2:"58";i:14;s:2:"59";i:15;s:2:"60";i:16;s:2:"61";i:17;s:2:"62";i:18;s:2:"63";i:19;s:2:"64";i:20;s:2:"49";i:21;s:2:"50";i:22;s:2:"51";i:23;s:2:"65";i:24;s:2:"66";i:25;s:2:"67";i:26;s:2:"68";i:27;s:2:"69";i:28;s:2:"70";i:29;s:2:"71";i:30;s:2:"74";i:31;s:2:"72";i:32;s:2:"75";}', 'a:11:{i:0;s:2:"21";i:1;s:3:"171";i:2;s:3:"172";i:3;s:3:"182";i:4;s:3:"207";i:5;s:3:"211";i:6;s:3:"213";i:7;s:3:"217";i:8;s:3:"219";i:9;s:3:"221";i:10;s:3:"225";}', 'a:33:{i:0;s:3:"177";i:1;s:3:"181";i:2;s:3:"183";i:3;s:3:"186";i:4;s:3:"187";i:5;s:3:"188";i:6;s:3:"189";i:7;s:3:"194";i:8;s:3:"195";i:9;s:3:"196";i:10;s:3:"197";i:11;s:3:"198";i:12;s:3:"199";i:13;s:3:"200";i:14;s:3:"201";i:15;s:3:"202";i:16;s:3:"203";i:17;s:3:"204";i:18;s:3:"205";i:19;s:3:"206";i:20;s:3:"191";i:21;s:3:"192";i:22;s:3:"193";i:23;s:3:"210";i:24;s:3:"212";i:25;s:3:"214";i:26;s:3:"215";i:27;s:3:"216";i:28;s:3:"218";i:29;s:3:"220";i:30;s:3:"223";i:31;s:3:"222";i:32;s:3:"226";}', 'Holly', '', 'holly'),
(33, 66, 19, 0, 14, 'Ivana', 'Ivana', '', '', 'ivana', 'ivana', 'a:33:{i:0;s:2:"38";i:1;s:2:"42";i:2;s:2:"43";i:3;s:2:"44";i:4;s:2:"45";i:5;s:2:"46";i:6;s:2:"47";i:7;s:2:"52";i:8;s:2:"53";i:9;s:2:"54";i:10;s:2:"55";i:11;s:2:"56";i:12;s:2:"57";i:13;s:2:"58";i:14;s:2:"59";i:15;s:2:"60";i:16;s:2:"61";i:17;s:2:"62";i:18;s:2:"63";i:19;s:2:"64";i:20;s:2:"49";i:21;s:2:"50";i:22;s:2:"51";i:23;s:2:"65";i:24;s:2:"66";i:25;s:2:"67";i:26;s:2:"68";i:27;s:2:"69";i:28;s:2:"70";i:29;s:2:"71";i:30;s:2:"74";i:31;s:2:"72";i:32;s:2:"75";}', 'a:11:{i:0;s:2:"21";i:1;s:3:"171";i:2;s:3:"172";i:3;s:3:"182";i:4;s:3:"207";i:5;s:3:"211";i:6;s:3:"213";i:7;s:3:"217";i:8;s:3:"219";i:9;s:3:"221";i:10;s:3:"225";}', 'a:33:{i:0;s:3:"177";i:1;s:3:"181";i:2;s:3:"183";i:3;s:3:"186";i:4;s:3:"187";i:5;s:3:"188";i:6;s:3:"189";i:7;s:3:"194";i:8;s:3:"195";i:9;s:3:"196";i:10;s:3:"197";i:11;s:3:"198";i:12;s:3:"199";i:13;s:3:"200";i:14;s:3:"201";i:15;s:3:"202";i:16;s:3:"203";i:17;s:3:"204";i:18;s:3:"205";i:19;s:3:"206";i:20;s:3:"191";i:21;s:3:"192";i:22;s:3:"193";i:23;s:3:"210";i:24;s:3:"212";i:25;s:3:"214";i:26;s:3:"215";i:27;s:3:"216";i:28;s:3:"218";i:29;s:3:"220";i:30;s:3:"223";i:31;s:3:"222";i:32;s:3:"226";}', 'Ivana', '', 'ivana'),
(34, 66, 19, 0, 15, 'Leonella', 'Leonella', '', '', 'leonella', 'leonella', 'a:33:{i:0;s:2:"38";i:1;s:2:"42";i:2;s:2:"43";i:3;s:2:"44";i:4;s:2:"45";i:5;s:2:"46";i:6;s:2:"47";i:7;s:2:"52";i:8;s:2:"53";i:9;s:2:"54";i:10;s:2:"55";i:11;s:2:"56";i:12;s:2:"57";i:13;s:2:"58";i:14;s:2:"59";i:15;s:2:"60";i:16;s:2:"61";i:17;s:2:"62";i:18;s:2:"63";i:19;s:2:"64";i:20;s:2:"49";i:21;s:2:"50";i:22;s:2:"51";i:23;s:2:"65";i:24;s:2:"66";i:25;s:2:"67";i:26;s:2:"68";i:27;s:2:"69";i:28;s:2:"70";i:29;s:2:"71";i:30;s:2:"74";i:31;s:2:"72";i:32;s:2:"75";}', 'a:11:{i:0;s:2:"21";i:1;s:3:"171";i:2;s:3:"172";i:3;s:3:"182";i:4;s:3:"207";i:5;s:3:"211";i:6;s:3:"213";i:7;s:3:"217";i:8;s:3:"219";i:9;s:3:"221";i:10;s:3:"225";}', 'a:33:{i:0;s:3:"177";i:1;s:3:"181";i:2;s:3:"183";i:3;s:3:"186";i:4;s:3:"187";i:5;s:3:"188";i:6;s:3:"189";i:7;s:3:"194";i:8;s:3:"195";i:9;s:3:"196";i:10;s:3:"197";i:11;s:3:"198";i:12;s:3:"199";i:13;s:3:"200";i:14;s:3:"201";i:15;s:3:"202";i:16;s:3:"203";i:17;s:3:"204";i:18;s:3:"205";i:19;s:3:"206";i:20;s:3:"191";i:21;s:3:"192";i:22;s:3:"193";i:23;s:3:"210";i:24;s:3:"212";i:25;s:3:"214";i:26;s:3:"215";i:27;s:3:"216";i:28;s:3:"218";i:29;s:3:"220";i:30;s:3:"223";i:31;s:3:"222";i:32;s:3:"226";}', 'Leonella', '', 'leonella'),
(35, 66, 19, 0, 11, 'Maddison', 'Maddison', '', '', 'maddison', 'maddison', 'a:33:{i:0;s:2:"38";i:1;s:2:"42";i:2;s:2:"43";i:3;s:2:"44";i:4;s:2:"45";i:5;s:2:"46";i:6;s:2:"47";i:7;s:2:"52";i:8;s:2:"53";i:9;s:2:"54";i:10;s:2:"55";i:11;s:2:"56";i:12;s:2:"57";i:13;s:2:"58";i:14;s:2:"59";i:15;s:2:"60";i:16;s:2:"61";i:17;s:2:"62";i:18;s:2:"63";i:19;s:2:"64";i:20;s:2:"49";i:21;s:2:"50";i:22;s:2:"51";i:23;s:2:"65";i:24;s:2:"66";i:25;s:2:"67";i:26;s:2:"68";i:27;s:2:"69";i:28;s:2:"70";i:29;s:2:"71";i:30;s:2:"74";i:31;s:2:"72";i:32;s:2:"75";}', 'a:11:{i:0;s:2:"21";i:1;s:3:"171";i:2;s:3:"172";i:3;s:3:"182";i:4;s:3:"207";i:5;s:3:"211";i:6;s:3:"213";i:7;s:3:"217";i:8;s:3:"219";i:9;s:3:"221";i:10;s:3:"225";}', 'a:33:{i:0;s:3:"177";i:1;s:3:"181";i:2;s:3:"183";i:3;s:3:"186";i:4;s:3:"187";i:5;s:3:"188";i:6;s:3:"189";i:7;s:3:"194";i:8;s:3:"195";i:9;s:3:"196";i:10;s:3:"197";i:11;s:3:"198";i:12;s:3:"199";i:13;s:3:"200";i:14;s:3:"201";i:15;s:3:"202";i:16;s:3:"203";i:17;s:3:"204";i:18;s:3:"205";i:19;s:3:"206";i:20;s:3:"191";i:21;s:3:"192";i:22;s:3:"193";i:23;s:3:"210";i:24;s:3:"212";i:25;s:3:"214";i:26;s:3:"215";i:27;s:3:"216";i:28;s:3:"218";i:29;s:3:"220";i:30;s:3:"223";i:31;s:3:"222";i:32;s:3:"226";}', 'Maddison', '', 'maddison'),
(36, 66, 19, 0, 16, 'Maya', 'Maya', '', '', 'maya', 'maya', 'a:33:{i:0;s:2:"38";i:1;s:2:"42";i:2;s:2:"43";i:3;s:2:"44";i:4;s:2:"45";i:5;s:2:"46";i:6;s:2:"47";i:7;s:2:"52";i:8;s:2:"53";i:9;s:2:"54";i:10;s:2:"55";i:11;s:2:"56";i:12;s:2:"57";i:13;s:2:"58";i:14;s:2:"59";i:15;s:2:"60";i:16;s:2:"61";i:17;s:2:"62";i:18;s:2:"63";i:19;s:2:"64";i:20;s:2:"49";i:21;s:2:"50";i:22;s:2:"51";i:23;s:2:"65";i:24;s:2:"66";i:25;s:2:"67";i:26;s:2:"68";i:27;s:2:"69";i:28;s:2:"70";i:29;s:2:"71";i:30;s:2:"74";i:31;s:2:"72";i:32;s:2:"75";}', 'a:11:{i:0;s:2:"21";i:1;s:3:"171";i:2;s:3:"172";i:3;s:3:"182";i:4;s:3:"207";i:5;s:3:"211";i:6;s:3:"213";i:7;s:3:"217";i:8;s:3:"219";i:9;s:3:"221";i:10;s:3:"225";}', 'a:33:{i:0;s:3:"177";i:1;s:3:"181";i:2;s:3:"183";i:3;s:3:"186";i:4;s:3:"187";i:5;s:3:"188";i:6;s:3:"189";i:7;s:3:"194";i:8;s:3:"195";i:9;s:3:"196";i:10;s:3:"197";i:11;s:3:"198";i:12;s:3:"199";i:13;s:3:"200";i:14;s:3:"201";i:15;s:3:"202";i:16;s:3:"203";i:17;s:3:"204";i:18;s:3:"205";i:19;s:3:"206";i:20;s:3:"191";i:21;s:3:"192";i:22;s:3:"193";i:23;s:3:"210";i:24;s:3:"212";i:25;s:3:"214";i:26;s:3:"215";i:27;s:3:"216";i:28;s:3:"218";i:29;s:3:"220";i:30;s:3:"223";i:31;s:3:"222";i:32;s:3:"226";}', 'Maya', '', 'maya'),
(37, 66, 19, 0, 17, 'Miriam', 'Miriam', '', '', 'miriam', 'miriam', 'a:33:{i:0;s:2:"38";i:1;s:2:"42";i:2;s:2:"43";i:3;s:2:"44";i:4;s:2:"45";i:5;s:2:"46";i:6;s:2:"47";i:7;s:2:"52";i:8;s:2:"53";i:9;s:2:"54";i:10;s:2:"55";i:11;s:2:"56";i:12;s:2:"57";i:13;s:2:"58";i:14;s:2:"59";i:15;s:2:"60";i:16;s:2:"61";i:17;s:2:"62";i:18;s:2:"63";i:19;s:2:"64";i:20;s:2:"49";i:21;s:2:"50";i:22;s:2:"51";i:23;s:2:"65";i:24;s:2:"66";i:25;s:2:"67";i:26;s:2:"68";i:27;s:2:"69";i:28;s:2:"70";i:29;s:2:"71";i:30;s:2:"74";i:31;s:2:"72";i:32;s:2:"75";}', 'a:11:{i:0;s:2:"21";i:1;s:3:"171";i:2;s:3:"172";i:3;s:3:"182";i:4;s:3:"207";i:5;s:3:"211";i:6;s:3:"213";i:7;s:3:"217";i:8;s:3:"219";i:9;s:3:"221";i:10;s:3:"225";}', 'a:33:{i:0;s:3:"177";i:1;s:3:"181";i:2;s:3:"183";i:3;s:3:"186";i:4;s:3:"187";i:5;s:3:"188";i:6;s:3:"189";i:7;s:3:"194";i:8;s:3:"195";i:9;s:3:"196";i:10;s:3:"197";i:11;s:3:"198";i:12;s:3:"199";i:13;s:3:"200";i:14;s:3:"201";i:15;s:3:"202";i:16;s:3:"203";i:17;s:3:"204";i:18;s:3:"205";i:19;s:3:"206";i:20;s:3:"191";i:21;s:3:"192";i:22;s:3:"193";i:23;s:3:"210";i:24;s:3:"212";i:25;s:3:"214";i:26;s:3:"215";i:27;s:3:"216";i:28;s:3:"218";i:29;s:3:"220";i:30;s:3:"223";i:31;s:3:"222";i:32;s:3:"226";}', 'Miriam', '', 'miriam'),
(38, 66, 19, 0, 18, 'Nellie', 'Nellie', '', '', 'nellie', 'nellie', 'a:33:{i:0;s:2:"38";i:1;s:2:"42";i:2;s:2:"43";i:3;s:2:"44";i:4;s:2:"45";i:5;s:2:"46";i:6;s:2:"47";i:7;s:2:"52";i:8;s:2:"53";i:9;s:2:"54";i:10;s:2:"55";i:11;s:2:"56";i:12;s:2:"57";i:13;s:2:"58";i:14;s:2:"59";i:15;s:2:"60";i:16;s:2:"61";i:17;s:2:"62";i:18;s:2:"63";i:19;s:2:"64";i:20;s:2:"49";i:21;s:2:"50";i:22;s:2:"51";i:23;s:2:"65";i:24;s:2:"66";i:25;s:2:"67";i:26;s:2:"68";i:27;s:2:"69";i:28;s:2:"70";i:29;s:2:"71";i:30;s:2:"74";i:31;s:2:"72";i:32;s:2:"75";}', 'a:11:{i:0;s:2:"21";i:1;s:3:"171";i:2;s:3:"172";i:3;s:3:"182";i:4;s:3:"207";i:5;s:3:"211";i:6;s:3:"213";i:7;s:3:"217";i:8;s:3:"219";i:9;s:3:"221";i:10;s:3:"225";}', 'a:33:{i:0;s:3:"177";i:1;s:3:"181";i:2;s:3:"183";i:3;s:3:"186";i:4;s:3:"187";i:5;s:3:"188";i:6;s:3:"189";i:7;s:3:"194";i:8;s:3:"195";i:9;s:3:"196";i:10;s:3:"197";i:11;s:3:"198";i:12;s:3:"199";i:13;s:3:"200";i:14;s:3:"201";i:15;s:3:"202";i:16;s:3:"203";i:17;s:3:"204";i:18;s:3:"205";i:19;s:3:"206";i:20;s:3:"191";i:21;s:3:"192";i:22;s:3:"193";i:23;s:3:"210";i:24;s:3:"212";i:25;s:3:"214";i:26;s:3:"215";i:27;s:3:"216";i:28;s:3:"218";i:29;s:3:"220";i:30;s:3:"223";i:31;s:3:"222";i:32;s:3:"226";}', 'Nellie', '', 'nellie'),
(39, 66, 19, 0, 19, 'Nicki', 'Nicki', '', '', 'nicki', 'nicki', 'a:33:{i:0;s:2:"38";i:1;s:2:"42";i:2;s:2:"43";i:3;s:2:"44";i:4;s:2:"45";i:5;s:2:"46";i:6;s:2:"47";i:7;s:2:"52";i:8;s:2:"53";i:9;s:2:"54";i:10;s:2:"55";i:11;s:2:"56";i:12;s:2:"57";i:13;s:2:"58";i:14;s:2:"59";i:15;s:2:"60";i:16;s:2:"61";i:17;s:2:"62";i:18;s:2:"63";i:19;s:2:"64";i:20;s:2:"49";i:21;s:2:"50";i:22;s:2:"51";i:23;s:2:"65";i:24;s:2:"66";i:25;s:2:"67";i:26;s:2:"68";i:27;s:2:"69";i:28;s:2:"70";i:29;s:2:"71";i:30;s:2:"74";i:31;s:2:"72";i:32;s:2:"75";}', 'a:11:{i:0;s:2:"21";i:1;s:3:"171";i:2;s:3:"172";i:3;s:3:"182";i:4;s:3:"207";i:5;s:3:"211";i:6;s:3:"213";i:7;s:3:"217";i:8;s:3:"219";i:9;s:3:"221";i:10;s:3:"225";}', 'a:33:{i:0;s:3:"177";i:1;s:3:"181";i:2;s:3:"183";i:3;s:3:"186";i:4;s:3:"187";i:5;s:3:"188";i:6;s:3:"189";i:7;s:3:"194";i:8;s:3:"195";i:9;s:3:"196";i:10;s:3:"197";i:11;s:3:"198";i:12;s:3:"199";i:13;s:3:"200";i:14;s:3:"201";i:15;s:3:"202";i:16;s:3:"203";i:17;s:3:"204";i:18;s:3:"205";i:19;s:3:"206";i:20;s:3:"191";i:21;s:3:"192";i:22;s:3:"193";i:23;s:3:"210";i:24;s:3:"212";i:25;s:3:"214";i:26;s:3:"215";i:27;s:3:"216";i:28;s:3:"218";i:29;s:3:"220";i:30;s:3:"223";i:31;s:3:"222";i:32;s:3:"226";}', 'Nicki', '', 'nicki'),
(40, 66, 19, 0, 20, 'Noemi', 'Noemi', '', '', 'noemi', 'noemi', 'a:33:{i:0;s:2:"38";i:1;s:2:"42";i:2;s:2:"43";i:3;s:2:"44";i:4;s:2:"45";i:5;s:2:"46";i:6;s:2:"47";i:7;s:2:"52";i:8;s:2:"53";i:9;s:2:"54";i:10;s:2:"55";i:11;s:2:"56";i:12;s:2:"57";i:13;s:2:"58";i:14;s:2:"59";i:15;s:2:"60";i:16;s:2:"61";i:17;s:2:"62";i:18;s:2:"63";i:19;s:2:"64";i:20;s:2:"49";i:21;s:2:"50";i:22;s:2:"51";i:23;s:2:"65";i:24;s:2:"66";i:25;s:2:"67";i:26;s:2:"68";i:27;s:2:"69";i:28;s:2:"70";i:29;s:2:"71";i:30;s:2:"74";i:31;s:2:"72";i:32;s:2:"75";}', 'a:11:{i:0;s:2:"21";i:1;s:3:"171";i:2;s:3:"172";i:3;s:3:"182";i:4;s:3:"207";i:5;s:3:"211";i:6;s:3:"213";i:7;s:3:"217";i:8;s:3:"219";i:9;s:3:"221";i:10;s:3:"225";}', 'a:33:{i:0;s:3:"177";i:1;s:3:"181";i:2;s:3:"183";i:3;s:3:"186";i:4;s:3:"187";i:5;s:3:"188";i:6;s:3:"189";i:7;s:3:"194";i:8;s:3:"195";i:9;s:3:"196";i:10;s:3:"197";i:11;s:3:"198";i:12;s:3:"199";i:13;s:3:"200";i:14;s:3:"201";i:15;s:3:"202";i:16;s:3:"203";i:17;s:3:"204";i:18;s:3:"205";i:19;s:3:"206";i:20;s:3:"191";i:21;s:3:"192";i:22;s:3:"193";i:23;s:3:"210";i:24;s:3:"212";i:25;s:3:"214";i:26;s:3:"215";i:27;s:3:"216";i:28;s:3:"218";i:29;s:3:"220";i:30;s:3:"223";i:31;s:3:"222";i:32;s:3:"226";}', 'Noemi', '', 'noemi'),
(41, 66, 19, 0, 10, 'Sapphire', 'Sapphire', '', '', 'sapphire', 'sapphire', 'a:33:{i:0;s:2:"38";i:1;s:2:"42";i:2;s:2:"43";i:3;s:2:"44";i:4;s:2:"45";i:5;s:2:"46";i:6;s:2:"47";i:7;s:2:"52";i:8;s:2:"53";i:9;s:2:"54";i:10;s:2:"55";i:11;s:2:"56";i:12;s:2:"57";i:13;s:2:"58";i:14;s:2:"59";i:15;s:2:"60";i:16;s:2:"61";i:17;s:2:"62";i:18;s:2:"63";i:19;s:2:"64";i:20;s:2:"49";i:21;s:2:"50";i:22;s:2:"51";i:23;s:2:"65";i:24;s:2:"66";i:25;s:2:"67";i:26;s:2:"68";i:27;s:2:"69";i:28;s:2:"70";i:29;s:2:"71";i:30;s:2:"74";i:31;s:2:"72";i:32;s:2:"75";}', 'a:11:{i:0;s:2:"21";i:1;s:3:"171";i:2;s:3:"172";i:3;s:3:"182";i:4;s:3:"207";i:5;s:3:"211";i:6;s:3:"213";i:7;s:3:"217";i:8;s:3:"219";i:9;s:3:"221";i:10;s:3:"225";}', 'a:33:{i:0;s:3:"177";i:1;s:3:"181";i:2;s:3:"183";i:3;s:3:"186";i:4;s:3:"187";i:5;s:3:"188";i:6;s:3:"189";i:7;s:3:"194";i:8;s:3:"195";i:9;s:3:"196";i:10;s:3:"197";i:11;s:3:"198";i:12;s:3:"199";i:13;s:3:"200";i:14;s:3:"201";i:15;s:3:"202";i:16;s:3:"203";i:17;s:3:"204";i:18;s:3:"205";i:19;s:3:"206";i:20;s:3:"191";i:21;s:3:"192";i:22;s:3:"193";i:23;s:3:"210";i:24;s:3:"212";i:25;s:3:"214";i:26;s:3:"215";i:27;s:3:"216";i:28;s:3:"218";i:29;s:3:"220";i:30;s:3:"223";i:31;s:3:"222";i:32;s:3:"226";}', 'Sapphire', '', 'sapphire'),
(42, 66, 19, 0, 21, 'Sascha', 'Sascha', '', '', 'sascha', 'sascha', 'a:33:{i:0;s:2:"38";i:1;s:2:"42";i:2;s:2:"43";i:3;s:2:"44";i:4;s:2:"45";i:5;s:2:"46";i:6;s:2:"47";i:7;s:2:"52";i:8;s:2:"53";i:9;s:2:"54";i:10;s:2:"55";i:11;s:2:"56";i:12;s:2:"57";i:13;s:2:"58";i:14;s:2:"59";i:15;s:2:"60";i:16;s:2:"61";i:17;s:2:"62";i:18;s:2:"63";i:19;s:2:"64";i:20;s:2:"49";i:21;s:2:"50";i:22;s:2:"51";i:23;s:2:"65";i:24;s:2:"66";i:25;s:2:"67";i:26;s:2:"68";i:27;s:2:"69";i:28;s:2:"70";i:29;s:2:"71";i:30;s:2:"74";i:31;s:2:"72";i:32;s:2:"75";}', 'a:11:{i:0;s:2:"21";i:1;s:3:"171";i:2;s:3:"172";i:3;s:3:"182";i:4;s:3:"207";i:5;s:3:"211";i:6;s:3:"213";i:7;s:3:"217";i:8;s:3:"219";i:9;s:3:"221";i:10;s:3:"225";}', 'a:33:{i:0;s:3:"177";i:1;s:3:"181";i:2;s:3:"183";i:3;s:3:"186";i:4;s:3:"187";i:5;s:3:"188";i:6;s:3:"189";i:7;s:3:"194";i:8;s:3:"195";i:9;s:3:"196";i:10;s:3:"197";i:11;s:3:"198";i:12;s:3:"199";i:13;s:3:"200";i:14;s:3:"201";i:15;s:3:"202";i:16;s:3:"203";i:17;s:3:"204";i:18;s:3:"205";i:19;s:3:"206";i:20;s:3:"191";i:21;s:3:"192";i:22;s:3:"193";i:23;s:3:"210";i:24;s:3:"212";i:25;s:3:"214";i:26;s:3:"215";i:27;s:3:"216";i:28;s:3:"218";i:29;s:3:"220";i:30;s:3:"223";i:31;s:3:"222";i:32;s:3:"226";}', 'Sascha', '', 'sascha');
INSERT INTO `ko_catalog` (`catalog_id`, `menu_id`, `component_id`, `hidden`, `position`, `title_en`, `title_ru`, `text_en`, `text_ru`, `url_en`, `url_ru`, `shops`, `country`, `city`, `title_ua`, `text_ua`, `url_ua`) VALUES
(43, 66, 19, 0, 22, 'Sonia', 'Sonia', '', '', 'sonia', 'sonia', 'a:33:{i:0;s:2:"38";i:1;s:2:"42";i:2;s:2:"43";i:3;s:2:"44";i:4;s:2:"45";i:5;s:2:"46";i:6;s:2:"47";i:7;s:2:"52";i:8;s:2:"53";i:9;s:2:"54";i:10;s:2:"55";i:11;s:2:"56";i:12;s:2:"57";i:13;s:2:"58";i:14;s:2:"59";i:15;s:2:"60";i:16;s:2:"61";i:17;s:2:"62";i:18;s:2:"63";i:19;s:2:"64";i:20;s:2:"49";i:21;s:2:"50";i:22;s:2:"51";i:23;s:2:"65";i:24;s:2:"66";i:25;s:2:"67";i:26;s:2:"68";i:27;s:2:"69";i:28;s:2:"70";i:29;s:2:"71";i:30;s:2:"74";i:31;s:2:"72";i:32;s:2:"75";}', 'a:11:{i:0;s:2:"21";i:1;s:3:"171";i:2;s:3:"172";i:3;s:3:"182";i:4;s:3:"207";i:5;s:3:"211";i:6;s:3:"213";i:7;s:3:"217";i:8;s:3:"219";i:9;s:3:"221";i:10;s:3:"225";}', 'a:33:{i:0;s:3:"177";i:1;s:3:"181";i:2;s:3:"183";i:3;s:3:"186";i:4;s:3:"187";i:5;s:3:"188";i:6;s:3:"189";i:7;s:3:"194";i:8;s:3:"195";i:9;s:3:"196";i:10;s:3:"197";i:11;s:3:"198";i:12;s:3:"199";i:13;s:3:"200";i:14;s:3:"201";i:15;s:3:"202";i:16;s:3:"203";i:17;s:3:"204";i:18;s:3:"205";i:19;s:3:"206";i:20;s:3:"191";i:21;s:3:"192";i:22;s:3:"193";i:23;s:3:"210";i:24;s:3:"212";i:25;s:3:"214";i:26;s:3:"215";i:27;s:3:"216";i:28;s:3:"218";i:29;s:3:"220";i:30;s:3:"223";i:31;s:3:"222";i:32;s:3:"226";}', 'Sonia', '', 'sonia'),
(44, 66, 19, 0, 23, 'Stacie', 'Stacie', '', '', 'stacie', 'stacie', 'a:33:{i:0;s:2:"38";i:1;s:2:"42";i:2;s:2:"43";i:3;s:2:"44";i:4;s:2:"45";i:5;s:2:"46";i:6;s:2:"47";i:7;s:2:"52";i:8;s:2:"53";i:9;s:2:"54";i:10;s:2:"55";i:11;s:2:"56";i:12;s:2:"57";i:13;s:2:"58";i:14;s:2:"59";i:15;s:2:"60";i:16;s:2:"61";i:17;s:2:"62";i:18;s:2:"63";i:19;s:2:"64";i:20;s:2:"49";i:21;s:2:"50";i:22;s:2:"51";i:23;s:2:"65";i:24;s:2:"66";i:25;s:2:"67";i:26;s:2:"68";i:27;s:2:"69";i:28;s:2:"70";i:29;s:2:"71";i:30;s:2:"74";i:31;s:2:"72";i:32;s:2:"75";}', 'a:11:{i:0;s:2:"21";i:1;s:3:"171";i:2;s:3:"172";i:3;s:3:"182";i:4;s:3:"207";i:5;s:3:"211";i:6;s:3:"213";i:7;s:3:"217";i:8;s:3:"219";i:9;s:3:"221";i:10;s:3:"225";}', 'a:33:{i:0;s:3:"177";i:1;s:3:"181";i:2;s:3:"183";i:3;s:3:"186";i:4;s:3:"187";i:5;s:3:"188";i:6;s:3:"189";i:7;s:3:"194";i:8;s:3:"195";i:9;s:3:"196";i:10;s:3:"197";i:11;s:3:"198";i:12;s:3:"199";i:13;s:3:"200";i:14;s:3:"201";i:15;s:3:"202";i:16;s:3:"203";i:17;s:3:"204";i:18;s:3:"205";i:19;s:3:"206";i:20;s:3:"191";i:21;s:3:"192";i:22;s:3:"193";i:23;s:3:"210";i:24;s:3:"212";i:25;s:3:"214";i:26;s:3:"215";i:27;s:3:"216";i:28;s:3:"218";i:29;s:3:"220";i:30;s:3:"223";i:31;s:3:"222";i:32;s:3:"226";}', 'Stacie', '', 'stacie'),
(45, 66, 19, 0, 24, 'Tamika', 'Tamika', '', '', 'tamika', 'tamika', 'a:33:{i:0;s:2:"38";i:1;s:2:"42";i:2;s:2:"43";i:3;s:2:"44";i:4;s:2:"45";i:5;s:2:"46";i:6;s:2:"47";i:7;s:2:"52";i:8;s:2:"53";i:9;s:2:"54";i:10;s:2:"55";i:11;s:2:"56";i:12;s:2:"57";i:13;s:2:"58";i:14;s:2:"59";i:15;s:2:"60";i:16;s:2:"61";i:17;s:2:"62";i:18;s:2:"63";i:19;s:2:"64";i:20;s:2:"49";i:21;s:2:"50";i:22;s:2:"51";i:23;s:2:"65";i:24;s:2:"66";i:25;s:2:"67";i:26;s:2:"68";i:27;s:2:"69";i:28;s:2:"70";i:29;s:2:"71";i:30;s:2:"74";i:31;s:2:"72";i:32;s:2:"75";}', 'a:11:{i:0;s:2:"21";i:1;s:3:"171";i:2;s:3:"172";i:3;s:3:"182";i:4;s:3:"207";i:5;s:3:"211";i:6;s:3:"213";i:7;s:3:"217";i:8;s:3:"219";i:9;s:3:"221";i:10;s:3:"225";}', 'a:33:{i:0;s:3:"177";i:1;s:3:"181";i:2;s:3:"183";i:3;s:3:"186";i:4;s:3:"187";i:5;s:3:"188";i:6;s:3:"189";i:7;s:3:"194";i:8;s:3:"195";i:9;s:3:"196";i:10;s:3:"197";i:11;s:3:"198";i:12;s:3:"199";i:13;s:3:"200";i:14;s:3:"201";i:15;s:3:"202";i:16;s:3:"203";i:17;s:3:"204";i:18;s:3:"205";i:19;s:3:"206";i:20;s:3:"191";i:21;s:3:"192";i:22;s:3:"193";i:23;s:3:"210";i:24;s:3:"212";i:25;s:3:"214";i:26;s:3:"215";i:27;s:3:"216";i:28;s:3:"218";i:29;s:3:"220";i:30;s:3:"223";i:31;s:3:"222";i:32;s:3:"226";}', 'Tamika', '', 'tamika'),
(46, 66, 19, 0, 25, 'Terry', 'Terry', '', '', 'terry', 'terry', 'a:33:{i:0;s:2:"38";i:1;s:2:"42";i:2;s:2:"43";i:3;s:2:"44";i:4;s:2:"45";i:5;s:2:"46";i:6;s:2:"47";i:7;s:2:"52";i:8;s:2:"53";i:9;s:2:"54";i:10;s:2:"55";i:11;s:2:"56";i:12;s:2:"57";i:13;s:2:"58";i:14;s:2:"59";i:15;s:2:"60";i:16;s:2:"61";i:17;s:2:"62";i:18;s:2:"63";i:19;s:2:"64";i:20;s:2:"49";i:21;s:2:"50";i:22;s:2:"51";i:23;s:2:"65";i:24;s:2:"66";i:25;s:2:"67";i:26;s:2:"68";i:27;s:2:"69";i:28;s:2:"70";i:29;s:2:"71";i:30;s:2:"74";i:31;s:2:"72";i:32;s:2:"75";}', 'a:11:{i:0;s:2:"21";i:1;s:3:"171";i:2;s:3:"172";i:3;s:3:"182";i:4;s:3:"207";i:5;s:3:"211";i:6;s:3:"213";i:7;s:3:"217";i:8;s:3:"219";i:9;s:3:"221";i:10;s:3:"225";}', 'a:33:{i:0;s:3:"177";i:1;s:3:"181";i:2;s:3:"183";i:3;s:3:"186";i:4;s:3:"187";i:5;s:3:"188";i:6;s:3:"189";i:7;s:3:"194";i:8;s:3:"195";i:9;s:3:"196";i:10;s:3:"197";i:11;s:3:"198";i:12;s:3:"199";i:13;s:3:"200";i:14;s:3:"201";i:15;s:3:"202";i:16;s:3:"203";i:17;s:3:"204";i:18;s:3:"205";i:19;s:3:"206";i:20;s:3:"191";i:21;s:3:"192";i:22;s:3:"193";i:23;s:3:"210";i:24;s:3:"212";i:25;s:3:"214";i:26;s:3:"215";i:27;s:3:"216";i:28;s:3:"218";i:29;s:3:"220";i:30;s:3:"223";i:31;s:3:"222";i:32;s:3:"226";}', 'Terry', '', 'terry'),
(47, 66, 19, 0, 26, 'Tiara', 'Tiara', '', '', 'tiara', 'tiara', 'a:33:{i:0;s:2:"38";i:1;s:2:"42";i:2;s:2:"43";i:3;s:2:"44";i:4;s:2:"45";i:5;s:2:"46";i:6;s:2:"47";i:7;s:2:"52";i:8;s:2:"53";i:9;s:2:"54";i:10;s:2:"55";i:11;s:2:"56";i:12;s:2:"57";i:13;s:2:"58";i:14;s:2:"59";i:15;s:2:"60";i:16;s:2:"61";i:17;s:2:"62";i:18;s:2:"63";i:19;s:2:"64";i:20;s:2:"49";i:21;s:2:"50";i:22;s:2:"51";i:23;s:2:"65";i:24;s:2:"66";i:25;s:2:"67";i:26;s:2:"68";i:27;s:2:"69";i:28;s:2:"70";i:29;s:2:"71";i:30;s:2:"74";i:31;s:2:"72";i:32;s:2:"75";}', 'a:11:{i:0;s:2:"21";i:1;s:3:"171";i:2;s:3:"172";i:3;s:3:"182";i:4;s:3:"207";i:5;s:3:"211";i:6;s:3:"213";i:7;s:3:"217";i:8;s:3:"219";i:9;s:3:"221";i:10;s:3:"225";}', 'a:33:{i:0;s:3:"177";i:1;s:3:"181";i:2;s:3:"183";i:3;s:3:"186";i:4;s:3:"187";i:5;s:3:"188";i:6;s:3:"189";i:7;s:3:"194";i:8;s:3:"195";i:9;s:3:"196";i:10;s:3:"197";i:11;s:3:"198";i:12;s:3:"199";i:13;s:3:"200";i:14;s:3:"201";i:15;s:3:"202";i:16;s:3:"203";i:17;s:3:"204";i:18;s:3:"205";i:19;s:3:"206";i:20;s:3:"191";i:21;s:3:"192";i:22;s:3:"193";i:23;s:3:"210";i:24;s:3:"212";i:25;s:3:"214";i:26;s:3:"215";i:27;s:3:"216";i:28;s:3:"218";i:29;s:3:"220";i:30;s:3:"223";i:31;s:3:"222";i:32;s:3:"226";}', 'Tiara', '', 'tiara'),
(48, 66, 19, 0, 0, 'Wanda', 'Wanda', '', '', 'wanda', 'wanda', 'a:33:{i:0;s:2:"38";i:1;s:2:"42";i:2;s:2:"43";i:3;s:2:"44";i:4;s:2:"45";i:5;s:2:"46";i:6;s:2:"47";i:7;s:2:"52";i:8;s:2:"53";i:9;s:2:"54";i:10;s:2:"55";i:11;s:2:"56";i:12;s:2:"57";i:13;s:2:"58";i:14;s:2:"59";i:15;s:2:"60";i:16;s:2:"61";i:17;s:2:"62";i:18;s:2:"63";i:19;s:2:"64";i:20;s:2:"49";i:21;s:2:"50";i:22;s:2:"51";i:23;s:2:"65";i:24;s:2:"66";i:25;s:2:"67";i:26;s:2:"68";i:27;s:2:"69";i:28;s:2:"70";i:29;s:2:"71";i:30;s:2:"74";i:31;s:2:"72";i:32;s:2:"75";}', 'a:11:{i:0;s:2:"21";i:1;s:3:"171";i:2;s:3:"172";i:3;s:3:"182";i:4;s:3:"207";i:5;s:3:"211";i:6;s:3:"213";i:7;s:3:"217";i:8;s:3:"219";i:9;s:3:"221";i:10;s:3:"225";}', 'a:33:{i:0;s:3:"177";i:1;s:3:"181";i:2;s:3:"183";i:3;s:3:"186";i:4;s:3:"187";i:5;s:3:"188";i:6;s:3:"189";i:7;s:3:"194";i:8;s:3:"195";i:9;s:3:"196";i:10;s:3:"197";i:11;s:3:"198";i:12;s:3:"199";i:13;s:3:"200";i:14;s:3:"201";i:15;s:3:"202";i:16;s:3:"203";i:17;s:3:"204";i:18;s:3:"205";i:19;s:3:"206";i:20;s:3:"191";i:21;s:3:"192";i:22;s:3:"193";i:23;s:3:"210";i:24;s:3:"212";i:25;s:3:"214";i:26;s:3:"215";i:27;s:3:"216";i:28;s:3:"218";i:29;s:3:"220";i:30;s:3:"223";i:31;s:3:"222";i:32;s:3:"226";}', 'Wanda', '', 'wanda'),
(49, 66, 19, 0, 27, 'Aya', 'Aya', '', '', 'aya', 'aya', 'a:33:{i:0;s:2:"38";i:1;s:2:"42";i:2;s:2:"43";i:3;s:2:"44";i:4;s:2:"45";i:5;s:2:"46";i:6;s:2:"47";i:7;s:2:"52";i:8;s:2:"53";i:9;s:2:"54";i:10;s:2:"55";i:11;s:2:"56";i:12;s:2:"57";i:13;s:2:"58";i:14;s:2:"59";i:15;s:2:"60";i:16;s:2:"61";i:17;s:2:"62";i:18;s:2:"63";i:19;s:2:"64";i:20;s:2:"49";i:21;s:2:"50";i:22;s:2:"51";i:23;s:2:"65";i:24;s:2:"66";i:25;s:2:"67";i:26;s:2:"68";i:27;s:2:"69";i:28;s:2:"70";i:29;s:2:"71";i:30;s:2:"74";i:31;s:2:"72";i:32;s:2:"75";}', 'a:11:{i:0;s:2:"21";i:1;s:3:"171";i:2;s:3:"172";i:3;s:3:"182";i:4;s:3:"207";i:5;s:3:"211";i:6;s:3:"213";i:7;s:3:"217";i:8;s:3:"219";i:9;s:3:"221";i:10;s:3:"225";}', 'a:33:{i:0;s:3:"177";i:1;s:3:"181";i:2;s:3:"183";i:3;s:3:"186";i:4;s:3:"187";i:5;s:3:"188";i:6;s:3:"189";i:7;s:3:"194";i:8;s:3:"195";i:9;s:3:"196";i:10;s:3:"197";i:11;s:3:"198";i:12;s:3:"199";i:13;s:3:"200";i:14;s:3:"201";i:15;s:3:"202";i:16;s:3:"203";i:17;s:3:"204";i:18;s:3:"205";i:19;s:3:"206";i:20;s:3:"191";i:21;s:3:"192";i:22;s:3:"193";i:23;s:3:"210";i:24;s:3:"212";i:25;s:3:"214";i:26;s:3:"215";i:27;s:3:"216";i:28;s:3:"218";i:29;s:3:"220";i:30;s:3:"223";i:31;s:3:"222";i:32;s:3:"226";}', 'Aya', '', 'aya'),
(50, 179, 33, 0, 1, 'Allegra', 'Allegra', '', '', 'allegra', 'allegra', 'a:33:{i:0;s:2:"38";i:1;s:2:"42";i:2;s:2:"43";i:3;s:2:"44";i:4;s:2:"45";i:5;s:2:"46";i:6;s:2:"47";i:7;s:2:"52";i:8;s:2:"53";i:9;s:2:"54";i:10;s:2:"55";i:11;s:2:"56";i:12;s:2:"57";i:13;s:2:"58";i:14;s:2:"59";i:15;s:2:"60";i:16;s:2:"61";i:17;s:2:"62";i:18;s:2:"63";i:19;s:2:"64";i:20;s:2:"49";i:21;s:2:"50";i:22;s:2:"51";i:23;s:2:"65";i:24;s:2:"66";i:25;s:2:"67";i:26;s:2:"68";i:27;s:2:"69";i:28;s:2:"70";i:29;s:2:"71";i:30;s:2:"74";i:31;s:2:"72";i:32;s:2:"75";}', 'a:11:{i:0;s:2:"21";i:1;s:3:"171";i:2;s:3:"172";i:3;s:3:"182";i:4;s:3:"207";i:5;s:3:"211";i:6;s:3:"213";i:7;s:3:"217";i:8;s:3:"219";i:9;s:3:"221";i:10;s:3:"225";}', 'a:33:{i:0;s:3:"177";i:1;s:3:"181";i:2;s:3:"183";i:3;s:3:"186";i:4;s:3:"187";i:5;s:3:"188";i:6;s:3:"189";i:7;s:3:"194";i:8;s:3:"195";i:9;s:3:"196";i:10;s:3:"197";i:11;s:3:"198";i:12;s:3:"199";i:13;s:3:"200";i:14;s:3:"201";i:15;s:3:"202";i:16;s:3:"203";i:17;s:3:"204";i:18;s:3:"205";i:19;s:3:"206";i:20;s:3:"191";i:21;s:3:"192";i:22;s:3:"193";i:23;s:3:"210";i:24;s:3:"212";i:25;s:3:"214";i:26;s:3:"215";i:27;s:3:"216";i:28;s:3:"218";i:29;s:3:"220";i:30;s:3:"223";i:31;s:3:"222";i:32;s:3:"226";}', 'Allegra', '', 'allegra'),
(54, 179, 33, 0, 0, 'Leslie', 'Leslie', '', '', 'leslie', 'leslie', 'a:33:{i:0;s:2:"38";i:1;s:2:"42";i:2;s:2:"43";i:3;s:2:"44";i:4;s:2:"45";i:5;s:2:"46";i:6;s:2:"47";i:7;s:2:"52";i:8;s:2:"53";i:9;s:2:"54";i:10;s:2:"55";i:11;s:2:"56";i:12;s:2:"57";i:13;s:2:"58";i:14;s:2:"59";i:15;s:2:"60";i:16;s:2:"61";i:17;s:2:"62";i:18;s:2:"63";i:19;s:2:"64";i:20;s:2:"49";i:21;s:2:"50";i:22;s:2:"51";i:23;s:2:"65";i:24;s:2:"66";i:25;s:2:"67";i:26;s:2:"68";i:27;s:2:"69";i:28;s:2:"70";i:29;s:2:"71";i:30;s:2:"74";i:31;s:2:"72";i:32;s:2:"75";}', 'a:11:{i:0;s:2:"21";i:1;s:3:"171";i:2;s:3:"172";i:3;s:3:"182";i:4;s:3:"207";i:5;s:3:"211";i:6;s:3:"213";i:7;s:3:"217";i:8;s:3:"219";i:9;s:3:"221";i:10;s:3:"225";}', 'a:33:{i:0;s:3:"177";i:1;s:3:"181";i:2;s:3:"183";i:3;s:3:"186";i:4;s:3:"187";i:5;s:3:"188";i:6;s:3:"189";i:7;s:3:"194";i:8;s:3:"195";i:9;s:3:"196";i:10;s:3:"197";i:11;s:3:"198";i:12;s:3:"199";i:13;s:3:"200";i:14;s:3:"201";i:15;s:3:"202";i:16;s:3:"203";i:17;s:3:"204";i:18;s:3:"205";i:19;s:3:"206";i:20;s:3:"191";i:21;s:3:"192";i:22;s:3:"193";i:23;s:3:"210";i:24;s:3:"212";i:25;s:3:"214";i:26;s:3:"215";i:27;s:3:"216";i:28;s:3:"218";i:29;s:3:"220";i:30;s:3:"223";i:31;s:3:"222";i:32;s:3:"226";}', 'Leslie', '', 'leslie'),
(55, 179, 33, 0, 1, 'Salma', 'Salma', '', '', 'salma', 'salma', 'a:33:{i:0;s:2:"38";i:1;s:2:"42";i:2;s:2:"43";i:3;s:2:"44";i:4;s:2:"45";i:5;s:2:"46";i:6;s:2:"47";i:7;s:2:"52";i:8;s:2:"53";i:9;s:2:"54";i:10;s:2:"55";i:11;s:2:"56";i:12;s:2:"57";i:13;s:2:"58";i:14;s:2:"59";i:15;s:2:"60";i:16;s:2:"61";i:17;s:2:"62";i:18;s:2:"63";i:19;s:2:"64";i:20;s:2:"49";i:21;s:2:"50";i:22;s:2:"51";i:23;s:2:"65";i:24;s:2:"66";i:25;s:2:"67";i:26;s:2:"68";i:27;s:2:"69";i:28;s:2:"70";i:29;s:2:"71";i:30;s:2:"74";i:31;s:2:"72";i:32;s:2:"75";}', 'a:11:{i:0;s:2:"21";i:1;s:3:"171";i:2;s:3:"172";i:3;s:3:"182";i:4;s:3:"207";i:5;s:3:"211";i:6;s:3:"213";i:7;s:3:"217";i:8;s:3:"219";i:9;s:3:"221";i:10;s:3:"225";}', 'a:33:{i:0;s:3:"177";i:1;s:3:"181";i:2;s:3:"183";i:3;s:3:"186";i:4;s:3:"187";i:5;s:3:"188";i:6;s:3:"189";i:7;s:3:"194";i:8;s:3:"195";i:9;s:3:"196";i:10;s:3:"197";i:11;s:3:"198";i:12;s:3:"199";i:13;s:3:"200";i:14;s:3:"201";i:15;s:3:"202";i:16;s:3:"203";i:17;s:3:"204";i:18;s:3:"205";i:19;s:3:"206";i:20;s:3:"191";i:21;s:3:"192";i:22;s:3:"193";i:23;s:3:"210";i:24;s:3:"212";i:25;s:3:"214";i:26;s:3:"215";i:27;s:3:"216";i:28;s:3:"218";i:29;s:3:"220";i:30;s:3:"223";i:31;s:3:"222";i:32;s:3:"226";}', 'Salma', '', 'salma'),
(56, 179, 33, 0, 2, 'Ingrid', 'Ingrid', '', '', 'ingrid', 'ingrid', 'a:33:{i:0;s:2:"38";i:1;s:2:"42";i:2;s:2:"43";i:3;s:2:"44";i:4;s:2:"45";i:5;s:2:"46";i:6;s:2:"47";i:7;s:2:"52";i:8;s:2:"53";i:9;s:2:"54";i:10;s:2:"55";i:11;s:2:"56";i:12;s:2:"57";i:13;s:2:"58";i:14;s:2:"59";i:15;s:2:"60";i:16;s:2:"61";i:17;s:2:"62";i:18;s:2:"63";i:19;s:2:"64";i:20;s:2:"49";i:21;s:2:"50";i:22;s:2:"51";i:23;s:2:"65";i:24;s:2:"66";i:25;s:2:"67";i:26;s:2:"68";i:27;s:2:"69";i:28;s:2:"70";i:29;s:2:"71";i:30;s:2:"74";i:31;s:2:"72";i:32;s:2:"75";}', 'a:11:{i:0;s:2:"21";i:1;s:3:"171";i:2;s:3:"172";i:3;s:3:"182";i:4;s:3:"207";i:5;s:3:"211";i:6;s:3:"213";i:7;s:3:"217";i:8;s:3:"219";i:9;s:3:"221";i:10;s:3:"225";}', 'a:33:{i:0;s:3:"177";i:1;s:3:"181";i:2;s:3:"183";i:3;s:3:"186";i:4;s:3:"187";i:5;s:3:"188";i:6;s:3:"189";i:7;s:3:"194";i:8;s:3:"195";i:9;s:3:"196";i:10;s:3:"197";i:11;s:3:"198";i:12;s:3:"199";i:13;s:3:"200";i:14;s:3:"201";i:15;s:3:"202";i:16;s:3:"203";i:17;s:3:"204";i:18;s:3:"205";i:19;s:3:"206";i:20;s:3:"191";i:21;s:3:"192";i:22;s:3:"193";i:23;s:3:"210";i:24;s:3:"212";i:25;s:3:"214";i:26;s:3:"215";i:27;s:3:"216";i:28;s:3:"218";i:29;s:3:"220";i:30;s:3:"223";i:31;s:3:"222";i:32;s:3:"226";}', 'Ingrid', '', 'ingrid'),
(57, 179, 33, 0, 3, 'Cindy', 'Cindy', '', '', 'cindy', 'cindy', 'a:33:{i:0;s:2:"38";i:1;s:2:"42";i:2;s:2:"43";i:3;s:2:"44";i:4;s:2:"45";i:5;s:2:"46";i:6;s:2:"47";i:7;s:2:"52";i:8;s:2:"53";i:9;s:2:"54";i:10;s:2:"55";i:11;s:2:"56";i:12;s:2:"57";i:13;s:2:"58";i:14;s:2:"59";i:15;s:2:"60";i:16;s:2:"61";i:17;s:2:"62";i:18;s:2:"63";i:19;s:2:"64";i:20;s:2:"49";i:21;s:2:"50";i:22;s:2:"51";i:23;s:2:"65";i:24;s:2:"66";i:25;s:2:"67";i:26;s:2:"68";i:27;s:2:"69";i:28;s:2:"70";i:29;s:2:"71";i:30;s:2:"74";i:31;s:2:"72";i:32;s:2:"75";}', 'a:11:{i:0;s:2:"21";i:1;s:3:"171";i:2;s:3:"172";i:3;s:3:"182";i:4;s:3:"207";i:5;s:3:"211";i:6;s:3:"213";i:7;s:3:"217";i:8;s:3:"219";i:9;s:3:"221";i:10;s:3:"225";}', 'a:33:{i:0;s:3:"177";i:1;s:3:"181";i:2;s:3:"183";i:3;s:3:"186";i:4;s:3:"187";i:5;s:3:"188";i:6;s:3:"189";i:7;s:3:"194";i:8;s:3:"195";i:9;s:3:"196";i:10;s:3:"197";i:11;s:3:"198";i:12;s:3:"199";i:13;s:3:"200";i:14;s:3:"201";i:15;s:3:"202";i:16;s:3:"203";i:17;s:3:"204";i:18;s:3:"205";i:19;s:3:"206";i:20;s:3:"191";i:21;s:3:"192";i:22;s:3:"193";i:23;s:3:"210";i:24;s:3:"212";i:25;s:3:"214";i:26;s:3:"215";i:27;s:3:"216";i:28;s:3:"218";i:29;s:3:"220";i:30;s:3:"223";i:31;s:3:"222";i:32;s:3:"226";}', 'Cindy', '', 'cindy'),
(58, 179, 33, 0, 4, 'Evie', 'Evie', '', '', 'evie', 'evie', 'a:33:{i:0;s:2:"38";i:1;s:2:"42";i:2;s:2:"43";i:3;s:2:"44";i:4;s:2:"45";i:5;s:2:"46";i:6;s:2:"47";i:7;s:2:"52";i:8;s:2:"53";i:9;s:2:"54";i:10;s:2:"55";i:11;s:2:"56";i:12;s:2:"57";i:13;s:2:"58";i:14;s:2:"59";i:15;s:2:"60";i:16;s:2:"61";i:17;s:2:"62";i:18;s:2:"63";i:19;s:2:"64";i:20;s:2:"49";i:21;s:2:"50";i:22;s:2:"51";i:23;s:2:"65";i:24;s:2:"66";i:25;s:2:"67";i:26;s:2:"68";i:27;s:2:"69";i:28;s:2:"70";i:29;s:2:"71";i:30;s:2:"74";i:31;s:2:"72";i:32;s:2:"75";}', 'a:11:{i:0;s:2:"21";i:1;s:3:"171";i:2;s:3:"172";i:3;s:3:"182";i:4;s:3:"207";i:5;s:3:"211";i:6;s:3:"213";i:7;s:3:"217";i:8;s:3:"219";i:9;s:3:"221";i:10;s:3:"225";}', 'a:33:{i:0;s:3:"177";i:1;s:3:"181";i:2;s:3:"183";i:3;s:3:"186";i:4;s:3:"187";i:5;s:3:"188";i:6;s:3:"189";i:7;s:3:"194";i:8;s:3:"195";i:9;s:3:"196";i:10;s:3:"197";i:11;s:3:"198";i:12;s:3:"199";i:13;s:3:"200";i:14;s:3:"201";i:15;s:3:"202";i:16;s:3:"203";i:17;s:3:"204";i:18;s:3:"205";i:19;s:3:"206";i:20;s:3:"191";i:21;s:3:"192";i:22;s:3:"193";i:23;s:3:"210";i:24;s:3:"212";i:25;s:3:"214";i:26;s:3:"215";i:27;s:3:"216";i:28;s:3:"218";i:29;s:3:"220";i:30;s:3:"223";i:31;s:3:"222";i:32;s:3:"226";}', 'Evie', '', 'evie'),
(59, 179, 33, 0, 5, 'Betsy', 'Betsy', '', '', 'betsy', 'betsy', 'a:33:{i:0;s:2:"38";i:1;s:2:"42";i:2;s:2:"43";i:3;s:2:"44";i:4;s:2:"45";i:5;s:2:"46";i:6;s:2:"47";i:7;s:2:"52";i:8;s:2:"53";i:9;s:2:"54";i:10;s:2:"55";i:11;s:2:"56";i:12;s:2:"57";i:13;s:2:"58";i:14;s:2:"59";i:15;s:2:"60";i:16;s:2:"61";i:17;s:2:"62";i:18;s:2:"63";i:19;s:2:"64";i:20;s:2:"49";i:21;s:2:"50";i:22;s:2:"51";i:23;s:2:"65";i:24;s:2:"66";i:25;s:2:"67";i:26;s:2:"68";i:27;s:2:"69";i:28;s:2:"70";i:29;s:2:"71";i:30;s:2:"74";i:31;s:2:"72";i:32;s:2:"75";}', 'a:11:{i:0;s:2:"21";i:1;s:3:"171";i:2;s:3:"172";i:3;s:3:"182";i:4;s:3:"207";i:5;s:3:"211";i:6;s:3:"213";i:7;s:3:"217";i:8;s:3:"219";i:9;s:3:"221";i:10;s:3:"225";}', 'a:33:{i:0;s:3:"177";i:1;s:3:"181";i:2;s:3:"183";i:3;s:3:"186";i:4;s:3:"187";i:5;s:3:"188";i:6;s:3:"189";i:7;s:3:"194";i:8;s:3:"195";i:9;s:3:"196";i:10;s:3:"197";i:11;s:3:"198";i:12;s:3:"199";i:13;s:3:"200";i:14;s:3:"201";i:15;s:3:"202";i:16;s:3:"203";i:17;s:3:"204";i:18;s:3:"205";i:19;s:3:"206";i:20;s:3:"191";i:21;s:3:"192";i:22;s:3:"193";i:23;s:3:"210";i:24;s:3:"212";i:25;s:3:"214";i:26;s:3:"215";i:27;s:3:"216";i:28;s:3:"218";i:29;s:3:"220";i:30;s:3:"223";i:31;s:3:"222";i:32;s:3:"226";}', 'Betsy', '', 'betsy'),
(60, 179, 33, 0, 6, 'Dolly', 'Dolly', '', '', 'dolly', 'dolly', 'a:33:{i:0;s:2:"38";i:1;s:2:"42";i:2;s:2:"43";i:3;s:2:"44";i:4;s:2:"45";i:5;s:2:"46";i:6;s:2:"47";i:7;s:2:"52";i:8;s:2:"53";i:9;s:2:"54";i:10;s:2:"55";i:11;s:2:"56";i:12;s:2:"57";i:13;s:2:"58";i:14;s:2:"59";i:15;s:2:"60";i:16;s:2:"61";i:17;s:2:"62";i:18;s:2:"63";i:19;s:2:"64";i:20;s:2:"49";i:21;s:2:"50";i:22;s:2:"51";i:23;s:2:"65";i:24;s:2:"66";i:25;s:2:"67";i:26;s:2:"68";i:27;s:2:"69";i:28;s:2:"70";i:29;s:2:"71";i:30;s:2:"74";i:31;s:2:"72";i:32;s:2:"75";}', 'a:11:{i:0;s:2:"21";i:1;s:3:"171";i:2;s:3:"172";i:3;s:3:"182";i:4;s:3:"207";i:5;s:3:"211";i:6;s:3:"213";i:7;s:3:"217";i:8;s:3:"219";i:9;s:3:"221";i:10;s:3:"225";}', 'a:33:{i:0;s:3:"177";i:1;s:3:"181";i:2;s:3:"183";i:3;s:3:"186";i:4;s:3:"187";i:5;s:3:"188";i:6;s:3:"189";i:7;s:3:"194";i:8;s:3:"195";i:9;s:3:"196";i:10;s:3:"197";i:11;s:3:"198";i:12;s:3:"199";i:13;s:3:"200";i:14;s:3:"201";i:15;s:3:"202";i:16;s:3:"203";i:17;s:3:"204";i:18;s:3:"205";i:19;s:3:"206";i:20;s:3:"191";i:21;s:3:"192";i:22;s:3:"193";i:23;s:3:"210";i:24;s:3:"212";i:25;s:3:"214";i:26;s:3:"215";i:27;s:3:"216";i:28;s:3:"218";i:29;s:3:"220";i:30;s:3:"223";i:31;s:3:"222";i:32;s:3:"226";}', 'Dolly', '', 'dolly'),
(61, 179, 33, 0, 7, 'Cher', 'Cher', '', '', 'cher', 'cher', 'a:33:{i:0;s:2:"38";i:1;s:2:"42";i:2;s:2:"43";i:3;s:2:"44";i:4;s:2:"45";i:5;s:2:"46";i:6;s:2:"47";i:7;s:2:"52";i:8;s:2:"53";i:9;s:2:"54";i:10;s:2:"55";i:11;s:2:"56";i:12;s:2:"57";i:13;s:2:"58";i:14;s:2:"59";i:15;s:2:"60";i:16;s:2:"61";i:17;s:2:"62";i:18;s:2:"63";i:19;s:2:"64";i:20;s:2:"49";i:21;s:2:"50";i:22;s:2:"51";i:23;s:2:"65";i:24;s:2:"66";i:25;s:2:"67";i:26;s:2:"68";i:27;s:2:"69";i:28;s:2:"70";i:29;s:2:"71";i:30;s:2:"74";i:31;s:2:"72";i:32;s:2:"75";}', 'a:11:{i:0;s:2:"21";i:1;s:3:"171";i:2;s:3:"172";i:3;s:3:"182";i:4;s:3:"207";i:5;s:3:"211";i:6;s:3:"213";i:7;s:3:"217";i:8;s:3:"219";i:9;s:3:"221";i:10;s:3:"225";}', 'a:33:{i:0;s:3:"177";i:1;s:3:"181";i:2;s:3:"183";i:3;s:3:"186";i:4;s:3:"187";i:5;s:3:"188";i:6;s:3:"189";i:7;s:3:"194";i:8;s:3:"195";i:9;s:3:"196";i:10;s:3:"197";i:11;s:3:"198";i:12;s:3:"199";i:13;s:3:"200";i:14;s:3:"201";i:15;s:3:"202";i:16;s:3:"203";i:17;s:3:"204";i:18;s:3:"205";i:19;s:3:"206";i:20;s:3:"191";i:21;s:3:"192";i:22;s:3:"193";i:23;s:3:"210";i:24;s:3:"212";i:25;s:3:"214";i:26;s:3:"215";i:27;s:3:"216";i:28;s:3:"218";i:29;s:3:"220";i:30;s:3:"223";i:31;s:3:"222";i:32;s:3:"226";}', 'Cher', '', 'cher'),
(64, 179, 33, 0, 8, 'Latoya', 'Latoya', '', '', 'latoya', 'latoya', 'a:33:{i:0;s:2:"38";i:1;s:2:"42";i:2;s:2:"43";i:3;s:2:"44";i:4;s:2:"45";i:5;s:2:"46";i:6;s:2:"47";i:7;s:2:"52";i:8;s:2:"53";i:9;s:2:"54";i:10;s:2:"55";i:11;s:2:"56";i:12;s:2:"57";i:13;s:2:"58";i:14;s:2:"59";i:15;s:2:"60";i:16;s:2:"61";i:17;s:2:"62";i:18;s:2:"63";i:19;s:2:"64";i:20;s:2:"49";i:21;s:2:"50";i:22;s:2:"51";i:23;s:2:"65";i:24;s:2:"66";i:25;s:2:"67";i:26;s:2:"68";i:27;s:2:"69";i:28;s:2:"70";i:29;s:2:"71";i:30;s:2:"74";i:31;s:2:"72";i:32;s:2:"75";}', 'a:11:{i:0;s:2:"21";i:1;s:3:"171";i:2;s:3:"172";i:3;s:3:"182";i:4;s:3:"207";i:5;s:3:"211";i:6;s:3:"213";i:7;s:3:"217";i:8;s:3:"219";i:9;s:3:"221";i:10;s:3:"225";}', 'a:33:{i:0;s:3:"177";i:1;s:3:"181";i:2;s:3:"183";i:3;s:3:"186";i:4;s:3:"187";i:5;s:3:"188";i:6;s:3:"189";i:7;s:3:"194";i:8;s:3:"195";i:9;s:3:"196";i:10;s:3:"197";i:11;s:3:"198";i:12;s:3:"199";i:13;s:3:"200";i:14;s:3:"201";i:15;s:3:"202";i:16;s:3:"203";i:17;s:3:"204";i:18;s:3:"205";i:19;s:3:"206";i:20;s:3:"191";i:21;s:3:"192";i:22;s:3:"193";i:23;s:3:"210";i:24;s:3:"212";i:25;s:3:"214";i:26;s:3:"215";i:27;s:3:"216";i:28;s:3:"218";i:29;s:3:"220";i:30;s:3:"223";i:31;s:3:"222";i:32;s:3:"226";}', 'Latoya', '', 'latoya'),
(65, 179, 33, 0, 9, 'Loren', 'Loren', '', '', 'loren', 'loren', 'a:33:{i:0;s:2:"38";i:1;s:2:"42";i:2;s:2:"43";i:3;s:2:"44";i:4;s:2:"45";i:5;s:2:"46";i:6;s:2:"47";i:7;s:2:"52";i:8;s:2:"53";i:9;s:2:"54";i:10;s:2:"55";i:11;s:2:"56";i:12;s:2:"57";i:13;s:2:"58";i:14;s:2:"59";i:15;s:2:"60";i:16;s:2:"61";i:17;s:2:"62";i:18;s:2:"63";i:19;s:2:"64";i:20;s:2:"49";i:21;s:2:"50";i:22;s:2:"51";i:23;s:2:"65";i:24;s:2:"66";i:25;s:2:"67";i:26;s:2:"68";i:27;s:2:"69";i:28;s:2:"70";i:29;s:2:"71";i:30;s:2:"74";i:31;s:2:"72";i:32;s:2:"75";}', 'a:11:{i:0;s:2:"21";i:1;s:3:"171";i:2;s:3:"172";i:3;s:3:"182";i:4;s:3:"207";i:5;s:3:"211";i:6;s:3:"213";i:7;s:3:"217";i:8;s:3:"219";i:9;s:3:"221";i:10;s:3:"225";}', 'a:33:{i:0;s:3:"177";i:1;s:3:"181";i:2;s:3:"183";i:3;s:3:"186";i:4;s:3:"187";i:5;s:3:"188";i:6;s:3:"189";i:7;s:3:"194";i:8;s:3:"195";i:9;s:3:"196";i:10;s:3:"197";i:11;s:3:"198";i:12;s:3:"199";i:13;s:3:"200";i:14;s:3:"201";i:15;s:3:"202";i:16;s:3:"203";i:17;s:3:"204";i:18;s:3:"205";i:19;s:3:"206";i:20;s:3:"191";i:21;s:3:"192";i:22;s:3:"193";i:23;s:3:"210";i:24;s:3:"212";i:25;s:3:"214";i:26;s:3:"215";i:27;s:3:"216";i:28;s:3:"218";i:29;s:3:"220";i:30;s:3:"223";i:31;s:3:"222";i:32;s:3:"226";}', 'Loren', '', 'loren'),
(66, 179, 33, 0, 10, 'Meryl', 'Meryl', '', '', 'meryl', 'meryl', 'a:33:{i:0;s:2:"38";i:1;s:2:"42";i:2;s:2:"43";i:3;s:2:"44";i:4;s:2:"45";i:5;s:2:"46";i:6;s:2:"47";i:7;s:2:"52";i:8;s:2:"53";i:9;s:2:"54";i:10;s:2:"55";i:11;s:2:"56";i:12;s:2:"57";i:13;s:2:"58";i:14;s:2:"59";i:15;s:2:"60";i:16;s:2:"61";i:17;s:2:"62";i:18;s:2:"63";i:19;s:2:"64";i:20;s:2:"49";i:21;s:2:"50";i:22;s:2:"51";i:23;s:2:"65";i:24;s:2:"66";i:25;s:2:"67";i:26;s:2:"68";i:27;s:2:"69";i:28;s:2:"70";i:29;s:2:"71";i:30;s:2:"74";i:31;s:2:"72";i:32;s:2:"75";}', 'a:11:{i:0;s:2:"21";i:1;s:3:"171";i:2;s:3:"172";i:3;s:3:"182";i:4;s:3:"207";i:5;s:3:"211";i:6;s:3:"213";i:7;s:3:"217";i:8;s:3:"219";i:9;s:3:"221";i:10;s:3:"225";}', 'a:33:{i:0;s:3:"177";i:1;s:3:"181";i:2;s:3:"183";i:3;s:3:"186";i:4;s:3:"187";i:5;s:3:"188";i:6;s:3:"189";i:7;s:3:"194";i:8;s:3:"195";i:9;s:3:"196";i:10;s:3:"197";i:11;s:3:"198";i:12;s:3:"199";i:13;s:3:"200";i:14;s:3:"201";i:15;s:3:"202";i:16;s:3:"203";i:17;s:3:"204";i:18;s:3:"205";i:19;s:3:"206";i:20;s:3:"191";i:21;s:3:"192";i:22;s:3:"193";i:23;s:3:"210";i:24;s:3:"212";i:25;s:3:"214";i:26;s:3:"215";i:27;s:3:"216";i:28;s:3:"218";i:29;s:3:"220";i:30;s:3:"223";i:31;s:3:"222";i:32;s:3:"226";}', 'Meryl', '', 'meryl'),
(67, 179, 33, 0, 11, 'Madlen', 'Madlen', '', '', 'madlen', 'madlen', 'a:33:{i:0;s:2:"38";i:1;s:2:"42";i:2;s:2:"43";i:3;s:2:"44";i:4;s:2:"45";i:5;s:2:"46";i:6;s:2:"47";i:7;s:2:"52";i:8;s:2:"53";i:9;s:2:"54";i:10;s:2:"55";i:11;s:2:"56";i:12;s:2:"57";i:13;s:2:"58";i:14;s:2:"59";i:15;s:2:"60";i:16;s:2:"61";i:17;s:2:"62";i:18;s:2:"63";i:19;s:2:"64";i:20;s:2:"49";i:21;s:2:"50";i:22;s:2:"51";i:23;s:2:"65";i:24;s:2:"66";i:25;s:2:"67";i:26;s:2:"68";i:27;s:2:"69";i:28;s:2:"70";i:29;s:2:"71";i:30;s:2:"74";i:31;s:2:"72";i:32;s:2:"75";}', 'a:11:{i:0;s:2:"21";i:1;s:3:"171";i:2;s:3:"172";i:3;s:3:"182";i:4;s:3:"207";i:5;s:3:"211";i:6;s:3:"213";i:7;s:3:"217";i:8;s:3:"219";i:9;s:3:"221";i:10;s:3:"225";}', 'a:33:{i:0;s:3:"177";i:1;s:3:"181";i:2;s:3:"183";i:3;s:3:"186";i:4;s:3:"187";i:5;s:3:"188";i:6;s:3:"189";i:7;s:3:"194";i:8;s:3:"195";i:9;s:3:"196";i:10;s:3:"197";i:11;s:3:"198";i:12;s:3:"199";i:13;s:3:"200";i:14;s:3:"201";i:15;s:3:"202";i:16;s:3:"203";i:17;s:3:"204";i:18;s:3:"205";i:19;s:3:"206";i:20;s:3:"191";i:21;s:3:"192";i:22;s:3:"193";i:23;s:3:"210";i:24;s:3:"212";i:25;s:3:"214";i:26;s:3:"215";i:27;s:3:"216";i:28;s:3:"218";i:29;s:3:"220";i:30;s:3:"223";i:31;s:3:"222";i:32;s:3:"226";}', 'Madlen', '', 'madlen'),
(68, 179, 33, 0, 12, 'Jazz', 'Jazz', '', '', 'jazz', 'jazz', 'a:33:{i:0;s:2:"38";i:1;s:2:"42";i:2;s:2:"43";i:3;s:2:"44";i:4;s:2:"45";i:5;s:2:"46";i:6;s:2:"47";i:7;s:2:"52";i:8;s:2:"53";i:9;s:2:"54";i:10;s:2:"55";i:11;s:2:"56";i:12;s:2:"57";i:13;s:2:"58";i:14;s:2:"59";i:15;s:2:"60";i:16;s:2:"61";i:17;s:2:"62";i:18;s:2:"63";i:19;s:2:"64";i:20;s:2:"49";i:21;s:2:"50";i:22;s:2:"51";i:23;s:2:"65";i:24;s:2:"66";i:25;s:2:"67";i:26;s:2:"68";i:27;s:2:"69";i:28;s:2:"70";i:29;s:2:"71";i:30;s:2:"74";i:31;s:2:"72";i:32;s:2:"75";}', 'a:11:{i:0;s:2:"21";i:1;s:3:"171";i:2;s:3:"172";i:3;s:3:"182";i:4;s:3:"207";i:5;s:3:"211";i:6;s:3:"213";i:7;s:3:"217";i:8;s:3:"219";i:9;s:3:"221";i:10;s:3:"225";}', 'a:33:{i:0;s:3:"177";i:1;s:3:"181";i:2;s:3:"183";i:3;s:3:"186";i:4;s:3:"187";i:5;s:3:"188";i:6;s:3:"189";i:7;s:3:"194";i:8;s:3:"195";i:9;s:3:"196";i:10;s:3:"197";i:11;s:3:"198";i:12;s:3:"199";i:13;s:3:"200";i:14;s:3:"201";i:15;s:3:"202";i:16;s:3:"203";i:17;s:3:"204";i:18;s:3:"205";i:19;s:3:"206";i:20;s:3:"191";i:21;s:3:"192";i:22;s:3:"193";i:23;s:3:"210";i:24;s:3:"212";i:25;s:3:"214";i:26;s:3:"215";i:27;s:3:"216";i:28;s:3:"218";i:29;s:3:"220";i:30;s:3:"223";i:31;s:3:"222";i:32;s:3:"226";}', 'Jazz', '', 'jazz'),
(69, 179, 33, 0, 13, 'Tess', 'Tess', '', '', 'tess', 'tess', 'a:33:{i:0;s:2:"38";i:1;s:2:"42";i:2;s:2:"43";i:3;s:2:"44";i:4;s:2:"45";i:5;s:2:"46";i:6;s:2:"47";i:7;s:2:"52";i:8;s:2:"53";i:9;s:2:"54";i:10;s:2:"55";i:11;s:2:"56";i:12;s:2:"57";i:13;s:2:"58";i:14;s:2:"59";i:15;s:2:"60";i:16;s:2:"61";i:17;s:2:"62";i:18;s:2:"63";i:19;s:2:"64";i:20;s:2:"49";i:21;s:2:"50";i:22;s:2:"51";i:23;s:2:"65";i:24;s:2:"66";i:25;s:2:"67";i:26;s:2:"68";i:27;s:2:"69";i:28;s:2:"70";i:29;s:2:"71";i:30;s:2:"74";i:31;s:2:"72";i:32;s:2:"75";}', 'a:11:{i:0;s:2:"21";i:1;s:3:"171";i:2;s:3:"172";i:3;s:3:"182";i:4;s:3:"207";i:5;s:3:"211";i:6;s:3:"213";i:7;s:3:"217";i:8;s:3:"219";i:9;s:3:"221";i:10;s:3:"225";}', 'a:33:{i:0;s:3:"177";i:1;s:3:"181";i:2;s:3:"183";i:3;s:3:"186";i:4;s:3:"187";i:5;s:3:"188";i:6;s:3:"189";i:7;s:3:"194";i:8;s:3:"195";i:9;s:3:"196";i:10;s:3:"197";i:11;s:3:"198";i:12;s:3:"199";i:13;s:3:"200";i:14;s:3:"201";i:15;s:3:"202";i:16;s:3:"203";i:17;s:3:"204";i:18;s:3:"205";i:19;s:3:"206";i:20;s:3:"191";i:21;s:3:"192";i:22;s:3:"193";i:23;s:3:"210";i:24;s:3:"212";i:25;s:3:"214";i:26;s:3:"215";i:27;s:3:"216";i:28;s:3:"218";i:29;s:3:"220";i:30;s:3:"223";i:31;s:3:"222";i:32;s:3:"226";}', 'Tess', '', 'tess'),
(70, 179, 33, 0, 14, 'Uma', 'Uma', '', '', 'uma', 'uma', 'a:33:{i:0;s:2:"38";i:1;s:2:"42";i:2;s:2:"43";i:3;s:2:"44";i:4;s:2:"45";i:5;s:2:"46";i:6;s:2:"47";i:7;s:2:"52";i:8;s:2:"53";i:9;s:2:"54";i:10;s:2:"55";i:11;s:2:"56";i:12;s:2:"57";i:13;s:2:"58";i:14;s:2:"59";i:15;s:2:"60";i:16;s:2:"61";i:17;s:2:"62";i:18;s:2:"63";i:19;s:2:"64";i:20;s:2:"49";i:21;s:2:"50";i:22;s:2:"51";i:23;s:2:"65";i:24;s:2:"66";i:25;s:2:"67";i:26;s:2:"68";i:27;s:2:"69";i:28;s:2:"70";i:29;s:2:"71";i:30;s:2:"74";i:31;s:2:"72";i:32;s:2:"75";}', 'a:11:{i:0;s:2:"21";i:1;s:3:"171";i:2;s:3:"172";i:3;s:3:"182";i:4;s:3:"207";i:5;s:3:"211";i:6;s:3:"213";i:7;s:3:"217";i:8;s:3:"219";i:9;s:3:"221";i:10;s:3:"225";}', 'a:33:{i:0;s:3:"177";i:1;s:3:"181";i:2;s:3:"183";i:3;s:3:"186";i:4;s:3:"187";i:5;s:3:"188";i:6;s:3:"189";i:7;s:3:"194";i:8;s:3:"195";i:9;s:3:"196";i:10;s:3:"197";i:11;s:3:"198";i:12;s:3:"199";i:13;s:3:"200";i:14;s:3:"201";i:15;s:3:"202";i:16;s:3:"203";i:17;s:3:"204";i:18;s:3:"205";i:19;s:3:"206";i:20;s:3:"191";i:21;s:3:"192";i:22;s:3:"193";i:23;s:3:"210";i:24;s:3:"212";i:25;s:3:"214";i:26;s:3:"215";i:27;s:3:"216";i:28;s:3:"218";i:29;s:3:"220";i:30;s:3:"223";i:31;s:3:"222";i:32;s:3:"226";}', 'Uma', '', 'uma'),
(71, 179, 33, 0, 15, 'Nicolette', 'Nicolette', '', '', 'nicolette', 'nicolette', 'a:33:{i:0;s:2:"38";i:1;s:2:"42";i:2;s:2:"43";i:3;s:2:"44";i:4;s:2:"45";i:5;s:2:"46";i:6;s:2:"47";i:7;s:2:"52";i:8;s:2:"53";i:9;s:2:"54";i:10;s:2:"55";i:11;s:2:"56";i:12;s:2:"57";i:13;s:2:"58";i:14;s:2:"59";i:15;s:2:"60";i:16;s:2:"61";i:17;s:2:"62";i:18;s:2:"63";i:19;s:2:"64";i:20;s:2:"49";i:21;s:2:"50";i:22;s:2:"51";i:23;s:2:"65";i:24;s:2:"66";i:25;s:2:"67";i:26;s:2:"68";i:27;s:2:"69";i:28;s:2:"70";i:29;s:2:"71";i:30;s:2:"74";i:31;s:2:"72";i:32;s:2:"75";}', 'a:11:{i:0;s:2:"21";i:1;s:3:"171";i:2;s:3:"172";i:3;s:3:"182";i:4;s:3:"207";i:5;s:3:"211";i:6;s:3:"213";i:7;s:3:"217";i:8;s:3:"219";i:9;s:3:"221";i:10;s:3:"225";}', 'a:33:{i:0;s:3:"177";i:1;s:3:"181";i:2;s:3:"183";i:3;s:3:"186";i:4;s:3:"187";i:5;s:3:"188";i:6;s:3:"189";i:7;s:3:"194";i:8;s:3:"195";i:9;s:3:"196";i:10;s:3:"197";i:11;s:3:"198";i:12;s:3:"199";i:13;s:3:"200";i:14;s:3:"201";i:15;s:3:"202";i:16;s:3:"203";i:17;s:3:"204";i:18;s:3:"205";i:19;s:3:"206";i:20;s:3:"191";i:21;s:3:"192";i:22;s:3:"193";i:23;s:3:"210";i:24;s:3:"212";i:25;s:3:"214";i:26;s:3:"215";i:27;s:3:"216";i:28;s:3:"218";i:29;s:3:"220";i:30;s:3:"223";i:31;s:3:"222";i:32;s:3:"226";}', 'Nicolette', '', 'nicolette'),
(72, 179, 33, 0, 16, 'Darcie', 'Darcie', '', '', 'darcie', 'darcie', 'a:33:{i:0;s:2:"38";i:1;s:2:"42";i:2;s:2:"43";i:3;s:2:"44";i:4;s:2:"45";i:5;s:2:"46";i:6;s:2:"47";i:7;s:2:"52";i:8;s:2:"53";i:9;s:2:"54";i:10;s:2:"55";i:11;s:2:"56";i:12;s:2:"57";i:13;s:2:"58";i:14;s:2:"59";i:15;s:2:"60";i:16;s:2:"61";i:17;s:2:"62";i:18;s:2:"63";i:19;s:2:"64";i:20;s:2:"49";i:21;s:2:"50";i:22;s:2:"51";i:23;s:2:"65";i:24;s:2:"66";i:25;s:2:"67";i:26;s:2:"68";i:27;s:2:"69";i:28;s:2:"70";i:29;s:2:"71";i:30;s:2:"74";i:31;s:2:"72";i:32;s:2:"75";}', 'a:11:{i:0;s:2:"21";i:1;s:3:"171";i:2;s:3:"172";i:3;s:3:"182";i:4;s:3:"207";i:5;s:3:"211";i:6;s:3:"213";i:7;s:3:"217";i:8;s:3:"219";i:9;s:3:"221";i:10;s:3:"225";}', 'a:33:{i:0;s:3:"177";i:1;s:3:"181";i:2;s:3:"183";i:3;s:3:"186";i:4;s:3:"187";i:5;s:3:"188";i:6;s:3:"189";i:7;s:3:"194";i:8;s:3:"195";i:9;s:3:"196";i:10;s:3:"197";i:11;s:3:"198";i:12;s:3:"199";i:13;s:3:"200";i:14;s:3:"201";i:15;s:3:"202";i:16;s:3:"203";i:17;s:3:"204";i:18;s:3:"205";i:19;s:3:"206";i:20;s:3:"191";i:21;s:3:"192";i:22;s:3:"193";i:23;s:3:"210";i:24;s:3:"212";i:25;s:3:"214";i:26;s:3:"215";i:27;s:3:"216";i:28;s:3:"218";i:29;s:3:"220";i:30;s:3:"223";i:31;s:3:"222";i:32;s:3:"226";}', 'Darcie', '', 'darcie'),
(73, 179, 33, 0, 17, 'April', 'April', '', '', 'april', 'april', 'a:33:{i:0;s:2:"38";i:1;s:2:"42";i:2;s:2:"43";i:3;s:2:"44";i:4;s:2:"45";i:5;s:2:"46";i:6;s:2:"47";i:7;s:2:"52";i:8;s:2:"53";i:9;s:2:"54";i:10;s:2:"55";i:11;s:2:"56";i:12;s:2:"57";i:13;s:2:"58";i:14;s:2:"59";i:15;s:2:"60";i:16;s:2:"61";i:17;s:2:"62";i:18;s:2:"63";i:19;s:2:"64";i:20;s:2:"49";i:21;s:2:"50";i:22;s:2:"51";i:23;s:2:"65";i:24;s:2:"66";i:25;s:2:"67";i:26;s:2:"68";i:27;s:2:"69";i:28;s:2:"70";i:29;s:2:"71";i:30;s:2:"74";i:31;s:2:"72";i:32;s:2:"75";}', 'a:11:{i:0;s:2:"21";i:1;s:3:"171";i:2;s:3:"172";i:3;s:3:"182";i:4;s:3:"207";i:5;s:3:"211";i:6;s:3:"213";i:7;s:3:"217";i:8;s:3:"219";i:9;s:3:"221";i:10;s:3:"225";}', 'a:33:{i:0;s:3:"177";i:1;s:3:"181";i:2;s:3:"183";i:3;s:3:"186";i:4;s:3:"187";i:5;s:3:"188";i:6;s:3:"189";i:7;s:3:"194";i:8;s:3:"195";i:9;s:3:"196";i:10;s:3:"197";i:11;s:3:"198";i:12;s:3:"199";i:13;s:3:"200";i:14;s:3:"201";i:15;s:3:"202";i:16;s:3:"203";i:17;s:3:"204";i:18;s:3:"205";i:19;s:3:"206";i:20;s:3:"191";i:21;s:3:"192";i:22;s:3:"193";i:23;s:3:"210";i:24;s:3:"212";i:25;s:3:"214";i:26;s:3:"215";i:27;s:3:"216";i:28;s:3:"218";i:29;s:3:"220";i:30;s:3:"223";i:31;s:3:"222";i:32;s:3:"226";}', 'April', '', 'april'),
(74, 179, 33, 0, 18, 'Allegra', 'Allegra', '', '', 'allegra', 'allegra', 'a:33:{i:0;s:2:"38";i:1;s:2:"42";i:2;s:2:"43";i:3;s:2:"44";i:4;s:2:"45";i:5;s:2:"46";i:6;s:2:"47";i:7;s:2:"52";i:8;s:2:"53";i:9;s:2:"54";i:10;s:2:"55";i:11;s:2:"56";i:12;s:2:"57";i:13;s:2:"58";i:14;s:2:"59";i:15;s:2:"60";i:16;s:2:"61";i:17;s:2:"62";i:18;s:2:"63";i:19;s:2:"64";i:20;s:2:"49";i:21;s:2:"50";i:22;s:2:"51";i:23;s:2:"65";i:24;s:2:"66";i:25;s:2:"67";i:26;s:2:"68";i:27;s:2:"69";i:28;s:2:"70";i:29;s:2:"71";i:30;s:2:"74";i:31;s:2:"72";i:32;s:2:"75";}', 'a:11:{i:0;s:2:"21";i:1;s:3:"171";i:2;s:3:"172";i:3;s:3:"182";i:4;s:3:"207";i:5;s:3:"211";i:6;s:3:"213";i:7;s:3:"217";i:8;s:3:"219";i:9;s:3:"221";i:10;s:3:"225";}', 'a:33:{i:0;s:3:"177";i:1;s:3:"181";i:2;s:3:"183";i:3;s:3:"186";i:4;s:3:"187";i:5;s:3:"188";i:6;s:3:"189";i:7;s:3:"194";i:8;s:3:"195";i:9;s:3:"196";i:10;s:3:"197";i:11;s:3:"198";i:12;s:3:"199";i:13;s:3:"200";i:14;s:3:"201";i:15;s:3:"202";i:16;s:3:"203";i:17;s:3:"204";i:18;s:3:"205";i:19;s:3:"206";i:20;s:3:"191";i:21;s:3:"192";i:22;s:3:"193";i:23;s:3:"210";i:24;s:3:"212";i:25;s:3:"214";i:26;s:3:"215";i:27;s:3:"216";i:28;s:3:"218";i:29;s:3:"220";i:30;s:3:"223";i:31;s:3:"222";i:32;s:3:"226";}', 'Allegra', '', 'allegra'),
(75, 179, 33, 0, 19, 'Kelly', 'Kelly', '', '', 'kelly', 'kelly', 'a:33:{i:0;s:2:"38";i:1;s:2:"42";i:2;s:2:"43";i:3;s:2:"44";i:4;s:2:"45";i:5;s:2:"46";i:6;s:2:"47";i:7;s:2:"52";i:8;s:2:"53";i:9;s:2:"54";i:10;s:2:"55";i:11;s:2:"56";i:12;s:2:"57";i:13;s:2:"58";i:14;s:2:"59";i:15;s:2:"60";i:16;s:2:"61";i:17;s:2:"62";i:18;s:2:"63";i:19;s:2:"64";i:20;s:2:"49";i:21;s:2:"50";i:22;s:2:"51";i:23;s:2:"65";i:24;s:2:"66";i:25;s:2:"67";i:26;s:2:"68";i:27;s:2:"69";i:28;s:2:"70";i:29;s:2:"71";i:30;s:2:"74";i:31;s:2:"72";i:32;s:2:"75";}', 'a:11:{i:0;s:2:"21";i:1;s:3:"171";i:2;s:3:"172";i:3;s:3:"182";i:4;s:3:"207";i:5;s:3:"211";i:6;s:3:"213";i:7;s:3:"217";i:8;s:3:"219";i:9;s:3:"221";i:10;s:3:"225";}', 'a:33:{i:0;s:3:"177";i:1;s:3:"181";i:2;s:3:"183";i:3;s:3:"186";i:4;s:3:"187";i:5;s:3:"188";i:6;s:3:"189";i:7;s:3:"194";i:8;s:3:"195";i:9;s:3:"196";i:10;s:3:"197";i:11;s:3:"198";i:12;s:3:"199";i:13;s:3:"200";i:14;s:3:"201";i:15;s:3:"202";i:16;s:3:"203";i:17;s:3:"204";i:18;s:3:"205";i:19;s:3:"206";i:20;s:3:"191";i:21;s:3:"192";i:22;s:3:"193";i:23;s:3:"210";i:24;s:3:"212";i:25;s:3:"214";i:26;s:3:"215";i:27;s:3:"216";i:28;s:3:"218";i:29;s:3:"220";i:30;s:3:"223";i:31;s:3:"222";i:32;s:3:"226";}', 'Kelly', '', 'kelly'),
(76, 179, 33, 0, 20, 'Brenda', 'Brenda', '', '', 'brenda', 'brenda', 'a:33:{i:0;s:2:"38";i:1;s:2:"42";i:2;s:2:"43";i:3;s:2:"44";i:4;s:2:"45";i:5;s:2:"46";i:6;s:2:"47";i:7;s:2:"52";i:8;s:2:"53";i:9;s:2:"54";i:10;s:2:"55";i:11;s:2:"56";i:12;s:2:"57";i:13;s:2:"58";i:14;s:2:"59";i:15;s:2:"60";i:16;s:2:"61";i:17;s:2:"62";i:18;s:2:"63";i:19;s:2:"64";i:20;s:2:"49";i:21;s:2:"50";i:22;s:2:"51";i:23;s:2:"65";i:24;s:2:"66";i:25;s:2:"67";i:26;s:2:"68";i:27;s:2:"69";i:28;s:2:"70";i:29;s:2:"71";i:30;s:2:"74";i:31;s:2:"72";i:32;s:2:"75";}', 'a:11:{i:0;s:2:"21";i:1;s:3:"171";i:2;s:3:"172";i:3;s:3:"182";i:4;s:3:"207";i:5;s:3:"211";i:6;s:3:"213";i:7;s:3:"217";i:8;s:3:"219";i:9;s:3:"221";i:10;s:3:"225";}', 'a:33:{i:0;s:3:"177";i:1;s:3:"181";i:2;s:3:"183";i:3;s:3:"186";i:4;s:3:"187";i:5;s:3:"188";i:6;s:3:"189";i:7;s:3:"194";i:8;s:3:"195";i:9;s:3:"196";i:10;s:3:"197";i:11;s:3:"198";i:12;s:3:"199";i:13;s:3:"200";i:14;s:3:"201";i:15;s:3:"202";i:16;s:3:"203";i:17;s:3:"204";i:18;s:3:"205";i:19;s:3:"206";i:20;s:3:"191";i:21;s:3:"192";i:22;s:3:"193";i:23;s:3:"210";i:24;s:3:"212";i:25;s:3:"214";i:26;s:3:"215";i:27;s:3:"216";i:28;s:3:"218";i:29;s:3:"220";i:30;s:3:"223";i:31;s:3:"222";i:32;s:3:"226";}', 'Brenda', '', 'brenda'),
(77, 179, 33, 0, 21, 'Julie', 'Julie', '', '', 'julie', 'julie', 'a:33:{i:0;s:2:"38";i:1;s:2:"42";i:2;s:2:"43";i:3;s:2:"44";i:4;s:2:"45";i:5;s:2:"46";i:6;s:2:"47";i:7;s:2:"52";i:8;s:2:"53";i:9;s:2:"54";i:10;s:2:"55";i:11;s:2:"56";i:12;s:2:"57";i:13;s:2:"58";i:14;s:2:"59";i:15;s:2:"60";i:16;s:2:"61";i:17;s:2:"62";i:18;s:2:"63";i:19;s:2:"64";i:20;s:2:"49";i:21;s:2:"50";i:22;s:2:"51";i:23;s:2:"65";i:24;s:2:"66";i:25;s:2:"67";i:26;s:2:"68";i:27;s:2:"69";i:28;s:2:"70";i:29;s:2:"71";i:30;s:2:"74";i:31;s:2:"72";i:32;s:2:"75";}', 'a:11:{i:0;s:2:"21";i:1;s:3:"171";i:2;s:3:"172";i:3;s:3:"182";i:4;s:3:"207";i:5;s:3:"211";i:6;s:3:"213";i:7;s:3:"217";i:8;s:3:"219";i:9;s:3:"221";i:10;s:3:"225";}', 'a:33:{i:0;s:3:"177";i:1;s:3:"181";i:2;s:3:"183";i:3;s:3:"186";i:4;s:3:"187";i:5;s:3:"188";i:6;s:3:"189";i:7;s:3:"194";i:8;s:3:"195";i:9;s:3:"196";i:10;s:3:"197";i:11;s:3:"198";i:12;s:3:"199";i:13;s:3:"200";i:14;s:3:"201";i:15;s:3:"202";i:16;s:3:"203";i:17;s:3:"204";i:18;s:3:"205";i:19;s:3:"206";i:20;s:3:"191";i:21;s:3:"192";i:22;s:3:"193";i:23;s:3:"210";i:24;s:3:"212";i:25;s:3:"214";i:26;s:3:"215";i:27;s:3:"216";i:28;s:3:"218";i:29;s:3:"220";i:30;s:3:"223";i:31;s:3:"222";i:32;s:3:"226";}', 'Julie', '', 'julie'),
(78, 179, 33, 0, 22, 'Roxie', 'Roxie', '', '', 'roxie', 'roxie', 'a:33:{i:0;s:2:"38";i:1;s:2:"42";i:2;s:2:"43";i:3;s:2:"44";i:4;s:2:"45";i:5;s:2:"46";i:6;s:2:"47";i:7;s:2:"52";i:8;s:2:"53";i:9;s:2:"54";i:10;s:2:"55";i:11;s:2:"56";i:12;s:2:"57";i:13;s:2:"58";i:14;s:2:"59";i:15;s:2:"60";i:16;s:2:"61";i:17;s:2:"62";i:18;s:2:"63";i:19;s:2:"64";i:20;s:2:"49";i:21;s:2:"50";i:22;s:2:"51";i:23;s:2:"65";i:24;s:2:"66";i:25;s:2:"67";i:26;s:2:"68";i:27;s:2:"69";i:28;s:2:"70";i:29;s:2:"71";i:30;s:2:"74";i:31;s:2:"72";i:32;s:2:"75";}', 'a:11:{i:0;s:2:"21";i:1;s:3:"171";i:2;s:3:"172";i:3;s:3:"182";i:4;s:3:"207";i:5;s:3:"211";i:6;s:3:"213";i:7;s:3:"217";i:8;s:3:"219";i:9;s:3:"221";i:10;s:3:"225";}', 'a:33:{i:0;s:3:"177";i:1;s:3:"181";i:2;s:3:"183";i:3;s:3:"186";i:4;s:3:"187";i:5;s:3:"188";i:6;s:3:"189";i:7;s:3:"194";i:8;s:3:"195";i:9;s:3:"196";i:10;s:3:"197";i:11;s:3:"198";i:12;s:3:"199";i:13;s:3:"200";i:14;s:3:"201";i:15;s:3:"202";i:16;s:3:"203";i:17;s:3:"204";i:18;s:3:"205";i:19;s:3:"206";i:20;s:3:"191";i:21;s:3:"192";i:22;s:3:"193";i:23;s:3:"210";i:24;s:3:"212";i:25;s:3:"214";i:26;s:3:"215";i:27;s:3:"216";i:28;s:3:"218";i:29;s:3:"220";i:30;s:3:"223";i:31;s:3:"222";i:32;s:3:"226";}', 'Roxie', '', 'roxie'),
(79, 179, 33, 0, 23, 'Bonnie', 'Bonnie', '', '', 'bonnie', 'bonnie', 'a:33:{i:0;s:2:"38";i:1;s:2:"42";i:2;s:2:"43";i:3;s:2:"44";i:4;s:2:"45";i:5;s:2:"46";i:6;s:2:"47";i:7;s:2:"52";i:8;s:2:"53";i:9;s:2:"54";i:10;s:2:"55";i:11;s:2:"56";i:12;s:2:"57";i:13;s:2:"58";i:14;s:2:"59";i:15;s:2:"60";i:16;s:2:"61";i:17;s:2:"62";i:18;s:2:"63";i:19;s:2:"64";i:20;s:2:"49";i:21;s:2:"50";i:22;s:2:"51";i:23;s:2:"65";i:24;s:2:"66";i:25;s:2:"67";i:26;s:2:"68";i:27;s:2:"69";i:28;s:2:"70";i:29;s:2:"71";i:30;s:2:"74";i:31;s:2:"72";i:32;s:2:"75";}', 'a:11:{i:0;s:2:"21";i:1;s:3:"171";i:2;s:3:"172";i:3;s:3:"182";i:4;s:3:"207";i:5;s:3:"211";i:6;s:3:"213";i:7;s:3:"217";i:8;s:3:"219";i:9;s:3:"221";i:10;s:3:"225";}', 'a:33:{i:0;s:3:"177";i:1;s:3:"181";i:2;s:3:"183";i:3;s:3:"186";i:4;s:3:"187";i:5;s:3:"188";i:6;s:3:"189";i:7;s:3:"194";i:8;s:3:"195";i:9;s:3:"196";i:10;s:3:"197";i:11;s:3:"198";i:12;s:3:"199";i:13;s:3:"200";i:14;s:3:"201";i:15;s:3:"202";i:16;s:3:"203";i:17;s:3:"204";i:18;s:3:"205";i:19;s:3:"206";i:20;s:3:"191";i:21;s:3:"192";i:22;s:3:"193";i:23;s:3:"210";i:24;s:3:"212";i:25;s:3:"214";i:26;s:3:"215";i:27;s:3:"216";i:28;s:3:"218";i:29;s:3:"220";i:30;s:3:"223";i:31;s:3:"222";i:32;s:3:"226";}', 'Bonnie', '', 'bonnie'),
(80, 179, 33, 0, 24, 'Wendy', 'Wendy', '', '', 'wendy', 'wendy', 'a:33:{i:0;s:2:"38";i:1;s:2:"42";i:2;s:2:"43";i:3;s:2:"44";i:4;s:2:"45";i:5;s:2:"46";i:6;s:2:"47";i:7;s:2:"52";i:8;s:2:"53";i:9;s:2:"54";i:10;s:2:"55";i:11;s:2:"56";i:12;s:2:"57";i:13;s:2:"58";i:14;s:2:"59";i:15;s:2:"60";i:16;s:2:"61";i:17;s:2:"62";i:18;s:2:"63";i:19;s:2:"64";i:20;s:2:"49";i:21;s:2:"50";i:22;s:2:"51";i:23;s:2:"65";i:24;s:2:"66";i:25;s:2:"67";i:26;s:2:"68";i:27;s:2:"69";i:28;s:2:"70";i:29;s:2:"71";i:30;s:2:"74";i:31;s:2:"72";i:32;s:2:"75";}', 'a:11:{i:0;s:2:"21";i:1;s:3:"171";i:2;s:3:"172";i:3;s:3:"182";i:4;s:3:"207";i:5;s:3:"211";i:6;s:3:"213";i:7;s:3:"217";i:8;s:3:"219";i:9;s:3:"221";i:10;s:3:"225";}', 'a:33:{i:0;s:3:"177";i:1;s:3:"181";i:2;s:3:"183";i:3;s:3:"186";i:4;s:3:"187";i:5;s:3:"188";i:6;s:3:"189";i:7;s:3:"194";i:8;s:3:"195";i:9;s:3:"196";i:10;s:3:"197";i:11;s:3:"198";i:12;s:3:"199";i:13;s:3:"200";i:14;s:3:"201";i:15;s:3:"202";i:16;s:3:"203";i:17;s:3:"204";i:18;s:3:"205";i:19;s:3:"206";i:20;s:3:"191";i:21;s:3:"192";i:22;s:3:"193";i:23;s:3:"210";i:24;s:3:"212";i:25;s:3:"214";i:26;s:3:"215";i:27;s:3:"216";i:28;s:3:"218";i:29;s:3:"220";i:30;s:3:"223";i:31;s:3:"222";i:32;s:3:"226";}', 'Wendy', '', 'wendy'),
(81, 179, 33, 0, 25, 'Assol', 'Assol', '', '', 'assol', 'assol', 'a:33:{i:0;s:2:"38";i:1;s:2:"42";i:2;s:2:"43";i:3;s:2:"44";i:4;s:2:"45";i:5;s:2:"46";i:6;s:2:"47";i:7;s:2:"52";i:8;s:2:"53";i:9;s:2:"54";i:10;s:2:"55";i:11;s:2:"56";i:12;s:2:"57";i:13;s:2:"58";i:14;s:2:"59";i:15;s:2:"60";i:16;s:2:"61";i:17;s:2:"62";i:18;s:2:"63";i:19;s:2:"64";i:20;s:2:"49";i:21;s:2:"50";i:22;s:2:"51";i:23;s:2:"65";i:24;s:2:"66";i:25;s:2:"67";i:26;s:2:"68";i:27;s:2:"69";i:28;s:2:"70";i:29;s:2:"71";i:30;s:2:"74";i:31;s:2:"72";i:32;s:2:"75";}', 'a:11:{i:0;s:2:"21";i:1;s:3:"171";i:2;s:3:"172";i:3;s:3:"182";i:4;s:3:"207";i:5;s:3:"211";i:6;s:3:"213";i:7;s:3:"217";i:8;s:3:"219";i:9;s:3:"221";i:10;s:3:"225";}', 'a:33:{i:0;s:3:"177";i:1;s:3:"181";i:2;s:3:"183";i:3;s:3:"186";i:4;s:3:"187";i:5;s:3:"188";i:6;s:3:"189";i:7;s:3:"194";i:8;s:3:"195";i:9;s:3:"196";i:10;s:3:"197";i:11;s:3:"198";i:12;s:3:"199";i:13;s:3:"200";i:14;s:3:"201";i:15;s:3:"202";i:16;s:3:"203";i:17;s:3:"204";i:18;s:3:"205";i:19;s:3:"206";i:20;s:3:"191";i:21;s:3:"192";i:22;s:3:"193";i:23;s:3:"210";i:24;s:3:"212";i:25;s:3:"214";i:26;s:3:"215";i:27;s:3:"216";i:28;s:3:"218";i:29;s:3:"220";i:30;s:3:"223";i:31;s:3:"222";i:32;s:3:"226";}', 'Assol', '', 'assol'),
(82, 224, 77, 0, 7, 'Beatrice', 'Beatrice', '', '', 'beatrice', 'beatrice', 'a:33:{i:0;s:2:"38";i:1;s:2:"42";i:2;s:2:"43";i:3;s:2:"44";i:4;s:2:"45";i:5;s:2:"46";i:6;s:2:"47";i:7;s:2:"52";i:8;s:2:"53";i:9;s:2:"54";i:10;s:2:"55";i:11;s:2:"56";i:12;s:2:"57";i:13;s:2:"58";i:14;s:2:"59";i:15;s:2:"60";i:16;s:2:"61";i:17;s:2:"62";i:18;s:2:"63";i:19;s:2:"64";i:20;s:2:"49";i:21;s:2:"50";i:22;s:2:"51";i:23;s:2:"65";i:24;s:2:"66";i:25;s:2:"67";i:26;s:2:"68";i:27;s:2:"69";i:28;s:2:"70";i:29;s:2:"71";i:30;s:2:"74";i:31;s:2:"72";i:32;s:2:"75";}', 'a:11:{i:0;s:2:"21";i:1;s:3:"171";i:2;s:3:"172";i:3;s:3:"182";i:4;s:3:"207";i:5;s:3:"211";i:6;s:3:"213";i:7;s:3:"217";i:8;s:3:"219";i:9;s:3:"221";i:10;s:3:"225";}', 'a:33:{i:0;s:3:"177";i:1;s:3:"181";i:2;s:3:"183";i:3;s:3:"186";i:4;s:3:"187";i:5;s:3:"188";i:6;s:3:"189";i:7;s:3:"194";i:8;s:3:"195";i:9;s:3:"196";i:10;s:3:"197";i:11;s:3:"198";i:12;s:3:"199";i:13;s:3:"200";i:14;s:3:"201";i:15;s:3:"202";i:16;s:3:"203";i:17;s:3:"204";i:18;s:3:"205";i:19;s:3:"206";i:20;s:3:"191";i:21;s:3:"192";i:22;s:3:"193";i:23;s:3:"210";i:24;s:3:"212";i:25;s:3:"214";i:26;s:3:"215";i:27;s:3:"216";i:28;s:3:"218";i:29;s:3:"220";i:30;s:3:"223";i:31;s:3:"222";i:32;s:3:"226";}', 'Beatrice', '', 'beatrice'),
(83, 224, 77, 0, 3, 'Fernanda', 'Fernanda', '', '', 'fernanda', 'fernanda', 'a:33:{i:0;s:2:"38";i:1;s:2:"42";i:2;s:2:"43";i:3;s:2:"44";i:4;s:2:"45";i:5;s:2:"46";i:6;s:2:"47";i:7;s:2:"52";i:8;s:2:"53";i:9;s:2:"54";i:10;s:2:"55";i:11;s:2:"56";i:12;s:2:"57";i:13;s:2:"58";i:14;s:2:"59";i:15;s:2:"60";i:16;s:2:"61";i:17;s:2:"62";i:18;s:2:"63";i:19;s:2:"64";i:20;s:2:"49";i:21;s:2:"50";i:22;s:2:"51";i:23;s:2:"65";i:24;s:2:"66";i:25;s:2:"67";i:26;s:2:"68";i:27;s:2:"69";i:28;s:2:"70";i:29;s:2:"71";i:30;s:2:"74";i:31;s:2:"72";i:32;s:2:"75";}', 'a:11:{i:0;s:2:"21";i:1;s:3:"171";i:2;s:3:"172";i:3;s:3:"182";i:4;s:3:"207";i:5;s:3:"211";i:6;s:3:"213";i:7;s:3:"217";i:8;s:3:"219";i:9;s:3:"221";i:10;s:3:"225";}', 'a:33:{i:0;s:3:"177";i:1;s:3:"181";i:2;s:3:"183";i:3;s:3:"186";i:4;s:3:"187";i:5;s:3:"188";i:6;s:3:"189";i:7;s:3:"194";i:8;s:3:"195";i:9;s:3:"196";i:10;s:3:"197";i:11;s:3:"198";i:12;s:3:"199";i:13;s:3:"200";i:14;s:3:"201";i:15;s:3:"202";i:16;s:3:"203";i:17;s:3:"204";i:18;s:3:"205";i:19;s:3:"206";i:20;s:3:"191";i:21;s:3:"192";i:22;s:3:"193";i:23;s:3:"210";i:24;s:3:"212";i:25;s:3:"214";i:26;s:3:"215";i:27;s:3:"216";i:28;s:3:"218";i:29;s:3:"220";i:30;s:3:"223";i:31;s:3:"222";i:32;s:3:"226";}', 'Fernanda', '', 'fernanda'),
(84, 224, 77, 0, 4, 'Marta', 'Marta', '', '', 'marta', 'marta', 'a:33:{i:0;s:2:"38";i:1;s:2:"42";i:2;s:2:"43";i:3;s:2:"44";i:4;s:2:"45";i:5;s:2:"46";i:6;s:2:"47";i:7;s:2:"52";i:8;s:2:"53";i:9;s:2:"54";i:10;s:2:"55";i:11;s:2:"56";i:12;s:2:"57";i:13;s:2:"58";i:14;s:2:"59";i:15;s:2:"60";i:16;s:2:"61";i:17;s:2:"62";i:18;s:2:"63";i:19;s:2:"64";i:20;s:2:"49";i:21;s:2:"50";i:22;s:2:"51";i:23;s:2:"65";i:24;s:2:"66";i:25;s:2:"67";i:26;s:2:"68";i:27;s:2:"69";i:28;s:2:"70";i:29;s:2:"71";i:30;s:2:"74";i:31;s:2:"72";i:32;s:2:"75";}', 'a:11:{i:0;s:2:"21";i:1;s:3:"171";i:2;s:3:"172";i:3;s:3:"182";i:4;s:3:"207";i:5;s:3:"211";i:6;s:3:"213";i:7;s:3:"217";i:8;s:3:"219";i:9;s:3:"221";i:10;s:3:"225";}', 'a:33:{i:0;s:3:"177";i:1;s:3:"181";i:2;s:3:"183";i:3;s:3:"186";i:4;s:3:"187";i:5;s:3:"188";i:6;s:3:"189";i:7;s:3:"194";i:8;s:3:"195";i:9;s:3:"196";i:10;s:3:"197";i:11;s:3:"198";i:12;s:3:"199";i:13;s:3:"200";i:14;s:3:"201";i:15;s:3:"202";i:16;s:3:"203";i:17;s:3:"204";i:18;s:3:"205";i:19;s:3:"206";i:20;s:3:"191";i:21;s:3:"192";i:22;s:3:"193";i:23;s:3:"210";i:24;s:3:"212";i:25;s:3:"214";i:26;s:3:"215";i:27;s:3:"216";i:28;s:3:"218";i:29;s:3:"220";i:30;s:3:"223";i:31;s:3:"222";i:32;s:3:"226";}', 'Marta', '', 'marta'),
(85, 224, 77, 0, 6, 'Merry', 'Merry', '', '', 'merry', 'merry', 'a:33:{i:0;s:2:"38";i:1;s:2:"42";i:2;s:2:"43";i:3;s:2:"44";i:4;s:2:"45";i:5;s:2:"46";i:6;s:2:"47";i:7;s:2:"52";i:8;s:2:"53";i:9;s:2:"54";i:10;s:2:"55";i:11;s:2:"56";i:12;s:2:"57";i:13;s:2:"58";i:14;s:2:"59";i:15;s:2:"60";i:16;s:2:"61";i:17;s:2:"62";i:18;s:2:"63";i:19;s:2:"64";i:20;s:2:"49";i:21;s:2:"50";i:22;s:2:"51";i:23;s:2:"65";i:24;s:2:"66";i:25;s:2:"67";i:26;s:2:"68";i:27;s:2:"69";i:28;s:2:"70";i:29;s:2:"71";i:30;s:2:"74";i:31;s:2:"72";i:32;s:2:"75";}', 'a:11:{i:0;s:2:"21";i:1;s:3:"171";i:2;s:3:"172";i:3;s:3:"182";i:4;s:3:"207";i:5;s:3:"211";i:6;s:3:"213";i:7;s:3:"217";i:8;s:3:"219";i:9;s:3:"221";i:10;s:3:"225";}', 'a:33:{i:0;s:3:"177";i:1;s:3:"181";i:2;s:3:"183";i:3;s:3:"186";i:4;s:3:"187";i:5;s:3:"188";i:6;s:3:"189";i:7;s:3:"194";i:8;s:3:"195";i:9;s:3:"196";i:10;s:3:"197";i:11;s:3:"198";i:12;s:3:"199";i:13;s:3:"200";i:14;s:3:"201";i:15;s:3:"202";i:16;s:3:"203";i:17;s:3:"204";i:18;s:3:"205";i:19;s:3:"206";i:20;s:3:"191";i:21;s:3:"192";i:22;s:3:"193";i:23;s:3:"210";i:24;s:3:"212";i:25;s:3:"214";i:26;s:3:"215";i:27;s:3:"216";i:28;s:3:"218";i:29;s:3:"220";i:30;s:3:"223";i:31;s:3:"222";i:32;s:3:"226";}', 'Merry', '', 'merry'),
(86, 224, 77, 0, 2, 'Paulina', 'Paulina', '', '', 'paulina', 'paulina', 'a:33:{i:0;s:2:"38";i:1;s:2:"42";i:2;s:2:"43";i:3;s:2:"44";i:4;s:2:"45";i:5;s:2:"46";i:6;s:2:"47";i:7;s:2:"52";i:8;s:2:"53";i:9;s:2:"54";i:10;s:2:"55";i:11;s:2:"56";i:12;s:2:"57";i:13;s:2:"58";i:14;s:2:"59";i:15;s:2:"60";i:16;s:2:"61";i:17;s:2:"62";i:18;s:2:"63";i:19;s:2:"64";i:20;s:2:"49";i:21;s:2:"50";i:22;s:2:"51";i:23;s:2:"65";i:24;s:2:"66";i:25;s:2:"67";i:26;s:2:"68";i:27;s:2:"69";i:28;s:2:"70";i:29;s:2:"71";i:30;s:2:"74";i:31;s:2:"72";i:32;s:2:"75";}', 'a:11:{i:0;s:2:"21";i:1;s:3:"171";i:2;s:3:"172";i:3;s:3:"182";i:4;s:3:"207";i:5;s:3:"211";i:6;s:3:"213";i:7;s:3:"217";i:8;s:3:"219";i:9;s:3:"221";i:10;s:3:"225";}', 'a:33:{i:0;s:3:"177";i:1;s:3:"181";i:2;s:3:"183";i:3;s:3:"186";i:4;s:3:"187";i:5;s:3:"188";i:6;s:3:"189";i:7;s:3:"194";i:8;s:3:"195";i:9;s:3:"196";i:10;s:3:"197";i:11;s:3:"198";i:12;s:3:"199";i:13;s:3:"200";i:14;s:3:"201";i:15;s:3:"202";i:16;s:3:"203";i:17;s:3:"204";i:18;s:3:"205";i:19;s:3:"206";i:20;s:3:"191";i:21;s:3:"192";i:22;s:3:"193";i:23;s:3:"210";i:24;s:3:"212";i:25;s:3:"214";i:26;s:3:"215";i:27;s:3:"216";i:28;s:3:"218";i:29;s:3:"220";i:30;s:3:"223";i:31;s:3:"222";i:32;s:3:"226";}', 'Paulina', '', 'paulina'),
(87, 163, 2, 0, 12, 'Fabiana', 'Fabiana', '<p>Straight satin dress with a beaded, over-hanging lace bodice. Buttons on the back add a special cute detail to this vintage dress.&nbsp;</p>\n', '<p><span style=&quot;font-size: 13px;&quot;>Прямое атласное платье с кружевным расшитым верхом с напуском. Пуговицы на спине добавляет&nbsp;платью винтажности.</span></p>\n\n<p>&nbsp;</p>\n', 'fabiana', 'fabiana', 'a:36:{i:0;s:2:"38";i:1;s:2:"42";i:2;s:2:"43";i:3;s:2:"44";i:4;s:2:"45";i:5;s:2:"46";i:6;s:2:"47";i:7;s:2:"52";i:8;s:2:"53";i:9;s:2:"54";i:10;s:2:"55";i:11;s:2:"56";i:12;s:2:"57";i:13;s:2:"58";i:14;s:2:"59";i:15;s:2:"60";i:16;s:2:"61";i:17;s:2:"62";i:18;s:2:"63";i:19;s:2:"64";i:20;s:2:"49";i:21;s:2:"50";i:22;s:2:"51";i:23;s:2:"65";i:24;s:2:"66";i:25;s:2:"67";i:26;s:2:"68";i:27;s:2:"69";i:28;s:2:"70";i:29;s:2:"71";i:30;s:2:"74";i:31;s:2:"72";i:32;s:2:"75";i:33;s:2:"80";i:34;s:2:"82";i:35;s:2:"83";}', 'a:14:{i:0;s:2:"21";i:1;s:3:"171";i:2;s:3:"172";i:3;s:3:"182";i:4;s:3:"207";i:5;s:3:"211";i:6;s:3:"213";i:7;s:3:"217";i:8;s:3:"219";i:9;s:3:"221";i:10;s:3:"225";i:11;s:3:"230";i:12;s:3:"231";i:13;s:3:"232";}', 'a:36:{i:0;s:3:"177";i:1;s:3:"181";i:2;s:3:"183";i:3;s:3:"186";i:4;s:3:"187";i:5;s:3:"188";i:6;s:3:"189";i:7;s:3:"194";i:8;s:3:"195";i:9;s:3:"196";i:10;s:3:"197";i:11;s:3:"198";i:12;s:3:"199";i:13;s:3:"200";i:14;s:3:"201";i:15;s:3:"202";i:16;s:3:"203";i:17;s:3:"204";i:18;s:3:"205";i:19;s:3:"206";i:20;s:3:"191";i:21;s:3:"192";i:22;s:3:"193";i:23;s:3:"210";i:24;s:3:"212";i:25;s:3:"214";i:26;s:3:"215";i:27;s:3:"216";i:28;s:3:"218";i:29;s:3:"220";i:30;s:3:"223";i:31;s:3:"222";i:32;s:3:"226";i:33;s:3:"234";i:34;s:3:"238";i:35;s:3:"239";}', 'Fabiana', '<p><span style=&quot;font-size: 13px;&quot;>Пряма атласна сукня з мереживним розшитим верхом з напуском. Ґудзики на спинці додають сукні особливого вінтажного образу.&nbsp;</span></p>\n\n<p>&nbsp;</p>\n', 'fabiana');
INSERT INTO `ko_catalog` (`catalog_id`, `menu_id`, `component_id`, `hidden`, `position`, `title_en`, `title_ru`, `text_en`, `text_ru`, `url_en`, `url_ru`, `shops`, `country`, `city`, `title_ua`, `text_ua`, `url_ua`) VALUES
(88, 163, 2, 0, 3, 'Vanessa', 'Vanessa', '<p>Gorgeous lace mermaid transformer dress with an attachable tulle train. Dress perfectly hugs the hips showing-off the curves.&nbsp; Skin colour net on the back, sleeves and neckline creates a second-skin illusion.&nbsp;</p>\n', '<p>\n<style type=&quot;text/css&quot;>p.p1 {margin: 0.0px 0.0px 0.0px 0.0px; font: 13.0px Helvetica; color: #333333; -webkit-text-stroke: #333333}\nspan.s1 {font-kerning: none}\n</style>\n</p>\n\n<p class=&quot;p1&quot;><span class=&quot;s1&quot;>Фантастическое кружевное платье-трансформер &nbsp;силуэта&nbsp;&nbsp;&quot;рыбка&quot; с отстегивающимся&nbsp;шлейфом из фатина.&nbsp;Рукава, спинка&nbsp;и вырез на горловине&nbsp;украшены сеткой телесного цвета с кружевными деталями</span></p>\n\n<p>&nbsp;</p>\n', 'vanessa', 'vanessa', 'a:36:{i:0;s:2:"38";i:1;s:2:"42";i:2;s:2:"43";i:3;s:2:"44";i:4;s:2:"45";i:5;s:2:"46";i:6;s:2:"47";i:7;s:2:"52";i:8;s:2:"53";i:9;s:2:"54";i:10;s:2:"55";i:11;s:2:"56";i:12;s:2:"57";i:13;s:2:"58";i:14;s:2:"59";i:15;s:2:"60";i:16;s:2:"61";i:17;s:2:"62";i:18;s:2:"63";i:19;s:2:"64";i:20;s:2:"49";i:21;s:2:"50";i:22;s:2:"51";i:23;s:2:"65";i:24;s:2:"66";i:25;s:2:"67";i:26;s:2:"68";i:27;s:2:"69";i:28;s:2:"70";i:29;s:2:"71";i:30;s:2:"74";i:31;s:2:"72";i:32;s:2:"75";i:33;s:2:"80";i:34;s:2:"82";i:35;s:2:"83";}', 'a:14:{i:0;s:2:"21";i:1;s:3:"171";i:2;s:3:"172";i:3;s:3:"182";i:4;s:3:"207";i:5;s:3:"211";i:6;s:3:"213";i:7;s:3:"217";i:8;s:3:"219";i:9;s:3:"221";i:10;s:3:"225";i:11;s:3:"230";i:12;s:3:"231";i:13;s:3:"232";}', 'a:36:{i:0;s:3:"177";i:1;s:3:"181";i:2;s:3:"183";i:3;s:3:"186";i:4;s:3:"187";i:5;s:3:"188";i:6;s:3:"189";i:7;s:3:"194";i:8;s:3:"195";i:9;s:3:"196";i:10;s:3:"197";i:11;s:3:"198";i:12;s:3:"199";i:13;s:3:"200";i:14;s:3:"201";i:15;s:3:"202";i:16;s:3:"203";i:17;s:3:"204";i:18;s:3:"205";i:19;s:3:"206";i:20;s:3:"191";i:21;s:3:"192";i:22;s:3:"193";i:23;s:3:"210";i:24;s:3:"212";i:25;s:3:"214";i:26;s:3:"215";i:27;s:3:"216";i:28;s:3:"218";i:29;s:3:"220";i:30;s:3:"223";i:31;s:3:"222";i:32;s:3:"226";i:33;s:3:"234";i:34;s:3:"238";i:35;s:3:"239";}', 'Vanessa', '<p>\n<style type=&quot;text/css&quot;>p.p1 {margin: 0.0px 0.0px 0.0px 0.0px; font: 13.0px Helvetica; color: #333333; -webkit-text-stroke: #333333}\nspan.s1 {font-kerning: none}\n</style>\n</p>\n\n<p class=&quot;p1&quot;><span class=&quot;s1&quot;>Фантастична мереживна сукня-трансформер силуету &ldquo;рибка&rdquo; з причепним шлейфом з фатину. Сукня ідеально підкреслює фігуру. Рукави, спинку&nbsp;та горловину прикрашає тілесна сіточка з мереживними деталями.</span></p>\n\n<p>&nbsp;</p>\n', 'vanessa'),
(89, 163, 2, 0, 7, 'Magnolia', 'Magnolia', '<p>A-line transformer dress in satin and lace.&nbsp; Extra bolero with 3-D flowers and Swarovski elements. Same flowers used on a gorgeous extra skirt that perfectly finishes the dress.&nbsp;</p>\n', '<p><span style=&quot;font-size: 13px;&quot;>Платье-трансформер А-силуэта&nbsp;из атласа и кружева. Дополнительная накидка с 3-D цветами и камнями Swarovski. Такие же цветочные элементы украшают дополнительную юбку, которая идеально завершает образ платья.</span></p>\n\n<p>&nbsp;</p>\n', 'magnolia', 'magnolia', 'a:36:{i:0;s:2:"38";i:1;s:2:"42";i:2;s:2:"43";i:3;s:2:"44";i:4;s:2:"45";i:5;s:2:"46";i:6;s:2:"47";i:7;s:2:"52";i:8;s:2:"53";i:9;s:2:"54";i:10;s:2:"55";i:11;s:2:"56";i:12;s:2:"57";i:13;s:2:"58";i:14;s:2:"59";i:15;s:2:"60";i:16;s:2:"61";i:17;s:2:"62";i:18;s:2:"63";i:19;s:2:"64";i:20;s:2:"49";i:21;s:2:"50";i:22;s:2:"51";i:23;s:2:"65";i:24;s:2:"66";i:25;s:2:"67";i:26;s:2:"68";i:27;s:2:"69";i:28;s:2:"70";i:29;s:2:"71";i:30;s:2:"74";i:31;s:2:"72";i:32;s:2:"75";i:33;s:2:"80";i:34;s:2:"82";i:35;s:2:"83";}', 'a:14:{i:0;s:2:"21";i:1;s:3:"171";i:2;s:3:"172";i:3;s:3:"182";i:4;s:3:"207";i:5;s:3:"211";i:6;s:3:"213";i:7;s:3:"217";i:8;s:3:"219";i:9;s:3:"221";i:10;s:3:"225";i:11;s:3:"230";i:12;s:3:"231";i:13;s:3:"232";}', 'a:36:{i:0;s:3:"177";i:1;s:3:"181";i:2;s:3:"183";i:3;s:3:"186";i:4;s:3:"187";i:5;s:3:"188";i:6;s:3:"189";i:7;s:3:"194";i:8;s:3:"195";i:9;s:3:"196";i:10;s:3:"197";i:11;s:3:"198";i:12;s:3:"199";i:13;s:3:"200";i:14;s:3:"201";i:15;s:3:"202";i:16;s:3:"203";i:17;s:3:"204";i:18;s:3:"205";i:19;s:3:"206";i:20;s:3:"191";i:21;s:3:"192";i:22;s:3:"193";i:23;s:3:"210";i:24;s:3:"212";i:25;s:3:"214";i:26;s:3:"215";i:27;s:3:"216";i:28;s:3:"218";i:29;s:3:"220";i:30;s:3:"223";i:31;s:3:"222";i:32;s:3:"226";i:33;s:3:"234";i:34;s:3:"238";i:35;s:3:"239";}', 'Magnolia', '<p><span style=&quot;font-size: 13px;&quot;>Сукня-трансформер А силуету з атласу і мережива. Додаткова накидка з 3-D квітами та камінням Swarovski. Такі ж квіткові елементи прикрашають додаткову спідничку, яка ідеально завершує образ сукні.&nbsp;</span></p>\n\n<p>&nbsp;</p>\n', 'magnolia'),
(90, 163, 2, 0, 21, 'Amely', 'Amely', '<p>Princess ball gown in tulle and beaded lace appliques. &nbsp;Tulle sash beautifully accentuates the waist.&nbsp;</p>\n', '<p><span style=&quot;font-size: 13px;&quot;>Пышное &nbsp;платье с расшитыми кружевными аппликациями. Фатиновый поясок прекрасно подчеркивает талию.</span></p>\n\n<p>&nbsp;</p>\n', 'amely', 'amely', 'a:36:{i:0;s:2:"38";i:1;s:2:"42";i:2;s:2:"43";i:3;s:2:"44";i:4;s:2:"45";i:5;s:2:"46";i:6;s:2:"47";i:7;s:2:"52";i:8;s:2:"53";i:9;s:2:"54";i:10;s:2:"55";i:11;s:2:"56";i:12;s:2:"57";i:13;s:2:"58";i:14;s:2:"59";i:15;s:2:"60";i:16;s:2:"61";i:17;s:2:"62";i:18;s:2:"63";i:19;s:2:"64";i:20;s:2:"49";i:21;s:2:"50";i:22;s:2:"51";i:23;s:2:"65";i:24;s:2:"66";i:25;s:2:"67";i:26;s:2:"68";i:27;s:2:"69";i:28;s:2:"70";i:29;s:2:"71";i:30;s:2:"74";i:31;s:2:"72";i:32;s:2:"75";i:33;s:2:"80";i:34;s:2:"82";i:35;s:2:"83";}', 'a:14:{i:0;s:2:"21";i:1;s:3:"171";i:2;s:3:"172";i:3;s:3:"182";i:4;s:3:"207";i:5;s:3:"211";i:6;s:3:"213";i:7;s:3:"217";i:8;s:3:"219";i:9;s:3:"221";i:10;s:3:"225";i:11;s:3:"230";i:12;s:3:"231";i:13;s:3:"232";}', 'a:36:{i:0;s:3:"177";i:1;s:3:"181";i:2;s:3:"183";i:3;s:3:"186";i:4;s:3:"187";i:5;s:3:"188";i:6;s:3:"189";i:7;s:3:"194";i:8;s:3:"195";i:9;s:3:"196";i:10;s:3:"197";i:11;s:3:"198";i:12;s:3:"199";i:13;s:3:"200";i:14;s:3:"201";i:15;s:3:"202";i:16;s:3:"203";i:17;s:3:"204";i:18;s:3:"205";i:19;s:3:"206";i:20;s:3:"191";i:21;s:3:"192";i:22;s:3:"193";i:23;s:3:"210";i:24;s:3:"212";i:25;s:3:"214";i:26;s:3:"215";i:27;s:3:"216";i:28;s:3:"218";i:29;s:3:"220";i:30;s:3:"223";i:31;s:3:"222";i:32;s:3:"226";i:33;s:3:"234";i:34;s:3:"238";i:35;s:3:"239";}', 'Amely', '<p><span style=&quot;font-size: 13px;&quot;>Пишна сукня з розшитими мереживними аплікаціями. Фатиновий поясок чудово підкреслює талію.&nbsp;</span></p>\n\n<p>&nbsp;</p>\n', 'amely'),
(91, 224, 77, 0, 5, 'Molly', 'Molly', '', '', 'molly', 'molly', 'a:33:{i:0;s:2:"38";i:1;s:2:"42";i:2;s:2:"43";i:3;s:2:"44";i:4;s:2:"45";i:5;s:2:"46";i:6;s:2:"47";i:7;s:2:"52";i:8;s:2:"53";i:9;s:2:"54";i:10;s:2:"55";i:11;s:2:"56";i:12;s:2:"57";i:13;s:2:"58";i:14;s:2:"59";i:15;s:2:"60";i:16;s:2:"61";i:17;s:2:"62";i:18;s:2:"63";i:19;s:2:"64";i:20;s:2:"49";i:21;s:2:"50";i:22;s:2:"51";i:23;s:2:"65";i:24;s:2:"66";i:25;s:2:"67";i:26;s:2:"68";i:27;s:2:"69";i:28;s:2:"70";i:29;s:2:"71";i:30;s:2:"74";i:31;s:2:"72";i:32;s:2:"75";}', 'a:11:{i:0;s:2:"21";i:1;s:3:"171";i:2;s:3:"172";i:3;s:3:"182";i:4;s:3:"207";i:5;s:3:"211";i:6;s:3:"213";i:7;s:3:"217";i:8;s:3:"219";i:9;s:3:"221";i:10;s:3:"225";}', 'a:33:{i:0;s:3:"177";i:1;s:3:"181";i:2;s:3:"183";i:3;s:3:"186";i:4;s:3:"187";i:5;s:3:"188";i:6;s:3:"189";i:7;s:3:"194";i:8;s:3:"195";i:9;s:3:"196";i:10;s:3:"197";i:11;s:3:"198";i:12;s:3:"199";i:13;s:3:"200";i:14;s:3:"201";i:15;s:3:"202";i:16;s:3:"203";i:17;s:3:"204";i:18;s:3:"205";i:19;s:3:"206";i:20;s:3:"191";i:21;s:3:"192";i:22;s:3:"193";i:23;s:3:"210";i:24;s:3:"212";i:25;s:3:"214";i:26;s:3:"215";i:27;s:3:"216";i:28;s:3:"218";i:29;s:3:"220";i:30;s:3:"223";i:31;s:3:"222";i:32;s:3:"226";}', 'Molly', '', 'molly'),
(92, 224, 77, 0, 0, 'Kimberly', 'Kimberly', '', '', 'kimberly', 'kimberly', 'a:33:{i:0;s:2:"38";i:1;s:2:"42";i:2;s:2:"43";i:3;s:2:"44";i:4;s:2:"45";i:5;s:2:"46";i:6;s:2:"47";i:7;s:2:"52";i:8;s:2:"53";i:9;s:2:"54";i:10;s:2:"55";i:11;s:2:"56";i:12;s:2:"57";i:13;s:2:"58";i:14;s:2:"59";i:15;s:2:"60";i:16;s:2:"61";i:17;s:2:"62";i:18;s:2:"63";i:19;s:2:"64";i:20;s:2:"49";i:21;s:2:"50";i:22;s:2:"51";i:23;s:2:"65";i:24;s:2:"66";i:25;s:2:"67";i:26;s:2:"68";i:27;s:2:"69";i:28;s:2:"70";i:29;s:2:"71";i:30;s:2:"74";i:31;s:2:"72";i:32;s:2:"75";}', 'a:11:{i:0;s:2:"21";i:1;s:3:"171";i:2;s:3:"172";i:3;s:3:"182";i:4;s:3:"207";i:5;s:3:"211";i:6;s:3:"213";i:7;s:3:"217";i:8;s:3:"219";i:9;s:3:"221";i:10;s:3:"225";}', 'a:33:{i:0;s:3:"177";i:1;s:3:"181";i:2;s:3:"183";i:3;s:3:"186";i:4;s:3:"187";i:5;s:3:"188";i:6;s:3:"189";i:7;s:3:"194";i:8;s:3:"195";i:9;s:3:"196";i:10;s:3:"197";i:11;s:3:"198";i:12;s:3:"199";i:13;s:3:"200";i:14;s:3:"201";i:15;s:3:"202";i:16;s:3:"203";i:17;s:3:"204";i:18;s:3:"205";i:19;s:3:"206";i:20;s:3:"191";i:21;s:3:"192";i:22;s:3:"193";i:23;s:3:"210";i:24;s:3:"212";i:25;s:3:"214";i:26;s:3:"215";i:27;s:3:"216";i:28;s:3:"218";i:29;s:3:"220";i:30;s:3:"223";i:31;s:3:"222";i:32;s:3:"226";}', 'Kimberly', '', 'kimberly'),
(93, 224, 77, 0, 1, 'Cassablanca', 'Cassablanca', '', '', 'cassablanca', 'cassablanca', 'a:33:{i:0;s:2:"38";i:1;s:2:"42";i:2;s:2:"43";i:3;s:2:"44";i:4;s:2:"45";i:5;s:2:"46";i:6;s:2:"47";i:7;s:2:"52";i:8;s:2:"53";i:9;s:2:"54";i:10;s:2:"55";i:11;s:2:"56";i:12;s:2:"57";i:13;s:2:"58";i:14;s:2:"59";i:15;s:2:"60";i:16;s:2:"61";i:17;s:2:"62";i:18;s:2:"63";i:19;s:2:"64";i:20;s:2:"49";i:21;s:2:"50";i:22;s:2:"51";i:23;s:2:"65";i:24;s:2:"66";i:25;s:2:"67";i:26;s:2:"68";i:27;s:2:"69";i:28;s:2:"70";i:29;s:2:"71";i:30;s:2:"74";i:31;s:2:"72";i:32;s:2:"75";}', 'a:11:{i:0;s:2:"21";i:1;s:3:"171";i:2;s:3:"172";i:3;s:3:"182";i:4;s:3:"207";i:5;s:3:"211";i:6;s:3:"213";i:7;s:3:"217";i:8;s:3:"219";i:9;s:3:"221";i:10;s:3:"225";}', 'a:33:{i:0;s:3:"177";i:1;s:3:"181";i:2;s:3:"183";i:3;s:3:"186";i:4;s:3:"187";i:5;s:3:"188";i:6;s:3:"189";i:7;s:3:"194";i:8;s:3:"195";i:9;s:3:"196";i:10;s:3:"197";i:11;s:3:"198";i:12;s:3:"199";i:13;s:3:"200";i:14;s:3:"201";i:15;s:3:"202";i:16;s:3:"203";i:17;s:3:"204";i:18;s:3:"205";i:19;s:3:"206";i:20;s:3:"191";i:21;s:3:"192";i:22;s:3:"193";i:23;s:3:"210";i:24;s:3:"212";i:25;s:3:"214";i:26;s:3:"215";i:27;s:3:"216";i:28;s:3:"218";i:29;s:3:"220";i:30;s:3:"223";i:31;s:3:"222";i:32;s:3:"226";}', 'Cassablanca', '', 'cassablanca'),
(107, 163, 2, 0, 1, 'Martina', 'Martina', '<p>\n<style type=&quot;text/css&quot;>p.p1 {margin: 0.0px 0.0px 0.0px 0.0px; font: 12.0px &#39;Helvetica Neue&#39;; color: #454545}\np.p2 {margin: 0.0px 0.0px 0.0px 0.0px; font: 12.0px &#39;Helvetica Neue&#39;; color: #e4af0a}\nspan.s1 {text-decoration: underline}\n</style>\n</p>\n\n<p>Absolutely stunning vintage transformer dress with extra bolero and tulle skirt. &nbsp;Split sleeves decorated with gemstones make this dress very unique. &nbsp;Also available in ivory.&nbsp;</p>\n', '<p>&nbsp;Удивительно легкое платье-трансформер в стиле boho с &nbsp;болеро и фатиновою юбкой. Рукава с разрезами, украшенные ручной вышивкой , добавляют уникальности целому ансамблю. Также доступное в цвете айвори.</p>\n\n<p>&nbsp;</p>\n', 'martina', 'martina', 'a:36:{i:0;s:2:"38";i:1;s:2:"42";i:2;s:2:"43";i:3;s:2:"44";i:4;s:2:"45";i:5;s:2:"46";i:6;s:2:"47";i:7;s:2:"52";i:8;s:2:"53";i:9;s:2:"54";i:10;s:2:"55";i:11;s:2:"56";i:12;s:2:"57";i:13;s:2:"58";i:14;s:2:"59";i:15;s:2:"60";i:16;s:2:"61";i:17;s:2:"62";i:18;s:2:"63";i:19;s:2:"64";i:20;s:2:"49";i:21;s:2:"50";i:22;s:2:"51";i:23;s:2:"65";i:24;s:2:"66";i:25;s:2:"67";i:26;s:2:"68";i:27;s:2:"69";i:28;s:2:"70";i:29;s:2:"71";i:30;s:2:"74";i:31;s:2:"72";i:32;s:2:"75";i:33;s:2:"80";i:34;s:2:"82";i:35;s:2:"83";}', 'a:14:{i:0;s:2:"21";i:1;s:3:"171";i:2;s:3:"172";i:3;s:3:"182";i:4;s:3:"207";i:5;s:3:"211";i:6;s:3:"213";i:7;s:3:"217";i:8;s:3:"219";i:9;s:3:"221";i:10;s:3:"225";i:11;s:3:"230";i:12;s:3:"231";i:13;s:3:"232";}', 'a:36:{i:0;s:3:"177";i:1;s:3:"181";i:2;s:3:"183";i:3;s:3:"186";i:4;s:3:"187";i:5;s:3:"188";i:6;s:3:"189";i:7;s:3:"194";i:8;s:3:"195";i:9;s:3:"196";i:10;s:3:"197";i:11;s:3:"198";i:12;s:3:"199";i:13;s:3:"200";i:14;s:3:"201";i:15;s:3:"202";i:16;s:3:"203";i:17;s:3:"204";i:18;s:3:"205";i:19;s:3:"206";i:20;s:3:"191";i:21;s:3:"192";i:22;s:3:"193";i:23;s:3:"210";i:24;s:3:"212";i:25;s:3:"214";i:26;s:3:"215";i:27;s:3:"216";i:28;s:3:"218";i:29;s:3:"220";i:30;s:3:"223";i:31;s:3:"222";i:32;s:3:"226";i:33;s:3:"234";i:34;s:3:"238";i:35;s:3:"239";}', 'Martina', '<p>Надзвичайно легка сукня-трансформер в стилі boho з болеро та фатиновою спідничкою. Рукави з розрізами, прикрашені розшивкою, додають унікальності цілому ансамблю. Також доступна&nbsp; в кольорі айворі.&nbsp;</p>\n', 'martina'),
(109, 163, 2, 0, 22, 'Renee', 'Renee', '<p>Soft tulle dress with a beautiful floral lace. Crew neckline decorated with a light beading.&nbsp;</p>\n', '<p>Платье из мягкого фатина и вставкой из цветочного кружева. Вырез лодочкой украшен нежной вышивкой.</p>\n\n<p>&nbsp;</p>\n\n<p>&nbsp;</p>\n', 'renee', 'renee', 'a:36:{i:0;s:2:"38";i:1;s:2:"42";i:2;s:2:"43";i:3;s:2:"44";i:4;s:2:"45";i:5;s:2:"46";i:6;s:2:"47";i:7;s:2:"52";i:8;s:2:"53";i:9;s:2:"54";i:10;s:2:"55";i:11;s:2:"56";i:12;s:2:"57";i:13;s:2:"58";i:14;s:2:"59";i:15;s:2:"60";i:16;s:2:"61";i:17;s:2:"62";i:18;s:2:"63";i:19;s:2:"64";i:20;s:2:"49";i:21;s:2:"50";i:22;s:2:"51";i:23;s:2:"65";i:24;s:2:"66";i:25;s:2:"67";i:26;s:2:"68";i:27;s:2:"69";i:28;s:2:"70";i:29;s:2:"71";i:30;s:2:"74";i:31;s:2:"72";i:32;s:2:"75";i:33;s:2:"80";i:34;s:2:"82";i:35;s:2:"83";}', 'a:14:{i:0;s:2:"21";i:1;s:3:"171";i:2;s:3:"172";i:3;s:3:"182";i:4;s:3:"207";i:5;s:3:"211";i:6;s:3:"213";i:7;s:3:"217";i:8;s:3:"219";i:9;s:3:"221";i:10;s:3:"225";i:11;s:3:"230";i:12;s:3:"231";i:13;s:3:"232";}', 'a:36:{i:0;s:3:"177";i:1;s:3:"181";i:2;s:3:"183";i:3;s:3:"186";i:4;s:3:"187";i:5;s:3:"188";i:6;s:3:"189";i:7;s:3:"194";i:8;s:3:"195";i:9;s:3:"196";i:10;s:3:"197";i:11;s:3:"198";i:12;s:3:"199";i:13;s:3:"200";i:14;s:3:"201";i:15;s:3:"202";i:16;s:3:"203";i:17;s:3:"204";i:18;s:3:"205";i:19;s:3:"206";i:20;s:3:"191";i:21;s:3:"192";i:22;s:3:"193";i:23;s:3:"210";i:24;s:3:"212";i:25;s:3:"214";i:26;s:3:"215";i:27;s:3:"216";i:28;s:3:"218";i:29;s:3:"220";i:30;s:3:"223";i:31;s:3:"222";i:32;s:3:"226";i:33;s:3:"234";i:34;s:3:"238";i:35;s:3:"239";}', 'Renne', '<p>Сукня з м&rsquo;якого фатину та вставкою з квіткового мережива. Виріз човником прикрашений ніжною розшивкою.</p>\n\n<p>&nbsp;</p>\n', 'renne'),
(111, 163, 2, 0, 24, 'Belynda', 'Belynda', '<p>Tulle ball gown with a full skirt. Tulle&nbsp; sweetheart neckline is decorated with a gorgeous beaded lace appliqu&eacute; that creates a necklace effect.</p>\n\n<p>&nbsp;</p>\n', '<p>Фатиновое платье с пышной юбкой. Декольте &nbsp;в форме сердца украшено расшитой кружевной аппликацией, которая создает эффект подвески.</p>\n', 'belynda', 'belynda', 'a:36:{i:0;s:2:"38";i:1;s:2:"42";i:2;s:2:"43";i:3;s:2:"44";i:4;s:2:"45";i:5;s:2:"46";i:6;s:2:"47";i:7;s:2:"52";i:8;s:2:"53";i:9;s:2:"54";i:10;s:2:"55";i:11;s:2:"56";i:12;s:2:"57";i:13;s:2:"58";i:14;s:2:"59";i:15;s:2:"60";i:16;s:2:"61";i:17;s:2:"62";i:18;s:2:"63";i:19;s:2:"64";i:20;s:2:"49";i:21;s:2:"50";i:22;s:2:"51";i:23;s:2:"65";i:24;s:2:"66";i:25;s:2:"67";i:26;s:2:"68";i:27;s:2:"69";i:28;s:2:"70";i:29;s:2:"71";i:30;s:2:"74";i:31;s:2:"72";i:32;s:2:"75";i:33;s:2:"80";i:34;s:2:"82";i:35;s:2:"83";}', 'a:14:{i:0;s:2:"21";i:1;s:3:"171";i:2;s:3:"172";i:3;s:3:"182";i:4;s:3:"207";i:5;s:3:"211";i:6;s:3:"213";i:7;s:3:"217";i:8;s:3:"219";i:9;s:3:"221";i:10;s:3:"225";i:11;s:3:"230";i:12;s:3:"231";i:13;s:3:"232";}', 'a:36:{i:0;s:3:"177";i:1;s:3:"181";i:2;s:3:"183";i:3;s:3:"186";i:4;s:3:"187";i:5;s:3:"188";i:6;s:3:"189";i:7;s:3:"194";i:8;s:3:"195";i:9;s:3:"196";i:10;s:3:"197";i:11;s:3:"198";i:12;s:3:"199";i:13;s:3:"200";i:14;s:3:"201";i:15;s:3:"202";i:16;s:3:"203";i:17;s:3:"204";i:18;s:3:"205";i:19;s:3:"206";i:20;s:3:"191";i:21;s:3:"192";i:22;s:3:"193";i:23;s:3:"210";i:24;s:3:"212";i:25;s:3:"214";i:26;s:3:"215";i:27;s:3:"216";i:28;s:3:"218";i:29;s:3:"220";i:30;s:3:"223";i:31;s:3:"222";i:32;s:3:"226";i:33;s:3:"234";i:34;s:3:"238";i:35;s:3:"239";}', 'Belynda', '<p>Фатинова сукня з пишною спідницею. Декольте у формі серця прикрашене розшитою мереживною аплікацією, яка створює ефект підвіски.</p>\n\n<p>&nbsp;</p>\n', 'belynda'),
(112, 163, 2, 0, 16, 'Kendall', 'Kendall', '<p>Transformer wedding dress with a tulle skirt and lace bodice. Extra bolero with floral lace and a narrow sash perfectly finishes the look. The back is decorated with 3-D flower elements.&nbsp;</p>\n', '<p>Платье трансформер с фатиновою юбкой и кружевным корсетом. Болеро с цветочным кружевом и узкий поясок идеально завершают ансамбль. Спинка задекорированы 3-D цветочными элементами.</p>\n', 'kendall', 'kendall', 'a:36:{i:0;s:2:"38";i:1;s:2:"42";i:2;s:2:"43";i:3;s:2:"44";i:4;s:2:"45";i:5;s:2:"46";i:6;s:2:"47";i:7;s:2:"52";i:8;s:2:"53";i:9;s:2:"54";i:10;s:2:"55";i:11;s:2:"56";i:12;s:2:"57";i:13;s:2:"58";i:14;s:2:"59";i:15;s:2:"60";i:16;s:2:"61";i:17;s:2:"62";i:18;s:2:"63";i:19;s:2:"64";i:20;s:2:"49";i:21;s:2:"50";i:22;s:2:"51";i:23;s:2:"65";i:24;s:2:"66";i:25;s:2:"67";i:26;s:2:"68";i:27;s:2:"69";i:28;s:2:"70";i:29;s:2:"71";i:30;s:2:"74";i:31;s:2:"72";i:32;s:2:"75";i:33;s:2:"80";i:34;s:2:"82";i:35;s:2:"83";}', 'a:14:{i:0;s:2:"21";i:1;s:3:"171";i:2;s:3:"172";i:3;s:3:"182";i:4;s:3:"207";i:5;s:3:"211";i:6;s:3:"213";i:7;s:3:"217";i:8;s:3:"219";i:9;s:3:"221";i:10;s:3:"225";i:11;s:3:"230";i:12;s:3:"231";i:13;s:3:"232";}', 'a:36:{i:0;s:3:"177";i:1;s:3:"181";i:2;s:3:"183";i:3;s:3:"186";i:4;s:3:"187";i:5;s:3:"188";i:6;s:3:"189";i:7;s:3:"194";i:8;s:3:"195";i:9;s:3:"196";i:10;s:3:"197";i:11;s:3:"198";i:12;s:3:"199";i:13;s:3:"200";i:14;s:3:"201";i:15;s:3:"202";i:16;s:3:"203";i:17;s:3:"204";i:18;s:3:"205";i:19;s:3:"206";i:20;s:3:"191";i:21;s:3:"192";i:22;s:3:"193";i:23;s:3:"210";i:24;s:3:"212";i:25;s:3:"214";i:26;s:3:"215";i:27;s:3:"216";i:28;s:3:"218";i:29;s:3:"220";i:30;s:3:"223";i:31;s:3:"222";i:32;s:3:"226";i:33;s:3:"234";i:34;s:3:"238";i:35;s:3:"239";}', 'Kendall', '<p>Сукня трансформер з фатиновою спідничкою та мереживним корсетом. Болеро з квітковим мереживом та вузенький поясок ідеально завершують образ. Спинка задекорована 3-D квітковими елементами.&nbsp;</p>\n', 'kendall'),
(113, 163, 2, 0, 20, 'Lydia', 'Lydia', '<p>Classic wedding dress with the tulle skirt and lace bodice. Narrow sash beautifully accentuates the waist. Crew neckline is decorated with a soft beading.&nbsp;</p>\n', '<p>Классическое свадебное платье с фатиновою юбкой и кружевным корсетом. Узкий пояс красиво подчеркивает талию. Вырез лодочкой украшен нежной вышивкой.</p>\n\n<p><br />\n​</p>\n', 'lydia', 'lydia', 'a:36:{i:0;s:2:"38";i:1;s:2:"42";i:2;s:2:"43";i:3;s:2:"44";i:4;s:2:"45";i:5;s:2:"46";i:6;s:2:"47";i:7;s:2:"52";i:8;s:2:"53";i:9;s:2:"54";i:10;s:2:"55";i:11;s:2:"56";i:12;s:2:"57";i:13;s:2:"58";i:14;s:2:"59";i:15;s:2:"60";i:16;s:2:"61";i:17;s:2:"62";i:18;s:2:"63";i:19;s:2:"64";i:20;s:2:"49";i:21;s:2:"50";i:22;s:2:"51";i:23;s:2:"65";i:24;s:2:"66";i:25;s:2:"67";i:26;s:2:"68";i:27;s:2:"69";i:28;s:2:"70";i:29;s:2:"71";i:30;s:2:"74";i:31;s:2:"72";i:32;s:2:"75";i:33;s:2:"80";i:34;s:2:"82";i:35;s:2:"83";}', 'a:14:{i:0;s:2:"21";i:1;s:3:"171";i:2;s:3:"172";i:3;s:3:"182";i:4;s:3:"207";i:5;s:3:"211";i:6;s:3:"213";i:7;s:3:"217";i:8;s:3:"219";i:9;s:3:"221";i:10;s:3:"225";i:11;s:3:"230";i:12;s:3:"231";i:13;s:3:"232";}', 'a:36:{i:0;s:3:"177";i:1;s:3:"181";i:2;s:3:"183";i:3;s:3:"186";i:4;s:3:"187";i:5;s:3:"188";i:6;s:3:"189";i:7;s:3:"194";i:8;s:3:"195";i:9;s:3:"196";i:10;s:3:"197";i:11;s:3:"198";i:12;s:3:"199";i:13;s:3:"200";i:14;s:3:"201";i:15;s:3:"202";i:16;s:3:"203";i:17;s:3:"204";i:18;s:3:"205";i:19;s:3:"206";i:20;s:3:"191";i:21;s:3:"192";i:22;s:3:"193";i:23;s:3:"210";i:24;s:3:"212";i:25;s:3:"214";i:26;s:3:"215";i:27;s:3:"216";i:28;s:3:"218";i:29;s:3:"220";i:30;s:3:"223";i:31;s:3:"222";i:32;s:3:"226";i:33;s:3:"234";i:34;s:3:"238";i:35;s:3:"239";}', 'Lydia', '<p>Класична весільна сукня з фатиновою спідничкою та мереживним корсетом. Вузенький пояс гарно підкреслює талію. Виріз човником прикрашений ніжною розшивкою.</p>\n\n<p><br />\n​</p>\n', 'lydia'),
(114, 163, 2, 0, 25, 'Margo', 'Margo', '<p>A-line all over lace dress with a satin panel in the middle decorated with gorgeous lace appliqu&eacute; suites absolutely all body types. Gorgeous train and lace back make the dress look very romantic.&nbsp;</p>\n', '<p>Кружевное платье А-силуэтa. Атласная вставка по центру юбки задекорированая кружевной аппликацией.</p>\n\n<p>&nbsp;</p>\n', 'margo', 'margo', 'a:36:{i:0;s:2:"38";i:1;s:2:"42";i:2;s:2:"43";i:3;s:2:"44";i:4;s:2:"45";i:5;s:2:"46";i:6;s:2:"47";i:7;s:2:"52";i:8;s:2:"53";i:9;s:2:"54";i:10;s:2:"55";i:11;s:2:"56";i:12;s:2:"57";i:13;s:2:"58";i:14;s:2:"59";i:15;s:2:"60";i:16;s:2:"61";i:17;s:2:"62";i:18;s:2:"63";i:19;s:2:"64";i:20;s:2:"49";i:21;s:2:"50";i:22;s:2:"51";i:23;s:2:"65";i:24;s:2:"66";i:25;s:2:"67";i:26;s:2:"68";i:27;s:2:"69";i:28;s:2:"70";i:29;s:2:"71";i:30;s:2:"74";i:31;s:2:"72";i:32;s:2:"75";i:33;s:2:"80";i:34;s:2:"82";i:35;s:2:"83";}', 'a:14:{i:0;s:2:"21";i:1;s:3:"171";i:2;s:3:"172";i:3;s:3:"182";i:4;s:3:"207";i:5;s:3:"211";i:6;s:3:"213";i:7;s:3:"217";i:8;s:3:"219";i:9;s:3:"221";i:10;s:3:"225";i:11;s:3:"230";i:12;s:3:"231";i:13;s:3:"232";}', 'a:36:{i:0;s:3:"177";i:1;s:3:"181";i:2;s:3:"183";i:3;s:3:"186";i:4;s:3:"187";i:5;s:3:"188";i:6;s:3:"189";i:7;s:3:"194";i:8;s:3:"195";i:9;s:3:"196";i:10;s:3:"197";i:11;s:3:"198";i:12;s:3:"199";i:13;s:3:"200";i:14;s:3:"201";i:15;s:3:"202";i:16;s:3:"203";i:17;s:3:"204";i:18;s:3:"205";i:19;s:3:"206";i:20;s:3:"191";i:21;s:3:"192";i:22;s:3:"193";i:23;s:3:"210";i:24;s:3:"212";i:25;s:3:"214";i:26;s:3:"215";i:27;s:3:"216";i:28;s:3:"218";i:29;s:3:"220";i:30;s:3:"223";i:31;s:3:"222";i:32;s:3:"226";i:33;s:3:"234";i:34;s:3:"238";i:35;s:3:"239";}', 'Margo', '<p>Мереживна сукня А-силуету. Атласна вставка по середині спідниці задекорована мереживною аплікацією.&nbsp;</p>\n', 'margo'),
(115, 163, 2, 0, 17, 'Vivi', 'Vivi', '', '', 'vivi', 'vivi', 'a:36:{i:0;s:2:"38";i:1;s:2:"42";i:2;s:2:"43";i:3;s:2:"44";i:4;s:2:"45";i:5;s:2:"46";i:6;s:2:"47";i:7;s:2:"52";i:8;s:2:"53";i:9;s:2:"54";i:10;s:2:"55";i:11;s:2:"56";i:12;s:2:"57";i:13;s:2:"58";i:14;s:2:"59";i:15;s:2:"60";i:16;s:2:"61";i:17;s:2:"62";i:18;s:2:"63";i:19;s:2:"64";i:20;s:2:"49";i:21;s:2:"50";i:22;s:2:"51";i:23;s:2:"65";i:24;s:2:"66";i:25;s:2:"67";i:26;s:2:"68";i:27;s:2:"69";i:28;s:2:"70";i:29;s:2:"71";i:30;s:2:"74";i:31;s:2:"72";i:32;s:2:"75";i:33;s:2:"80";i:34;s:2:"82";i:35;s:2:"83";}', 'a:14:{i:0;s:2:"21";i:1;s:3:"171";i:2;s:3:"172";i:3;s:3:"182";i:4;s:3:"207";i:5;s:3:"211";i:6;s:3:"213";i:7;s:3:"217";i:8;s:3:"219";i:9;s:3:"221";i:10;s:3:"225";i:11;s:3:"230";i:12;s:3:"231";i:13;s:3:"232";}', 'a:36:{i:0;s:3:"177";i:1;s:3:"181";i:2;s:3:"183";i:3;s:3:"186";i:4;s:3:"187";i:5;s:3:"188";i:6;s:3:"189";i:7;s:3:"194";i:8;s:3:"195";i:9;s:3:"196";i:10;s:3:"197";i:11;s:3:"198";i:12;s:3:"199";i:13;s:3:"200";i:14;s:3:"201";i:15;s:3:"202";i:16;s:3:"203";i:17;s:3:"204";i:18;s:3:"205";i:19;s:3:"206";i:20;s:3:"191";i:21;s:3:"192";i:22;s:3:"193";i:23;s:3:"210";i:24;s:3:"212";i:25;s:3:"214";i:26;s:3:"215";i:27;s:3:"216";i:28;s:3:"218";i:29;s:3:"220";i:30;s:3:"223";i:31;s:3:"222";i:32;s:3:"226";i:33;s:3:"234";i:34;s:3:"238";i:35;s:3:"239";}', 'Vivi', '', 'vivi'),
(116, 163, 2, 0, 18, 'Darline', 'Darline', '<p>Crepe-chiffon, straight, button down dress with beaded appliques on the neckline.&nbsp; Deep cut on the back is decorated with gorgeous gemstones Swarovski.</p>\n\n<p>&nbsp;</p>\n', '<p>Прямое платье из креп-шифона задекорированое расшитыми аппликациями. Пуговицы до конца шлейфа добавляют платью особую изысканность. Глубокий вырез на спине украшенный хрустальными элементами Swarovski.</p>\n', 'darline', 'darline', 'a:36:{i:0;s:2:"38";i:1;s:2:"42";i:2;s:2:"43";i:3;s:2:"44";i:4;s:2:"45";i:5;s:2:"46";i:6;s:2:"47";i:7;s:2:"52";i:8;s:2:"53";i:9;s:2:"54";i:10;s:2:"55";i:11;s:2:"56";i:12;s:2:"57";i:13;s:2:"58";i:14;s:2:"59";i:15;s:2:"60";i:16;s:2:"61";i:17;s:2:"62";i:18;s:2:"63";i:19;s:2:"64";i:20;s:2:"49";i:21;s:2:"50";i:22;s:2:"51";i:23;s:2:"65";i:24;s:2:"66";i:25;s:2:"67";i:26;s:2:"68";i:27;s:2:"69";i:28;s:2:"70";i:29;s:2:"71";i:30;s:2:"74";i:31;s:2:"72";i:32;s:2:"75";i:33;s:2:"80";i:34;s:2:"82";i:35;s:2:"83";}', 'a:14:{i:0;s:2:"21";i:1;s:3:"171";i:2;s:3:"172";i:3;s:3:"182";i:4;s:3:"207";i:5;s:3:"211";i:6;s:3:"213";i:7;s:3:"217";i:8;s:3:"219";i:9;s:3:"221";i:10;s:3:"225";i:11;s:3:"230";i:12;s:3:"231";i:13;s:3:"232";}', 'a:36:{i:0;s:3:"177";i:1;s:3:"181";i:2;s:3:"183";i:3;s:3:"186";i:4;s:3:"187";i:5;s:3:"188";i:6;s:3:"189";i:7;s:3:"194";i:8;s:3:"195";i:9;s:3:"196";i:10;s:3:"197";i:11;s:3:"198";i:12;s:3:"199";i:13;s:3:"200";i:14;s:3:"201";i:15;s:3:"202";i:16;s:3:"203";i:17;s:3:"204";i:18;s:3:"205";i:19;s:3:"206";i:20;s:3:"191";i:21;s:3:"192";i:22;s:3:"193";i:23;s:3:"210";i:24;s:3:"212";i:25;s:3:"214";i:26;s:3:"215";i:27;s:3:"216";i:28;s:3:"218";i:29;s:3:"220";i:30;s:3:"223";i:31;s:3:"222";i:32;s:3:"226";i:33;s:3:"234";i:34;s:3:"238";i:35;s:3:"239";}', 'Darline', '<p>Пряма сукня з креп-шифону задекорована розшитими аплікаціями. Ґудзики до кінця шлейфу додають сукні особливу вишуканість. Глибокий виріз на спині прикрашений кришталевими елементами Swarovski.&nbsp;</p>\n', 'darline'),
(117, 163, 2, 0, 19, 'Ella', 'Ella', '<p>Soft chiffon dress with beaded lace appliques. Heavily beaded back adds an interesting detail to the whole look.</p>\n\n<p>&nbsp;</p>\n', '<p>Нежное шифоновое платье с расшитыми кружевными аппликациями.&nbsp;</p>\n', 'ella', 'ella', 'a:36:{i:0;s:2:"38";i:1;s:2:"42";i:2;s:2:"43";i:3;s:2:"44";i:4;s:2:"45";i:5;s:2:"46";i:6;s:2:"47";i:7;s:2:"52";i:8;s:2:"53";i:9;s:2:"54";i:10;s:2:"55";i:11;s:2:"56";i:12;s:2:"57";i:13;s:2:"58";i:14;s:2:"59";i:15;s:2:"60";i:16;s:2:"61";i:17;s:2:"62";i:18;s:2:"63";i:19;s:2:"64";i:20;s:2:"49";i:21;s:2:"50";i:22;s:2:"51";i:23;s:2:"65";i:24;s:2:"66";i:25;s:2:"67";i:26;s:2:"68";i:27;s:2:"69";i:28;s:2:"70";i:29;s:2:"71";i:30;s:2:"74";i:31;s:2:"72";i:32;s:2:"75";i:33;s:2:"80";i:34;s:2:"82";i:35;s:2:"83";}', 'a:14:{i:0;s:2:"21";i:1;s:3:"171";i:2;s:3:"172";i:3;s:3:"182";i:4;s:3:"207";i:5;s:3:"211";i:6;s:3:"213";i:7;s:3:"217";i:8;s:3:"219";i:9;s:3:"221";i:10;s:3:"225";i:11;s:3:"230";i:12;s:3:"231";i:13;s:3:"232";}', 'a:36:{i:0;s:3:"177";i:1;s:3:"181";i:2;s:3:"183";i:3;s:3:"186";i:4;s:3:"187";i:5;s:3:"188";i:6;s:3:"189";i:7;s:3:"194";i:8;s:3:"195";i:9;s:3:"196";i:10;s:3:"197";i:11;s:3:"198";i:12;s:3:"199";i:13;s:3:"200";i:14;s:3:"201";i:15;s:3:"202";i:16;s:3:"203";i:17;s:3:"204";i:18;s:3:"205";i:19;s:3:"206";i:20;s:3:"191";i:21;s:3:"192";i:22;s:3:"193";i:23;s:3:"210";i:24;s:3:"212";i:25;s:3:"214";i:26;s:3:"215";i:27;s:3:"216";i:28;s:3:"218";i:29;s:3:"220";i:30;s:3:"223";i:31;s:3:"222";i:32;s:3:"226";i:33;s:3:"234";i:34;s:3:"238";i:35;s:3:"239";}', 'Ella', '<p>Ніжна шифонова сукня з розшитими мереживними аплікаціями. &nbsp;</p>\n', 'ella'),
(118, 163, 2, 0, 26, 'Denise', 'Denise', '', '', 'denise', 'denise', 'a:36:{i:0;s:2:"38";i:1;s:2:"42";i:2;s:2:"43";i:3;s:2:"44";i:4;s:2:"45";i:5;s:2:"46";i:6;s:2:"47";i:7;s:2:"52";i:8;s:2:"53";i:9;s:2:"54";i:10;s:2:"55";i:11;s:2:"56";i:12;s:2:"57";i:13;s:2:"58";i:14;s:2:"59";i:15;s:2:"60";i:16;s:2:"61";i:17;s:2:"62";i:18;s:2:"63";i:19;s:2:"64";i:20;s:2:"49";i:21;s:2:"50";i:22;s:2:"51";i:23;s:2:"65";i:24;s:2:"66";i:25;s:2:"67";i:26;s:2:"68";i:27;s:2:"69";i:28;s:2:"70";i:29;s:2:"71";i:30;s:2:"74";i:31;s:2:"72";i:32;s:2:"75";i:33;s:2:"80";i:34;s:2:"82";i:35;s:2:"83";}', 'a:14:{i:0;s:2:"21";i:1;s:3:"171";i:2;s:3:"172";i:3;s:3:"182";i:4;s:3:"207";i:5;s:3:"211";i:6;s:3:"213";i:7;s:3:"217";i:8;s:3:"219";i:9;s:3:"221";i:10;s:3:"225";i:11;s:3:"230";i:12;s:3:"231";i:13;s:3:"232";}', 'a:36:{i:0;s:3:"177";i:1;s:3:"181";i:2;s:3:"183";i:3;s:3:"186";i:4;s:3:"187";i:5;s:3:"188";i:6;s:3:"189";i:7;s:3:"194";i:8;s:3:"195";i:9;s:3:"196";i:10;s:3:"197";i:11;s:3:"198";i:12;s:3:"199";i:13;s:3:"200";i:14;s:3:"201";i:15;s:3:"202";i:16;s:3:"203";i:17;s:3:"204";i:18;s:3:"205";i:19;s:3:"206";i:20;s:3:"191";i:21;s:3:"192";i:22;s:3:"193";i:23;s:3:"210";i:24;s:3:"212";i:25;s:3:"214";i:26;s:3:"215";i:27;s:3:"216";i:28;s:3:"218";i:29;s:3:"220";i:30;s:3:"223";i:31;s:3:"222";i:32;s:3:"226";i:33;s:3:"234";i:34;s:3:"238";i:35;s:3:"239";}', 'Denise', '', 'denise'),
(119, 163, 2, 0, 23, 'Deni', 'Deni', '<p>Straight transformer dress in satin and lace with an attachable satin train. Extra train beautifully finishes the look.</p>\n\n<p>&nbsp;</p>\n', '<p>Прямое платье-трансформер из атласа и кружева со съемным &nbsp;атласным шлейфом.</p>\n\n<p>&nbsp;</p>\n', 'deni', 'deni', 'a:36:{i:0;s:2:"38";i:1;s:2:"42";i:2;s:2:"43";i:3;s:2:"44";i:4;s:2:"45";i:5;s:2:"46";i:6;s:2:"47";i:7;s:2:"52";i:8;s:2:"53";i:9;s:2:"54";i:10;s:2:"55";i:11;s:2:"56";i:12;s:2:"57";i:13;s:2:"58";i:14;s:2:"59";i:15;s:2:"60";i:16;s:2:"61";i:17;s:2:"62";i:18;s:2:"63";i:19;s:2:"64";i:20;s:2:"49";i:21;s:2:"50";i:22;s:2:"51";i:23;s:2:"65";i:24;s:2:"66";i:25;s:2:"67";i:26;s:2:"68";i:27;s:2:"69";i:28;s:2:"70";i:29;s:2:"71";i:30;s:2:"74";i:31;s:2:"72";i:32;s:2:"75";i:33;s:2:"80";i:34;s:2:"82";i:35;s:2:"83";}', 'a:14:{i:0;s:2:"21";i:1;s:3:"171";i:2;s:3:"172";i:3;s:3:"182";i:4;s:3:"207";i:5;s:3:"211";i:6;s:3:"213";i:7;s:3:"217";i:8;s:3:"219";i:9;s:3:"221";i:10;s:3:"225";i:11;s:3:"230";i:12;s:3:"231";i:13;s:3:"232";}', 'a:36:{i:0;s:3:"177";i:1;s:3:"181";i:2;s:3:"183";i:3;s:3:"186";i:4;s:3:"187";i:5;s:3:"188";i:6;s:3:"189";i:7;s:3:"194";i:8;s:3:"195";i:9;s:3:"196";i:10;s:3:"197";i:11;s:3:"198";i:12;s:3:"199";i:13;s:3:"200";i:14;s:3:"201";i:15;s:3:"202";i:16;s:3:"203";i:17;s:3:"204";i:18;s:3:"205";i:19;s:3:"206";i:20;s:3:"191";i:21;s:3:"192";i:22;s:3:"193";i:23;s:3:"210";i:24;s:3:"212";i:25;s:3:"214";i:26;s:3:"215";i:27;s:3:"216";i:28;s:3:"218";i:29;s:3:"220";i:30;s:3:"223";i:31;s:3:"222";i:32;s:3:"226";i:33;s:3:"234";i:34;s:3:"238";i:35;s:3:"239";}', 'Deni', '<p>Пряма сукня-трансформер з атласу та мережива з відчіпним атласним шлейфом.&nbsp;</p>\n', 'deni'),
(121, 163, 2, 0, 2, 'Amanda', 'Amanda', '<p>Button down stylish lace transformer dress with an extra tulle skirt. &nbsp;Soft beading edges the neckline. &nbsp;Light tulle skirt makes the dress look very fairy.&nbsp;</p>\n', '<p>Стильное платье трансформер со съемной&nbsp;юбкой из фатина. Пуговицы на спине&nbsp;подчеркивают&nbsp;винтажный образ платья, а &nbsp;очень нежная вышивка украшает вырез.&nbsp;</p>\n\n<p>&nbsp;</p>\n', 'amanda', 'amanda', 'a:37:{i:0;s:2:"38";i:1;s:2:"42";i:2;s:2:"43";i:3;s:2:"44";i:4;s:2:"45";i:5;s:2:"46";i:6;s:2:"47";i:7;s:2:"52";i:8;s:2:"53";i:9;s:2:"54";i:10;s:2:"55";i:11;s:2:"56";i:12;s:2:"57";i:13;s:2:"58";i:14;s:2:"59";i:15;s:2:"60";i:16;s:2:"61";i:17;s:2:"62";i:18;s:2:"63";i:19;s:2:"64";i:20;s:2:"49";i:21;s:2:"50";i:22;s:2:"51";i:23;s:2:"65";i:24;s:2:"66";i:25;s:2:"67";i:26;s:2:"68";i:27;s:2:"69";i:28;s:2:"70";i:29;s:2:"71";i:30;s:2:"74";i:31;s:2:"72";i:32;s:2:"75";i:33;s:2:"80";i:34;s:2:"82";i:35;s:2:"89";i:36;s:2:"83";}', 'a:14:{i:0;s:2:"21";i:1;s:3:"171";i:2;s:3:"172";i:3;s:3:"182";i:4;s:3:"207";i:5;s:3:"211";i:6;s:3:"213";i:7;s:3:"217";i:8;s:3:"219";i:9;s:3:"221";i:10;s:3:"225";i:11;s:3:"230";i:12;s:3:"231";i:13;s:3:"232";}', 'a:37:{i:0;s:3:"177";i:1;s:3:"181";i:2;s:3:"183";i:3;s:3:"186";i:4;s:3:"187";i:5;s:3:"188";i:6;s:3:"189";i:7;s:3:"194";i:8;s:3:"195";i:9;s:3:"196";i:10;s:3:"197";i:11;s:3:"198";i:12;s:3:"199";i:13;s:3:"200";i:14;s:3:"201";i:15;s:3:"202";i:16;s:3:"203";i:17;s:3:"204";i:18;s:3:"205";i:19;s:3:"206";i:20;s:3:"191";i:21;s:3:"192";i:22;s:3:"193";i:23;s:3:"210";i:24;s:3:"212";i:25;s:3:"214";i:26;s:3:"215";i:27;s:3:"216";i:28;s:3:"218";i:29;s:3:"220";i:30;s:3:"223";i:31;s:3:"222";i:32;s:3:"226";i:33;s:3:"234";i:34;s:3:"238";i:35;s:3:"240";i:36;s:3:"239";}', 'Amanda', '<p>Стильна сукня трансформер зі знімною спідничкою з фатину. Ґудзики до низу сукні довершують вінтажний образ. Надзвичайно ніжна розшивка прикрашає виріз сукні.&nbsp;</p>\n', 'amanda');

-- --------------------------------------------------------

--
-- Table structure for table `ko_catalog_images`
--

CREATE TABLE IF NOT EXISTS `ko_catalog_images` (
  `image_id` int(6) unsigned NOT NULL,
  `catalog_id` int(6) unsigned NOT NULL DEFAULT '0',
  `position` int(11) unsigned NOT NULL DEFAULT '0',
  `del_flag` tinyint(1) unsigned NOT NULL DEFAULT '0',
  `watermark_position` tinyint(1) DEFAULT NULL,
  `is_crop` tinyint(1) DEFAULT NULL,
  `crop_x` int(4) DEFAULT NULL,
  `crop_y` int(4) DEFAULT NULL,
  `crop_x2` int(4) DEFAULT NULL,
  `crop_y2` int(4) DEFAULT NULL,
  `photo` text
) ENGINE=InnoDB AUTO_INCREMENT=353 DEFAULT CHARSET=utf8 ROW_FORMAT=COMPACT;

--
-- Dumping data for table `ko_catalog_images`
--

INSERT INTO `ko_catalog_images` (`image_id`, `catalog_id`, `position`, `del_flag`, `watermark_position`, `is_crop`, `crop_x`, `crop_y`, `crop_x2`, `crop_y2`, `photo`) VALUES
(7, 2, 0, 0, NULL, NULL, NULL, NULL, NULL, NULL, '1171134.jpg'),
(8, 2, 0, 0, NULL, NULL, NULL, NULL, NULL, NULL, '439079.jpg'),
(12, 9, 3, 0, NULL, NULL, NULL, NULL, NULL, NULL, 'belle_4.jpg'),
(13, 9, 1, 0, NULL, NULL, NULL, NULL, NULL, NULL, 'belle_2.jpg'),
(14, 9, 2, 0, NULL, NULL, NULL, NULL, NULL, NULL, 'belle_3.jpg'),
(15, 9, 0, 0, NULL, NULL, NULL, NULL, NULL, NULL, 'belle_1.jpg'),
(16, 10, 1, 0, NULL, NULL, NULL, NULL, NULL, NULL, 'bertha_2.jpg'),
(17, 10, 0, 0, NULL, NULL, NULL, NULL, NULL, NULL, 'bertha_1.jpg'),
(18, 11, 1, 0, NULL, NULL, NULL, NULL, NULL, NULL, 'christen_2.jpg'),
(19, 11, 0, 0, NULL, NULL, NULL, NULL, NULL, NULL, 'christen_1.jpg'),
(20, 11, 2, 0, NULL, NULL, NULL, NULL, NULL, NULL, 'christen_3.jpg'),
(21, 11, 3, 0, NULL, NULL, NULL, NULL, NULL, NULL, 'img_9460.jpg'),
(22, 12, 0, 0, NULL, NULL, NULL, NULL, NULL, NULL, 'cleopatra_1.jpg'),
(23, 12, 0, 0, NULL, NULL, NULL, NULL, NULL, NULL, 'cleopatra_2.jpg'),
(24, 13, 0, 0, NULL, NULL, NULL, NULL, NULL, NULL, 'elina_1.jpg'),
(25, 13, 3, 0, NULL, NULL, NULL, NULL, NULL, NULL, 'elina_4.jpg'),
(26, 13, 1, 0, NULL, NULL, NULL, NULL, NULL, NULL, 'elina_3.jpg'),
(27, 13, 2, 0, NULL, NULL, NULL, NULL, NULL, NULL, 'elina_2.jpg'),
(28, 14, 1, 0, NULL, NULL, NULL, NULL, NULL, NULL, 'emilia_2.jpg'),
(29, 14, 0, 0, NULL, NULL, NULL, NULL, NULL, NULL, 'emilia_1.jpg'),
(30, 1, 1, 0, NULL, NULL, NULL, NULL, NULL, NULL, 'vivienne2.jpg'),
(31, 1, 3, 0, NULL, NULL, NULL, NULL, NULL, NULL, 'vivienne3.jpg'),
(32, 1, 2, 0, NULL, NULL, NULL, NULL, NULL, NULL, 'vivienne4.jpg'),
(33, 15, 0, 0, NULL, NULL, NULL, NULL, NULL, NULL, 'quinn1.jpg'),
(34, 15, 2, 0, NULL, NULL, NULL, NULL, NULL, NULL, 'quinn3.jpg'),
(35, 15, 1, 0, NULL, NULL, NULL, NULL, NULL, NULL, 'quinn2.jpg'),
(36, 16, 0, 0, NULL, NULL, NULL, NULL, NULL, NULL, 'mercedes1.jpg'),
(37, 16, 0, 0, NULL, NULL, NULL, NULL, NULL, NULL, 'mercedes2.jpg'),
(38, 16, 0, 0, NULL, NULL, NULL, NULL, NULL, NULL, 'mercedes3.jpg'),
(39, 16, 0, 0, NULL, NULL, NULL, NULL, NULL, NULL, 'mercedes_reklama_.jpg'),
(40, 17, 0, 0, NULL, NULL, NULL, NULL, NULL, NULL, 'jade1.jpg'),
(41, 17, 0, 0, NULL, NULL, NULL, NULL, NULL, NULL, 'jade2.jpg'),
(42, 17, 0, 0, NULL, NULL, NULL, NULL, NULL, NULL, 'jade3.jpg'),
(43, 17, 0, 0, NULL, NULL, NULL, NULL, NULL, NULL, 'jade4.jpg'),
(44, 18, 0, 0, NULL, NULL, NULL, NULL, NULL, NULL, 'adelynn1.jpg'),
(45, 18, 2, 0, NULL, NULL, NULL, NULL, NULL, NULL, 'adelynn3.jpg'),
(46, 18, 1, 0, NULL, NULL, NULL, NULL, NULL, NULL, 'adelynn2.jpg'),
(47, 19, 1, 0, NULL, NULL, NULL, NULL, NULL, NULL, 'gvinet2.jpg'),
(48, 19, 0, 0, NULL, NULL, NULL, NULL, NULL, NULL, 'gvinet1.jpg'),
(49, 19, 2, 0, NULL, NULL, NULL, NULL, NULL, NULL, 'gvinet3.jpg'),
(50, 20, 1, 0, NULL, NULL, NULL, NULL, NULL, NULL, 'josephina2.jpg'),
(51, 20, 2, 0, NULL, NULL, NULL, NULL, NULL, NULL, 'josephina3.jpg'),
(52, 20, 0, 0, NULL, NULL, NULL, NULL, NULL, NULL, 'josephina1.jpg'),
(53, 21, 1, 0, NULL, NULL, NULL, NULL, NULL, NULL, 'lorenza2.jpg'),
(54, 21, 0, 0, NULL, NULL, NULL, NULL, NULL, NULL, 'lorenza1.jpg'),
(55, 21, 2, 0, NULL, NULL, NULL, NULL, NULL, NULL, 'lorenza3.jpg'),
(56, 22, 0, 0, NULL, NULL, NULL, NULL, NULL, NULL, 'sesille1.jpg'),
(57, 22, 1, 0, NULL, NULL, NULL, NULL, NULL, NULL, 'sesille2.jpg'),
(58, 22, 2, 0, NULL, NULL, NULL, NULL, NULL, NULL, 'sesille3.jpg'),
(59, 23, 0, 0, NULL, NULL, NULL, NULL, NULL, NULL, 'vallery1.jpg'),
(60, 23, 0, 0, NULL, NULL, NULL, NULL, NULL, NULL, 'vallery2.jpg'),
(61, 23, 0, 0, NULL, NULL, NULL, NULL, NULL, NULL, 'valerry3.jpg'),
(62, 24, 1, 0, NULL, NULL, NULL, NULL, NULL, NULL, 'virginia1.jpg'),
(63, 24, 2, 0, NULL, NULL, NULL, NULL, NULL, NULL, 'virginia3.jpg'),
(66, 26, 0, 0, NULL, NULL, NULL, NULL, NULL, NULL, 'flavie_1.jpg'),
(67, 26, 2, 0, NULL, NULL, NULL, NULL, NULL, NULL, 'flavie_3.jpg'),
(68, 26, 1, 0, NULL, NULL, NULL, NULL, NULL, NULL, 'flavie_2.jpg'),
(69, 27, 1, 0, NULL, NULL, NULL, NULL, NULL, NULL, 'fleur_1.jpg'),
(70, 27, 2, 0, NULL, NULL, NULL, NULL, NULL, NULL, 'fleur_3.jpg'),
(71, 27, 0, 0, NULL, NULL, NULL, NULL, NULL, NULL, 'fleur_2.jpg'),
(72, 28, 0, 0, NULL, NULL, NULL, NULL, NULL, NULL, 'flora_1.jpg'),
(73, 28, 0, 0, NULL, NULL, NULL, NULL, NULL, NULL, 'flora_2.jpg'),
(76, 31, 0, 0, NULL, NULL, NULL, NULL, NULL, NULL, 'florentina_1.jpg'),
(77, 31, 2, 0, NULL, NULL, NULL, NULL, NULL, NULL, 'florentina_3.jpg'),
(78, 31, 1, 0, NULL, NULL, NULL, NULL, NULL, NULL, 'florentina_2.jpg'),
(79, 32, 0, 0, NULL, NULL, NULL, NULL, NULL, NULL, 'holly_1.jpg'),
(80, 32, 0, 0, NULL, NULL, NULL, NULL, NULL, NULL, 'holly_2.jpg'),
(81, 32, 0, 0, NULL, NULL, NULL, NULL, NULL, NULL, 'holly_3.jpg'),
(82, 33, 0, 0, NULL, NULL, NULL, NULL, NULL, NULL, 'ivana_1.jpg'),
(83, 33, 0, 0, NULL, NULL, NULL, NULL, NULL, NULL, 'ivana_2.jpg'),
(84, 34, 2, 0, NULL, NULL, NULL, NULL, NULL, NULL, 'leonella_3.jpg'),
(85, 34, 1, 0, NULL, NULL, NULL, NULL, NULL, NULL, 'leonella_2.jpg'),
(86, 34, 0, 0, NULL, NULL, NULL, NULL, NULL, NULL, 'leonella_1.jpg'),
(87, 35, 0, 0, NULL, NULL, NULL, NULL, NULL, NULL, 'maddison_1.jpg'),
(88, 35, 0, 0, NULL, NULL, NULL, NULL, NULL, NULL, 'maddison_2.jpg'),
(89, 36, 0, 0, NULL, NULL, NULL, NULL, NULL, NULL, 'maya.jpg'),
(90, 37, 0, 0, NULL, NULL, NULL, NULL, NULL, NULL, 'miriam_1.jpg'),
(91, 37, 2, 0, NULL, NULL, NULL, NULL, NULL, NULL, 'miriam_3.jpg'),
(92, 37, 1, 0, NULL, NULL, NULL, NULL, NULL, NULL, 'miriam_2.jpg'),
(93, 37, 3, 0, NULL, NULL, NULL, NULL, NULL, NULL, 'miriam_4.jpg'),
(94, 38, 1, 0, NULL, NULL, NULL, NULL, NULL, NULL, 'nellie_2.jpg'),
(95, 38, 0, 0, NULL, NULL, NULL, NULL, NULL, NULL, 'nellie_1.jpg'),
(96, 39, 0, 0, NULL, NULL, NULL, NULL, NULL, NULL, 'nicki.jpg'),
(97, 40, 2, 0, NULL, NULL, NULL, NULL, NULL, NULL, 'noemi_3.jpg'),
(98, 40, 0, 0, NULL, NULL, NULL, NULL, NULL, NULL, 'noemi_1.jpg'),
(99, 40, 1, 0, NULL, NULL, NULL, NULL, NULL, NULL, 'noemi_2.jpg'),
(100, 41, 2, 0, NULL, NULL, NULL, NULL, NULL, NULL, 'sapphire_3.jpg'),
(101, 41, 1, 0, NULL, NULL, NULL, NULL, NULL, NULL, 'sapphire_2.jpg'),
(102, 41, 0, 0, NULL, NULL, NULL, NULL, NULL, NULL, 'sapphire_1.jpg'),
(103, 41, 3, 0, NULL, NULL, NULL, NULL, NULL, NULL, 'sapphire_4.jpg'),
(104, 42, 0, 0, NULL, NULL, NULL, NULL, NULL, NULL, 'sascha_1.jpg'),
(105, 42, 0, 0, NULL, NULL, NULL, NULL, NULL, NULL, 'sascha_2.jpg'),
(106, 43, 1, 0, NULL, NULL, NULL, NULL, NULL, NULL, 'sonia_2.jpg'),
(107, 43, 0, 0, NULL, NULL, NULL, NULL, NULL, NULL, 'sonia_1.jpg'),
(108, 44, 0, 0, NULL, NULL, NULL, NULL, NULL, NULL, 'stacie_1.jpg'),
(109, 44, 0, 0, NULL, NULL, NULL, NULL, NULL, NULL, 'stacie_2.jpg'),
(110, 45, 0, 0, NULL, NULL, NULL, NULL, NULL, NULL, 'tamika_1.jpg'),
(111, 45, 2, 0, NULL, NULL, NULL, NULL, NULL, NULL, 'tamika_3.jpg'),
(112, 45, 1, 0, NULL, NULL, NULL, NULL, NULL, NULL, 'tamika_2.jpg'),
(113, 46, 0, 0, NULL, NULL, NULL, NULL, NULL, NULL, 'terry_1.jpg'),
(114, 46, 2, 0, NULL, NULL, NULL, NULL, NULL, NULL, 'terry_3.jpg'),
(115, 46, 1, 0, NULL, NULL, NULL, NULL, NULL, NULL, 'terry_2.jpg'),
(116, 47, 2, 0, NULL, NULL, NULL, NULL, NULL, NULL, 'tiara_3.jpg'),
(117, 47, 1, 0, NULL, NULL, NULL, NULL, NULL, NULL, 'tiara_1.jpg'),
(118, 47, 0, 0, NULL, NULL, NULL, NULL, NULL, NULL, 'tiara_2.jpg'),
(119, 48, 2, 0, NULL, NULL, NULL, NULL, NULL, NULL, 'wanda_1.jpg'),
(120, 48, 1, 0, NULL, NULL, NULL, NULL, NULL, NULL, 'wanda_2.jpg'),
(121, 48, 0, 0, NULL, NULL, NULL, NULL, NULL, NULL, 'wanda_3.jpg'),
(122, 48, 3, 0, NULL, NULL, NULL, NULL, NULL, NULL, 'wanda_4.jpg'),
(123, 49, 1, 0, NULL, NULL, NULL, NULL, NULL, NULL, 'aya_2.jpg'),
(124, 49, 0, 0, NULL, NULL, NULL, NULL, NULL, NULL, 'aya_1.jpg'),
(125, 50, 0, 0, NULL, NULL, NULL, NULL, NULL, NULL, 'allegra_2.jpg'),
(126, 50, 0, 0, NULL, NULL, NULL, NULL, NULL, NULL, 'allegra_3.jpg'),
(127, 50, 0, 0, NULL, NULL, NULL, NULL, NULL, NULL, 'allegra_4.jpg'),
(128, 50, 0, 0, NULL, NULL, NULL, NULL, NULL, NULL, 'allegra_5.jpg'),
(129, 50, 0, 0, NULL, NULL, NULL, NULL, NULL, NULL, 'allegra_1.jpg'),
(131, 1, 0, 0, NULL, NULL, NULL, NULL, NULL, NULL, 'vivienne1.jpg'),
(132, 54, 1, 0, NULL, NULL, NULL, NULL, NULL, NULL, 'leslie_2.jpg'),
(133, 54, 0, 0, NULL, NULL, NULL, NULL, NULL, NULL, 'leslie_1.jpg'),
(134, 54, 2, 0, NULL, NULL, NULL, NULL, NULL, NULL, 'leslie_3.jpg'),
(135, 54, 3, 0, NULL, NULL, NULL, NULL, NULL, NULL, 'leslie_4.jpg'),
(136, 55, 0, 0, NULL, NULL, NULL, NULL, NULL, NULL, 'salma_1.jpg'),
(137, 55, 2, 0, NULL, NULL, NULL, NULL, NULL, NULL, 'salma_3.jpg'),
(138, 55, 1, 0, NULL, NULL, NULL, NULL, NULL, NULL, 'salma_2.jpg'),
(139, 56, 2, 0, NULL, NULL, NULL, NULL, NULL, NULL, 'ingrid_3.jpg'),
(140, 56, 4, 0, NULL, NULL, NULL, NULL, NULL, NULL, 'ingrid_5.jpg'),
(141, 56, 1, 0, NULL, NULL, NULL, NULL, NULL, NULL, 'ingrid_1.jpg'),
(142, 56, 3, 0, NULL, NULL, NULL, NULL, NULL, NULL, 'ingrid_4.jpg'),
(143, 56, 0, 0, NULL, NULL, NULL, NULL, NULL, NULL, 'ingrid_2.jpg'),
(144, 57, 0, 0, NULL, NULL, NULL, NULL, NULL, NULL, 'cindy_1.jpg'),
(145, 57, 0, 0, NULL, NULL, NULL, NULL, NULL, NULL, 'cindy_4.jpg'),
(146, 58, 1, 0, NULL, NULL, NULL, NULL, NULL, NULL, 'evie_2.jpg'),
(147, 58, 0, 0, NULL, NULL, NULL, NULL, NULL, NULL, 'evie_1.jpg'),
(148, 58, 2, 0, NULL, NULL, NULL, NULL, NULL, NULL, 'evie_3.jpg'),
(149, 59, 0, 0, NULL, NULL, NULL, NULL, NULL, NULL, 'betsy_1.jpg'),
(150, 59, 0, 0, NULL, NULL, NULL, NULL, NULL, NULL, 'betsy_2.jpg'),
(151, 60, 2, 0, NULL, NULL, NULL, NULL, NULL, NULL, 'dolly_3.jpg'),
(152, 60, 0, 0, NULL, NULL, NULL, NULL, NULL, NULL, 'dolly_1.jpg'),
(153, 60, 1, 0, NULL, NULL, NULL, NULL, NULL, NULL, 'dolly_2.jpg'),
(154, 60, 3, 0, NULL, NULL, NULL, NULL, NULL, NULL, 'dolly_4.jpg'),
(157, 61, 0, 0, NULL, NULL, NULL, NULL, NULL, NULL, 'cher_1.jpg'),
(158, 61, 0, 0, NULL, NULL, NULL, NULL, NULL, NULL, 'cher_4.jpg'),
(159, 64, 0, 0, NULL, NULL, NULL, NULL, NULL, NULL, 'latoya_1.jpg'),
(160, 64, 2, 0, NULL, NULL, NULL, NULL, NULL, NULL, 'latoya_2.jpg'),
(161, 64, 1, 0, NULL, NULL, NULL, NULL, NULL, NULL, 'latoya_3.jpg'),
(162, 65, 2, 0, NULL, NULL, NULL, NULL, NULL, NULL, 'loren_2.jpg'),
(163, 65, 1, 0, NULL, NULL, NULL, NULL, NULL, NULL, 'loren_3.jpg'),
(164, 65, 0, 0, NULL, NULL, NULL, NULL, NULL, NULL, 'loren_1.jpg'),
(165, 65, 3, 0, NULL, NULL, NULL, NULL, NULL, NULL, 'loren_6.jpg'),
(166, 65, 5, 0, NULL, NULL, NULL, NULL, NULL, NULL, 'loren_4.jpg'),
(167, 65, 4, 0, NULL, NULL, NULL, NULL, NULL, NULL, 'loren_5.jpg'),
(168, 66, 0, 0, NULL, NULL, NULL, NULL, NULL, NULL, 'meryl_2.jpg'),
(169, 66, 2, 0, NULL, NULL, NULL, NULL, NULL, NULL, 'meryl_4.jpg'),
(170, 66, 1, 0, NULL, NULL, NULL, NULL, NULL, NULL, 'meryl_3.jpg'),
(171, 67, 3, 0, NULL, NULL, NULL, NULL, NULL, NULL, 'madlen_4.jpg'),
(172, 67, 1, 0, NULL, NULL, NULL, NULL, NULL, NULL, 'madlen_1.jpg'),
(173, 67, 2, 0, NULL, NULL, NULL, NULL, NULL, NULL, 'madlen_3.jpg'),
(174, 67, 0, 0, NULL, NULL, NULL, NULL, NULL, NULL, 'madlen_2.jpg'),
(175, 68, 0, 0, NULL, NULL, NULL, NULL, NULL, NULL, 'jazz_2.jpg'),
(176, 68, 1, 0, NULL, NULL, NULL, NULL, NULL, NULL, 'jazz_3.jpg'),
(177, 68, 3, 0, NULL, NULL, NULL, NULL, NULL, NULL, 'jazz_4.jpg'),
(178, 68, 2, 0, NULL, NULL, NULL, NULL, NULL, NULL, 'jazz_5.jpg'),
(180, 69, 2, 0, NULL, NULL, NULL, NULL, NULL, NULL, 'tess_3.jpg'),
(181, 69, 3, 0, NULL, NULL, NULL, NULL, NULL, NULL, 'tess_4.jpg'),
(182, 69, 1, 0, NULL, NULL, NULL, NULL, NULL, NULL, 'tess_2.jpg'),
(183, 69, 4, 0, NULL, NULL, NULL, NULL, NULL, NULL, 'tess_5.jpg'),
(184, 69, 0, 0, NULL, NULL, NULL, NULL, NULL, NULL, 'tess_1.jpg'),
(185, 70, 1, 0, NULL, NULL, NULL, NULL, NULL, NULL, 'uma2.jpg'),
(186, 70, 0, 0, NULL, NULL, NULL, NULL, NULL, NULL, 'uma_1.jpg'),
(187, 71, 5, 0, NULL, NULL, NULL, NULL, NULL, NULL, 'nikolette_6.jpg'),
(188, 71, 0, 0, NULL, NULL, NULL, NULL, NULL, NULL, 'nikolette_1.jpg'),
(189, 71, 2, 0, NULL, NULL, NULL, NULL, NULL, NULL, 'nikolette_3.jpg'),
(190, 71, 3, 0, NULL, NULL, NULL, NULL, NULL, NULL, 'nikolette_4.jpg'),
(191, 71, 4, 0, NULL, NULL, NULL, NULL, NULL, NULL, 'nikolette_7.jpg'),
(192, 71, 1, 0, NULL, NULL, NULL, NULL, NULL, NULL, 'nikolette_2.jpg'),
(193, 71, 6, 0, NULL, NULL, NULL, NULL, NULL, NULL, 'nikolette_5.jpg'),
(194, 72, 1, 0, NULL, NULL, NULL, NULL, NULL, NULL, 'darcie_2.jpg'),
(195, 72, 4, 0, NULL, NULL, NULL, NULL, NULL, NULL, 'darcie_5.jpg'),
(196, 72, 0, 0, NULL, NULL, NULL, NULL, NULL, NULL, 'darcie_1.jpg'),
(197, 72, 2, 0, NULL, NULL, NULL, NULL, NULL, NULL, 'darcie_3.jpg'),
(198, 72, 3, 0, NULL, NULL, NULL, NULL, NULL, NULL, 'darcie_4.jpg'),
(199, 73, 0, 0, NULL, NULL, NULL, NULL, NULL, NULL, 'april_1.jpg'),
(200, 73, 2, 0, NULL, NULL, NULL, NULL, NULL, NULL, 'april_3.jpg'),
(201, 73, 1, 0, NULL, NULL, NULL, NULL, NULL, NULL, 'april_2.jpg'),
(202, 74, 1, 0, NULL, NULL, NULL, NULL, NULL, NULL, 'allegra_2.jpg'),
(203, 74, 2, 0, NULL, NULL, NULL, NULL, NULL, NULL, 'allegra_3.jpg'),
(204, 74, 3, 0, NULL, NULL, NULL, NULL, NULL, NULL, 'allegra_4.jpg'),
(205, 74, 4, 0, NULL, NULL, NULL, NULL, NULL, NULL, 'allegra_5.jpg'),
(206, 74, 0, 0, NULL, NULL, NULL, NULL, NULL, NULL, 'allegra_1.jpg'),
(207, 75, 1, 0, NULL, NULL, NULL, NULL, NULL, NULL, 'kelly_2.jpg'),
(208, 75, 2, 0, NULL, NULL, NULL, NULL, NULL, NULL, 'kelly_3.jpg'),
(209, 75, 0, 0, NULL, NULL, NULL, NULL, NULL, NULL, 'kelly_1.jpg'),
(210, 76, 1, 0, NULL, NULL, NULL, NULL, NULL, NULL, 'brenda_3.jpg'),
(211, 76, 0, 0, NULL, NULL, NULL, NULL, NULL, NULL, 'brenda_2.jpg'),
(212, 76, 2, 0, NULL, NULL, NULL, NULL, NULL, NULL, 'brenda_4.jpg'),
(214, 77, 0, 0, NULL, NULL, NULL, NULL, NULL, NULL, 'julie_1.jpg'),
(215, 77, 0, 0, NULL, NULL, NULL, NULL, NULL, NULL, 'julie_2.jpg'),
(216, 77, 0, 0, NULL, NULL, NULL, NULL, NULL, NULL, 'julie_3.jpg'),
(217, 78, 0, 0, NULL, NULL, NULL, NULL, NULL, NULL, 'roxie_1.jpg'),
(218, 78, 0, 0, NULL, NULL, NULL, NULL, NULL, NULL, 'roxie_2.jpg'),
(219, 79, 1, 0, NULL, NULL, NULL, NULL, NULL, NULL, 'bonnie_2.jpg'),
(220, 79, 2, 0, NULL, NULL, NULL, NULL, NULL, NULL, 'bonnie_3.jpg'),
(221, 79, 3, 0, NULL, NULL, NULL, NULL, NULL, NULL, 'bonnie_1.jpg'),
(222, 79, 4, 0, NULL, NULL, NULL, NULL, NULL, NULL, 'bonnie_5.jpg'),
(223, 79, 0, 0, NULL, NULL, NULL, NULL, NULL, NULL, 'bonnie_4.jpg'),
(224, 80, 1, 0, NULL, NULL, NULL, NULL, NULL, NULL, 'wendy_2.jpg'),
(225, 80, 2, 0, NULL, NULL, NULL, NULL, NULL, NULL, 'wendy_3.jpg'),
(226, 80, 4, 0, NULL, NULL, NULL, NULL, NULL, NULL, 'wendy_4.jpg'),
(227, 80, 3, 0, NULL, NULL, NULL, NULL, NULL, NULL, 'wendy_5.jpg'),
(228, 80, 0, 0, NULL, NULL, NULL, NULL, NULL, NULL, 'wendy_1.jpg'),
(229, 81, 1, 0, NULL, NULL, NULL, NULL, NULL, NULL, 'assol_2.jpg'),
(230, 81, 2, 0, NULL, NULL, NULL, NULL, NULL, NULL, 'assol_3.jpg'),
(231, 81, 0, 0, NULL, NULL, NULL, NULL, NULL, NULL, 'assol_1.jpg'),
(232, 82, 3, 0, NULL, NULL, NULL, NULL, NULL, NULL, 'beatrice_3.jpg'),
(233, 82, 2, 0, NULL, NULL, NULL, NULL, NULL, NULL, 'beatrice_1.jpg'),
(234, 82, 1, 0, NULL, NULL, NULL, NULL, NULL, NULL, 'beatrice_2.jpg'),
(235, 82, 0, 0, NULL, NULL, NULL, NULL, NULL, NULL, 'beatrice_4.jpg'),
(236, 83, 0, 0, NULL, NULL, NULL, NULL, NULL, NULL, 'fernanda_1.jpg'),
(237, 83, 0, 0, NULL, NULL, NULL, NULL, NULL, NULL, 'fernanda_3.jpg'),
(238, 83, 0, 0, NULL, NULL, NULL, NULL, NULL, NULL, 'fernanda_2.jpg'),
(239, 83, 0, 0, NULL, NULL, NULL, NULL, NULL, NULL, 'fernanda_4.jpg'),
(240, 84, 1, 0, NULL, NULL, NULL, NULL, NULL, NULL, 'marta_1_.jpg'),
(241, 84, 3, 0, NULL, NULL, NULL, NULL, NULL, NULL, 'marta_3.jpg'),
(242, 84, 2, 0, NULL, NULL, NULL, NULL, NULL, NULL, 'marta_2.jpg'),
(243, 84, 0, 0, NULL, NULL, NULL, NULL, NULL, NULL, 'marta_4.jpg'),
(244, 85, 0, 0, NULL, NULL, NULL, NULL, NULL, NULL, 'merry_1.jpg'),
(245, 85, 3, 0, NULL, NULL, NULL, NULL, NULL, NULL, 'merry_2.jpg'),
(246, 85, 1, 0, NULL, NULL, NULL, NULL, NULL, NULL, 'merry_3.jpg'),
(247, 85, 2, 0, NULL, NULL, NULL, NULL, NULL, NULL, 'merry_4.jpg'),
(248, 86, 3, 0, NULL, NULL, NULL, NULL, NULL, NULL, 'paulina_1.jpg'),
(249, 86, 2, 0, NULL, NULL, NULL, NULL, NULL, NULL, 'paulina_3.jpg'),
(250, 86, 0, 0, NULL, NULL, NULL, NULL, NULL, NULL, 'paulina_2.jpg'),
(251, 86, 1, 0, NULL, NULL, NULL, NULL, NULL, NULL, 'paulina_4.jpg'),
(252, 24, 0, 0, NULL, NULL, NULL, NULL, NULL, NULL, 'virginia4.jpg'),
(253, 87, 0, 0, NULL, NULL, NULL, NULL, NULL, NULL, 'fabiana1.jpg'),
(254, 87, 0, 0, NULL, NULL, NULL, NULL, NULL, NULL, 'fabiana2.jpg'),
(255, 87, 0, 0, NULL, NULL, NULL, NULL, NULL, NULL, 'fabiana3.jpg'),
(256, 88, 0, 0, NULL, NULL, NULL, NULL, NULL, NULL, 'vanessa1.jpg'),
(257, 88, 2, 0, NULL, NULL, NULL, NULL, NULL, NULL, 'vanessa2.jpg'),
(258, 88, 3, 0, NULL, NULL, NULL, NULL, NULL, NULL, 'vanessa3.jpg'),
(259, 88, 1, 0, NULL, NULL, NULL, NULL, NULL, NULL, 'vanessa4.jpg'),
(260, 89, 2, 0, NULL, NULL, NULL, NULL, NULL, NULL, 'magnolia1.jpg'),
(261, 89, 0, 0, NULL, NULL, NULL, NULL, NULL, NULL, 'magnolia3.jpg'),
(262, 89, 1, 0, NULL, NULL, NULL, NULL, NULL, NULL, 'magnolia4.jpg'),
(263, 89, 4, 0, NULL, NULL, NULL, NULL, NULL, NULL, 'magnolia5.jpg'),
(264, 89, 3, 0, NULL, NULL, NULL, NULL, NULL, NULL, 'magnolia2.jpg'),
(265, 90, 1, 0, NULL, NULL, NULL, NULL, NULL, NULL, 'amely1.jpg'),
(266, 90, 0, 0, NULL, NULL, NULL, NULL, NULL, NULL, 'amely2.jpg'),
(267, 90, 2, 0, NULL, NULL, NULL, NULL, NULL, NULL, 'amely3.jpg'),
(268, 91, 0, 0, NULL, NULL, NULL, NULL, NULL, NULL, 'rsz_img_0496_1.jpg'),
(269, 91, 0, 0, NULL, NULL, NULL, NULL, NULL, NULL, 'rsz_1img_0515_1.jpg'),
(270, 91, 0, 0, NULL, NULL, NULL, NULL, NULL, NULL, 'rsz_1img_0505_1.jpg'),
(271, 91, 0, 0, NULL, NULL, NULL, NULL, NULL, NULL, 'rsz_img_0562.jpg'),
(272, 92, 5, 0, NULL, NULL, NULL, NULL, NULL, NULL, 'rsz_img_2008.jpg'),
(273, 92, 3, 0, NULL, NULL, NULL, NULL, NULL, NULL, 'rsz_img_1972.jpg'),
(274, 92, 6, 0, NULL, NULL, NULL, NULL, NULL, NULL, 'rsz_img_2002.jpg'),
(275, 92, 2, 0, NULL, NULL, NULL, NULL, NULL, NULL, 'rsz_img_0823.jpg'),
(276, 92, 4, 0, NULL, NULL, NULL, NULL, NULL, NULL, 'rsz_img_0803.jpg'),
(277, 92, 1, 0, NULL, NULL, NULL, NULL, NULL, NULL, 'rsz_img_0807.jpg'),
(278, 92, 0, 0, NULL, NULL, NULL, NULL, NULL, NULL, 'rsz_img_0795_3.jpg'),
(279, 93, 3, 0, NULL, NULL, NULL, NULL, NULL, NULL, 'rsz_img_1072.jpg'),
(280, 93, 2, 0, NULL, NULL, NULL, NULL, NULL, NULL, 'rsz_casablanca_3.jpg'),
(282, 93, 1, 0, NULL, NULL, NULL, NULL, NULL, NULL, 'rsz_casablanca_2.jpg'),
(283, 93, 0, 0, NULL, NULL, NULL, NULL, NULL, NULL, 'rsz_1img_1035.jpg'),
(310, 107, 2, 0, NULL, NULL, NULL, NULL, NULL, NULL, 'martina3.jpg'),
(311, 107, 1, 0, NULL, NULL, NULL, NULL, NULL, NULL, 'martina2.jpg'),
(312, 107, 0, 0, NULL, NULL, NULL, NULL, NULL, NULL, 'martina1.jpg'),
(313, 107, 3, 0, NULL, NULL, NULL, NULL, NULL, NULL, 'martina4.jpg'),
(314, 107, 4, 0, NULL, NULL, NULL, NULL, NULL, NULL, 'martina5.jpg'),
(315, 109, 0, 0, NULL, NULL, NULL, NULL, NULL, NULL, 'renee1.jpg'),
(316, 109, 2, 0, NULL, NULL, NULL, NULL, NULL, NULL, 'renee3.jpg'),
(317, 109, 1, 0, NULL, NULL, NULL, NULL, NULL, NULL, 'renee2.jpg'),
(319, 111, 1, 0, NULL, NULL, NULL, NULL, NULL, NULL, 'belynda1.jpg'),
(320, 111, 3, 0, NULL, NULL, NULL, NULL, NULL, NULL, 'belynda2.jpg'),
(321, 111, 2, 0, NULL, NULL, NULL, NULL, NULL, NULL, 'belynda3.jpg'),
(322, 111, 0, 0, NULL, NULL, NULL, NULL, NULL, NULL, 'belynda4.jpg'),
(323, 112, 2, 0, NULL, NULL, NULL, NULL, NULL, NULL, 'kendall2.jpg'),
(324, 112, 0, 0, NULL, NULL, NULL, NULL, NULL, NULL, 'kendall1.jpg'),
(325, 112, 3, 0, NULL, NULL, NULL, NULL, NULL, NULL, 'kendall4.jpg'),
(326, 112, 1, 0, NULL, NULL, NULL, NULL, NULL, NULL, 'kendall3.jpg'),
(327, 113, 1, 0, NULL, NULL, NULL, NULL, NULL, NULL, 'lidia2.jpg'),
(328, 113, 0, 0, NULL, NULL, NULL, NULL, NULL, NULL, 'lidia1.jpg'),
(329, 113, 3, 0, NULL, NULL, NULL, NULL, NULL, NULL, 'lidia3.jpg'),
(330, 113, 2, 0, NULL, NULL, NULL, NULL, NULL, NULL, 'lidia4.jpg'),
(331, 114, 1, 0, NULL, NULL, NULL, NULL, NULL, NULL, 'margo2.jpg'),
(332, 114, 0, 0, NULL, NULL, NULL, NULL, NULL, NULL, 'margo1.jpg'),
(333, 114, 2, 0, NULL, NULL, NULL, NULL, NULL, NULL, 'margo3.jpg'),
(334, 115, 1, 0, NULL, NULL, NULL, NULL, NULL, NULL, 'vivi2.jpg'),
(335, 115, 2, 0, NULL, NULL, NULL, NULL, NULL, NULL, 'vivi3.jpg'),
(336, 115, 0, 0, NULL, NULL, NULL, NULL, NULL, NULL, 'vivi1.jpg'),
(337, 116, 1, 0, NULL, NULL, NULL, NULL, NULL, NULL, 'darline2.jpg'),
(338, 116, 0, 0, NULL, NULL, NULL, NULL, NULL, NULL, 'darline3.jpg'),
(339, 116, 2, 0, NULL, NULL, NULL, NULL, NULL, NULL, 'darline1.jpg'),
(340, 117, 1, 0, NULL, NULL, NULL, NULL, NULL, NULL, 'ella2.jpg'),
(341, 117, 0, 0, NULL, NULL, NULL, NULL, NULL, NULL, 'ella1.jpg'),
(342, 118, 2, 0, NULL, NULL, NULL, NULL, NULL, NULL, 'denise1.jpg'),
(343, 118, 0, 0, NULL, NULL, NULL, NULL, NULL, NULL, 'denise2.jpg'),
(344, 118, 1, 0, NULL, NULL, NULL, NULL, NULL, NULL, 'denise3.jpg'),
(345, 119, 1, 0, NULL, NULL, NULL, NULL, NULL, NULL, 'deni1.jpg'),
(346, 119, 0, 0, NULL, NULL, NULL, NULL, NULL, NULL, 'deni2.jpg'),
(347, 121, 2, 0, NULL, NULL, NULL, NULL, NULL, NULL, 'amanda2.jpg'),
(348, 121, 5, 0, NULL, NULL, NULL, NULL, NULL, NULL, 'amanda3.jpg'),
(349, 121, 1, 0, NULL, NULL, NULL, NULL, NULL, NULL, 'amanda1.jpg'),
(350, 121, 0, 0, NULL, NULL, NULL, NULL, NULL, NULL, 'amanda4.jpg'),
(351, 121, 3, 0, NULL, NULL, NULL, NULL, NULL, NULL, 'amanda5.jpg'),
(352, 121, 4, 0, NULL, NULL, NULL, NULL, NULL, NULL, 'amanda6.jpg');

-- --------------------------------------------------------

--
-- Table structure for table `ko_components`
--

CREATE TABLE IF NOT EXISTS `ko_components` (
  `component_id` int(6) unsigned NOT NULL,
  `menu_id` int(6) unsigned NOT NULL,
  `hidden` tinyint(1) unsigned NOT NULL DEFAULT '0',
  `position` int(3) unsigned NOT NULL DEFAULT '0',
  `module` varchar(30) NOT NULL,
  `method` varchar(30) NOT NULL,
  `config` text NOT NULL
) ENGINE=InnoDB AUTO_INCREMENT=90 DEFAULT CHARSET=utf8;

--
-- Dumping data for table `ko_components`
--

INSERT INTO `ko_components` (`component_id`, `menu_id`, `hidden`, `position`, `module`, `method`, `config`) VALUES
(2, 163, 0, 3, 'catalog', 'index', ''),
(3, 46, 0, 0, 'catalog', 'index', ''),
(6, 65, 0, 0, 'google_map', 'index', ''),
(17, 64, 0, 2, 'article', 'index', ''),
(19, 66, 0, 0, 'catalog', 'index', ''),
(31, 170, 0, 0, 'where', 'index', ''),
(33, 179, 0, 0, 'catalog', 'index', ''),
(38, 177, 0, 0, 'article', 'index', ''),
(42, 181, 0, 0, 'article', 'index', ''),
(43, 183, 0, 0, 'article', 'index', ''),
(44, 186, 0, 0, 'article', 'index', ''),
(45, 187, 0, 0, 'article', 'index', ''),
(46, 188, 0, 0, 'article', 'index', ''),
(47, 189, 0, 0, 'article', 'index', ''),
(48, 172, 0, 0, 'article', 'index', ''),
(49, 191, 0, 0, 'article', 'index', ''),
(50, 192, 0, 0, 'article', 'index', ''),
(51, 193, 0, 0, 'article', 'index', ''),
(52, 194, 0, 0, 'article', 'index', ''),
(53, 195, 0, 0, 'article', 'index', ''),
(54, 196, 0, 0, 'article', 'index', ''),
(55, 197, 0, 0, 'article', 'index', ''),
(56, 198, 0, 0, 'article', 'index', ''),
(57, 199, 0, 0, 'article', 'index', ''),
(58, 200, 0, 0, 'article', 'index', ''),
(59, 201, 0, 0, 'article', 'index', ''),
(60, 202, 0, 0, 'article', 'index', ''),
(61, 203, 0, 0, 'article', 'index', ''),
(62, 204, 0, 0, 'article', 'index', ''),
(63, 205, 0, 0, 'article', 'index', ''),
(64, 206, 0, 0, 'article', 'index', ''),
(65, 210, 0, 0, 'article', 'index', ''),
(66, 212, 0, 0, 'article', 'index', ''),
(67, 214, 0, 0, 'article', 'index', ''),
(68, 215, 0, 0, 'article', 'index', ''),
(69, 216, 0, 0, 'article', 'index', ''),
(70, 218, 0, 0, 'article', 'index', ''),
(71, 220, 0, 0, 'article', 'index', ''),
(72, 222, 0, 0, 'article', 'index', ''),
(73, 221, 1, 0, 'article', 'index', ''),
(74, 223, 0, 0, 'article', 'index', ''),
(75, 226, 0, 0, 'article', 'index', ''),
(77, 224, 0, 0, 'catalog', 'index', ''),
(80, 234, 0, 1, 'article', 'index', ''),
(82, 238, 0, 0, 'article', 'index', ''),
(83, 239, 0, 0, 'article', 'index', ''),
(87, 65, 0, 1, 'feedback', 'index', ''),
(89, 240, 0, 0, 'article', 'index', '');

-- --------------------------------------------------------

--
-- Table structure for table `ko_component_article`
--

CREATE TABLE IF NOT EXISTS `ko_component_article` (
  `component_id` int(6) unsigned NOT NULL,
  `menu_id` int(6) NOT NULL,
  `hidden` int(11) NOT NULL,
  `title_en` varchar(255) NOT NULL,
  `title_ru` varchar(255) NOT NULL,
  `text_en` text NOT NULL,
  `text_ru` text NOT NULL,
  `lat` varchar(255) NOT NULL,
  `lng` varchar(255) NOT NULL,
  `zoom` int(3) NOT NULL,
  `wide` tinyint(1) NOT NULL DEFAULT '0',
  `shops` text NOT NULL,
  `title_shop_en` varchar(255) NOT NULL,
  `title_shop_ru` varchar(255) NOT NULL,
  `address_en` varchar(255) NOT NULL,
  `address_ru` varchar(255) NOT NULL,
  `address_2_en` varchar(255) NOT NULL,
  `address_2_ru` varchar(255) NOT NULL,
  `phone` varchar(30) NOT NULL,
  `facebook` varchar(255) NOT NULL,
  `title_ua` varchar(255) NOT NULL,
  `text_ua` text NOT NULL,
  `title_shop_ua` varchar(255) NOT NULL,
  `address_ua` varchar(255) NOT NULL,
  `address_2_ua` varchar(255) NOT NULL
) ENGINE=InnoDB DEFAULT CHARSET=utf8;

--
-- Dumping data for table `ko_component_article`
--

INSERT INTO `ko_component_article` (`component_id`, `menu_id`, `hidden`, `title_en`, `title_ru`, `text_en`, `text_ru`, `lat`, `lng`, `zoom`, `wide`, `shops`, `title_shop_en`, `title_shop_ru`, `address_en`, `address_ru`, `address_2_en`, `address_2_ru`, `phone`, `facebook`, `title_ua`, `text_ua`, `title_shop_ua`, `address_ua`, `address_2_ua`) VALUES
(17, 64, 0, '', '', '<h3 style=\\"color:#aaa;font-style:italic;\\">&nbsp; &nbsp; &nbsp;<span style=\\"font-size:14px;\\">Still a young company, TM Tanya Grig is gaining a significant&nbsp;bridal market recognition. Our guidline is to create interesting and&nbsp;&nbsp;stylish&nbsp;wedding gowns combining extraodinary and classical design&nbsp;decisions.</span></h3><h3 style=\\"color:#aaa;font-style:italic;\\">&nbsp; &nbsp; &nbsp; &quot;<span style=\\"font-size: 13px;\\"><span style=\\"font-size:14px;\\"><span style=\\"color:#A9A9A9;\\">Renessans&quot; (Renaissance) Bridal Shop and a design studio for unique bridal and evening gowns,&nbsp;was&nbsp;&nbsp;our first step&nbsp;to set up a successful company in 1999 in Ivano-Frankivsk city. Gradally, our styles started gaining attention of the &nbsp;leading Ukrainian bridal shops.&nbsp;</span></span></span><span style=\\"color: rgb(169, 169, 169); font-size: 14px;\\">Nowadays, our trademark is represented in the numerous shops in&nbsp;Ukraine, Russia, Belarus and the&nbsp;European Union.&nbsp;</span></h3><h3 style=\\"color:#aaa;font-style:italic;\\"><span style=\\"font-size:14px;\\"><span style=\\"color:#A9A9A9;\\">&nbsp; &nbsp; We aim at expanding new horizons with our partners. To keep up with the times,&nbsp;we are constantly improving the quality of our gowns&nbsp;as well as&nbsp;creating fresh and moden designs. We are doing our best&nbsp;to both,&nbsp;meet the challenging requirements of a high bridal fashion and&nbsp;&nbsp;make&nbsp;our customers&nbsp;satisfied.</span></span></h3>', '<h3 style=\\"color:#aaa;font-style:italic;\\"><span style=\\"font-size:12px;\\"><span style=\\"font-family:arial,helvetica,sans-serif;\\">Наша торговая марка молодая, но уже достаточно известная на свадебном рынке. Основным направлением ТМ Таня Григ является создание интересных, стильных свадебных нарядов, сочетающих традиционные, классические и нестандартные дизайнерские решения.</span></span></h3><h3 style=\\"color:#aaa;font-style:italic;\\"><span style=\\"font-size:12px;\\"><span style=\\"font-family:arial,helvetica,sans-serif;\\">Работа нашей фирмы началась в 1999г в городе Ивано-Франковске с открытия свадебного салона &laquo;Ренессанс&raquo; и дизайн-студии по изготовлению единичных свадебных и вечерних платьев для клиентов салона. Постепенно наши платья завоевали популярность ведущих салонов Украины.</span></span></h3><h3 style=\\"color:#aaa;font-style:italic;\\"><span style=\\"font-size:12px;\\"><span style=\\"font-family:arial,helvetica,sans-serif;\\">Сегодня наша торговая марка представлена во многих городах Украины,&nbsp;Беларуси, России&nbsp;и странах Евросоюза.</span></span></h3><h3 style=\\"color:#aaa;font-style:italic;\\"><span style=\\"font-size:12px;\\"><span style=\\"font-family:arial,helvetica,sans-serif;\\">В планах на будущее&mdash;расширение нашей географии. Чтобы идти в ногу со временем, мы год за годом повышаем качество своих изделий, разрабатываем новые дизайнерские идеи и внедряем лучшие из них. Мы стремимся не только соответствовать высоким стандартам свадебной моды, но и постоянно поднимать планку, радуя наших клиентов.</span></span></h3>', '', '', 0, 0, '', '', '', '', '', '', '', '', '', '', '<h3 style=\\"color:#aaa;font-style:italic;\\"><span style=\\"font-size:12px;\\">&nbsp;</span>&nbsp;<span style=\\"font-size:12px;\\">Наша торгова марка &nbsp;хоч і молода,&nbsp;але вже достатньо відома на весільному ринку. Основним напрямком TM Tanya Grig є створення цікавих та&nbsp;стильних весільних суконь, які поєднують традиційні та нестандартні дизайнерські рішення.</span></h3><h3 style=\\"color:#aaa;font-style:italic;\\"><span style=\\"font-size:12px;\\">&nbsp;Робота нашої фірми розпочалась в 1999 році в місті Івано-Франківськ з відкриття&nbsp;весільного салону &quot;Ренесанас&quot; і дизайн-студії з виготовлення &nbsp;весільних та вечірніх суконь для наших&nbsp;клієнтів. Поступово моделі &nbsp;суконь&nbsp;привертали увагу провідних&nbsp;весільних салонів України. &nbsp;На сьогодні наша торгова марка представлена в багатьох містах України, Білорусії, Росії та країнах Євросоюзу.</span></h3><h3 style=\\"color:#aaa;font-style:italic;\\"><span style=\\"font-size:12px;\\">&nbsp;&nbsp;У&nbsp;планах на майбутнє - розширення горизонтів наших представництв. Для того, щоб йти в ногу з часом &nbsp;ми з кожним роком покращуємо якість суконь та&nbsp;&nbsp;втілюємо в життя найцікавіші&nbsp;дизайнерські ідеї. Ми стараємося&nbsp;не лишень відповідати високим стандартам весільної моди, але й постійно піднімати рівень виробництва, щоб догодити&nbsp;нашим клієнтам.&nbsp;</span></h3><p>&nbsp;</p><style type=\\"text/css\\">p.p1 {margin: 0.0px 0.0px 0.0px 0.0px; font: 14.0px Helvetica; color: #aaaaaa; -webkit-text-stroke: #aaaaaa}span.s1 {font-kerning: none}</style>', '', '', ''),
(38, 177, 0, '', '', '', '', '48.92380499999999', '24.70131349999997', 18, 0, '', 'Wedding salon &quot;Renaissance&quot;', 'Свадебный салон &quot;Ренесанс&quot; ', 'Belvederska 39', 'ул. Бельведерська 39 ', 'Ivano-Frankivsk', 'г. Ивано-Франковск ', '+38(0342)546912', 'www.tanyagrig.com', '', '', 'Весільний салон &quot;Ренесанс&quot;', 'вул. Бельведерська 39', 'м.Івано-Франківськ '),
(42, 181, 0, '', '', '', '', '47.9084784', '33.38667320000002', 18, 0, '', 'Wedding salon &quot;Love Story&quot;', 'Свадебный салон &quot;Love story&quot; ', 'Myru avenue 31 ', 'проспект Мира 31', 'Kryvyi Rih', 'г. Кривой-Рог', ' +38(067)7730707', '', '', '', 'Весільний салон &quot;Love story&quot; ', 'проспект Миру 31', 'м. Кривий-Ріг '),
(43, 183, 0, '', '', '', '', '49.545388', '34.50714100000005', 15, 0, '', 'Wedding salon &quot;Pion&quot;', 'Свадебный салон &quot;Пион&quot; ', 'Frunze str.6', 'ул. Фрунзе 6', 'Poltava', 'г. Полтава ', '+38(050)3042212', '', '', '', 'Весільний салон &quot;Піон&quot; ', 'вул. Фрунзе 6', 'м. Полтава '),
(44, 186, 0, '', '', '', '', '50.7559792', '25.34279790000005', 17, 0, '', 'Wedding salon &quot;Grace&quot;', 'Свадебный салон &quot;Грейс&quot; ', 'Grushevskogo avenue 14', 'проспект Грушевського 14', 'Lutsk', 'г. Луцк 43000', '+38(066)6185557', '', '', '', 'Весільний салон &quot;Грейс&quot; ', 'Грушевського 14', 'м. Луцьк '),
(45, 187, 0, '', '', '', '', '50.6244431', '26.24818719999996', 17, 0, '', 'Wedding salon &quot;Grace&quot;', 'Свадебный салон &quot;Грейс&quot; ', 'Myru avenue 15', 'проспект Мира 15', 'Rivne', 'г. Ровно ', '+38(0362)267662', '', '', '', 'Весільний салон &quot;Грейс&quot;', 'проспект Миру 15', 'м. Рівне '),
(46, 188, 0, '', '', '', '', '49.550287', '25.58724600000005', 18, 0, '', 'Wedding salon &quot;Crystal and Maribell&quot;', 'Свадебный салон &quot;Марибель&quot; ', 'Ruska str.10', 'ул. Руська 10', 'Ternopil ', 'г. Тернополь ', '+38(050)377 41 81', '', '', '', 'Весільний салон &quot;Марібель&quot;', 'вул. Руська 10', 'м. Тернопіль '),
(47, 189, 0, '', '', '', '', '50.0043241', '36.23552940000002', 18, 0, '', 'Wedding salon &quot;Happy Day&quot; ', 'Свадебный салон &quot;Happy Day&quot; ', 'Sumska str. 63', 'ул. Сумська 63', 'Kharkiv', 'г. Харьков', '+38(057)702-17-13', '', '', '', 'Весільний салон &quot;Happy Day&quot; ', 'вул. Сумська 63', 'м. Харків '),
(48, 172, 0, '', '', '', '', '51.81939029999999', '4.643555200000037', 19, 0, '', 'Wedding salon &quot;Pani Moda&quot;', '', 'Passage 3, Zwijndrecht', '', 'Zwijndrecht', '', 'www.panimoda.nl', 'https://www.facebook.com/PaniModaBruidsboutique/?fref=ts', '', '', '', '', ''),
(49, 191, 0, '', '', '', '', '51.81939029999999', '4.643555200000037', 19, 0, '', 'Wedding salon &quot;Pani Moda&quot;', 'Pani Moda ', 'Passage 3, 3331 CM Zwijndrecht', 'Passage 3 ', 'Zwijndrecht', 'Zwijndrecht ', 'www.panimoda.nl', 'https://www.facebook.com/PaniModaBruidsboutique/?fref=ts', '', '', 'Pani Moda ', 'Passage 3 ', 'CM 3331 Zwijndrecht '),
(50, 192, 0, '', '', '', '', '51.42604799999999', '5.486516700000038', 18, 0, '', 'Ann & John Bruidsmode Group', 'Ann & John Bruidsmode ', 'Aalsterweg 71-73', 'Aalsterweg 71-73 ', '5615 CM, Eindhoven', 'Eindhoven ', '+31 40 293 0905', 'https://www.facebook.com/AnnenJohnBruidsmode/?fref=ts', '', '', 'Ann & John Bruidsmode ', 'Aalsterweg 71-73', '5615 CB Eindhoven'),
(51, 193, 0, '', '', '', '', '48.13449079999999', '13.96199630000001', 17, 0, '', 'Wedding salon &quot;H?nsel und Gretel&quot;', 'Hansel und  Gretel ', 'Lindenthalstra?e 1', 'Lindenthal str. 1 ', '4623 Gunskirchen ', 'Gunskirchen ', '+43 7246 7742', 'https://www.facebook.com/haenselundgretelbrautmode/?hc_ref=SEARCH', '', '', 'Hansel und Gretel ', 'Lindenthalstrasse 1', '4623 Gunskirchen '),
(52, 194, 0, '', '', '', '', '50.00009060000001', '8.273699999999963', 19, 0, '', 'Stella Braut und Festmoden', 'Stella Braut und Moden', 'Korbgasse 3', 'Korbgasse 3', '55116 Mainz', 'Mainz ', '+49 6131 220717', 'https://www.facebook.com/Brautkleid.Mainz/?fref=ts', '', '', 'Stella Braut und Moden', 'Korbgasse 3', 'Mainz '),
(53, 195, 0, '', '', '', '', '53.0817401', '8.795761900000002', 19, 0, '', 'Chic Cheri Brautmode', 'Chic Cheri Brautmode', 'Faulen Strasse 71', 'Faulen Strasse 71', '28195 Bremen', 'Bremen ', '+49 421 68552243', 'https://www.facebook.com/chiccheri.bremen/', '', '', 'Chic Cheri Brautmode', 'Faulen Strasse 71', 'Bremen '),
(54, 196, 0, '', '', '', '', '49.34831', '7.258890000000065', 19, 0, '', 'SKN Brautmoden', 'SKN Brautmoden', 'Rathausstra?e 18', 'Rathausstrasse 18', '66450 Bexbach', 'Bexbach ', 'www.sknbrautmoden.de', '', '', '', 'SKN Brautmoden', 'Rathausstrasse 18', 'Bexbach '),
(55, 197, 0, '', '', '', '', '51.5498327', '7.309045999999967', 19, 0, '', 'GRAZIA Brautmoden', 'GRAZIA Brautmoden', 'Herner Str. 1 ', 'Herner Str. 1 ', '44575 Castrop-Rauxel ', 'Castrop-Rauxel ', '+49 2305 9004905', 'https://www.facebook.com/grazia.brautmoden/?hc_ref=SEARCH', '', '', 'GRAZIA Brautmoden', 'Herner Str.1 ', 'Castrop-Rauxel '),
(56, 198, 0, '', '', '', '', '54.06809149999999', '9.988353800000027', 18, 0, '', 'Die Brautboutique', 'Die Brautboutique', 'Altonaer Str. 18', 'Altonaer Str 18', '24534 Neum?nster', 'Neumunster ', '+49 4321 43592', 'https://www.facebook.com/diebrautboutiquenms/?fref=ts', '', '', 'Die Brautboutique', 'Altonaer Str 18', 'Neum?nster '),
(57, 199, 0, '', '', '', '', '52.5153982', '13.300776799999994', 18, 0, '', 'Silk&Lace', 'Silk & Lace ', 'Kaiser-Friedrich Str.28', 'Kaiser-Friedrich Str.28', '10585 Berlin ', 'Berlin ', '+49 30 54599565', 'https://www.facebook.com/silkandlaceBoutique/', '', '', 'Silk & Lace ', 'Kaiser-Friedrich Str.28', 'Berlin '),
(58, 200, 0, '', '', '', '', '48.97417000000001', '10.139499999999998', 18, 0, '', 'Ellwanger Hochzeitshaus', 'Ellwanger Hochzeitshaus', 'Rotkreuzstra?e 44', 'Rotkreuzstrasse 44', '73479 Ellwangen ', 'Ellwangen ', '+49 7961 560127', 'https://www.facebook.com/ellwangerhochzeitshaus.baumann/', '', '', 'Ellwanger Hochzeitshaus', 'Rotkreuzstrasse 44', 'Ellwangen '),
(59, 201, 0, '', '', '', '', '48.14858479999999', '11.680387800000062', 17, 0, '', 'Cecile Wedding Fashion GmbH', 'Cecile Wedding Fashion GmbH', 'Margareta-Ley-Ring 2-6', 'Margareta-Ley-Ring 2-6', '85609 Aschheim', 'Aschheim ', 'www.cecile.de', '', '', '', 'Cecile Wedding Fashion GmbH', 'Margareta-Ley-Ring 2-6', 'Aschheim '),
(60, 202, 0, '', '', '', '', '50.89375489999999', '6.684007999999949', 18, 0, '', 'Cecile Festmodencentrum GmbH&Co. KG', 'Cecile Festmodencentrum GmbH&Co. KG', 'Marie-Curie Str. 12', 'Marie-Curie Str. 12', '50170 Kerpen', 'Kerpen ', '+49 2273 980700', 'https://www.facebook.com/CecileFestmodencentrum/?hc_ref=SEARCH', '', '', 'Cecile Festmodencentrum GmbH&Co. KG', 'Marie-Curie Str. 12', 'Kerpen '),
(61, 203, 0, '', '', '', '', '50.9368728', '6.946549399999981', 18, 0, '', 'De Luxe by Cecile', 'De Luxe by Cecile', 'Neumarkt 18 (Neumarktpassage)', 'Neumarkt 18 (Neumarktpassage)', '50667 Cologne', 'Cologne ', '+49 221 59814776', 'https://www.facebook.com/deluxebycecile/?hc_ref=SEARCH', '', '', 'De Luxe by Cecile', 'Neumarkt 18 (Neumarktpassage)', 'Cologne '),
(62, 204, 0, '', '', '', '', '51.20123539999999', '11.969973100000061', 19, 0, '', 'Annett Straube Fashion Dream', 'Annett Straube Fashion Dream', 'J?denstra?e 19', 'Judenstrasse 19', '06667 Wei?enfels ', 'Weissenfels ', '03443/235745', '', '', '', 'Annett Straube Fashion Dream', 'Judenstrasse 19', 'Weissenfels '),
(63, 205, 0, '', '', '', '', '52.0989518', '9.350355900000068', 18, 0, '', 'Palais Blanc ', 'Palais Blanc ', 'Pyrmonter Stra?e 28', 'Pyrmonter Strasse 28', '31785 Hameln ', 'Hameln ', '05151- 822 40 22', 'https://www.facebook.com/palais.blanc.hameln/?fref=ts', '', '', 'Palais Blanc ', 'Pyrmonter Strasse 28', 'Hameln '),
(64, 206, 0, '', '', '', '', '51.36935', '6.733960000000025', 18, 0, '', 'Sima Couture ', 'Sima Couture ', 'M?ndelheimerstr. 166', 'Mundelheimer str.166', '47259 Duisburg', 'Duisburg ', '0203/55247078', 'https://www.facebook.com/SimaCouture/?fref=ts', '', '', 'Sima  Couture ', 'Mundelheimer str.166', 'Duisburg '),
(65, 210, 0, '', '', '', '', '53.18935500000001', '-2.891449200000011', 19, 0, '', 'Diane Harbridge Ltd./Exclusive selling point in the UK', 'Diane Harbridge Ltd. ', '36 Bridge Street Row West', '36 Bridge Street Row West', 'Cheshire,CH1 1NN', 'Chester, Cheshire,CH1 1NN', '01244 342 157 ', 'https://www.facebook.com/DianeHarbridgeBridal/?fref=ts', '', '', 'Diane Harbridge Ltd./ ', '36 Bridge Street Row West', 'Chester, Cheshire,CH1 1NN'),
(66, 212, 0, '', '', '', '', '35.88767', '14.482489999999984', 20, 0, '', 'Eva Mariee Bridal Exclusive', 'Eva Mariee Bridal Exclusive', 'Triq il-Kbira San Guzepp 307', 'Triq il-Kbira San Guzepp 307', 'Santa Venera SVR 1019', 'Santa Venera ', '+356 2730 9108', 'https://www.facebook.com/evamarieemalta/?hc_ref=SEARCH', '', '', 'Eva Mariee Bridal Exclusive', 'Triq il-Kbira San Guzepp 307', 'Santa Venera '),
(67, 214, 0, '', '', '', '', '50.8707404', '4.364220700000033', 19, 0, '', 'Amira Lebsatte/ Akar Leyla', 'Amira Lebsatte/ Akar Leyla ', 'Place Masui 5', 'Place Masui 5', 'Brussels 1030', 'Brussels ', '0032 484 105853', 'https://www.facebook.com/amiralebsatteofficiel/?pnref=story', '', '', 'Amira Lebsatte / Akar Leyla', 'Place Masui 5 ', '1030 Brussels '),
(68, 215, 0, '', '', '', '', '51.18465810000001', '4.4357027999999445', 16, 0, '', 'Stylessence ', 'Stylessence ', 'Rooiplein 2 ', 'Rooiplein 2 ', '2600 Berchem (Antwerpen)', 'Berchem(Antwerpen)', '+32484897009', 'https://www.facebook.com/StylessenceBBF/?hc_ref=SEARCH&fref=nf', '', '', 'Stylessence ', 'Rooiplein 2 ', '2600 Berchem (Antwerpen)'),
(69, 216, 0, '', '', '', '', '', '', 5, 0, '', 'Bellaroussa', 'Bellaroussa ', 'Adhemar Borun Str. 56', 'Adhemar Borun Str. 56', '2070 Zwijndrecht ', 'Zwijndrecht ', '+32 484 67 4052 ', 'https://www.facebook.com/Ziana-Bellaroussa-555304797905730/?pnref=about.overview', '', '', 'Bellaroussa ', 'Adhemar Borun Str. 56', 'Zwijndrecht '),
(70, 218, 0, '', '', '', '', '59.42751070000001', '24.743906100000004', 19, 0, '', 'P?rl Bridal House', 'Parl Bridal House ', 'Liivalaia 3', 'Liivalaia 3', '10118 Tallinn ', 'Tallinn ', '+372 646 3488', 'https://www.facebook.com/P?rl-329801030378539/?pnref=story', '', '', 'Parl Bridal House', 'Liivalaia 3', '10118 Tallinn '),
(71, 220, 0, '', '', '', '', '38.18254909999999', '15.554313800000045', 21, 0, '', 'Le Spose di Davida ', 'Le Spose di Davida ', 'Via Giordano Bruno, 97', 'Via Giordano Bruno 97 ', 'P8123 Messina ', 'Messina ', ' +39 090 695929', 'https://www.facebook.com/DavidaSposaECerimonia/?hc_ref=SEARCH', '', '', 'Le Spose di Davida ', 'Via Giordano Bruno, 97', 'Messina '),
(72, 222, 0, '', '', '', '', '46.7603705', '7.628082100000029', 19, 0, '', 'Tessa & Thomi AG ', 'Tessa & Thomi AG ', 'Marktgasse 5 ', 'Marktgasse 5 ', 'CH-3600 Thun ', 'Thun ', '+41 33 227 72 72', 'https://www.facebook.com/pages/TessaThomi/655325364543701?fref=ts', '', '', 'Tessa & Thomi AG ', 'Marktgasse 5', 'CH-3600 Thun '),
(73, 221, 0, '', '', '', '', '', '', 0, 0, '', '', '', '', '', '', '', '', '', '', '', '', '', ''),
(74, 223, 0, '', '', '', '', '41.6863591', '12.500721399999975', 19, 0, '', 'IANASPOSE', 'IANASPOSE', 'Via Naro  36', 'Via Naro 36', '00040 Pomezia (RM)', 'Pomezia(Rome) ', '+39.06.60667909', 'https://www.facebook.com/IanaSpose/?fref=ts', '', '', 'IANASPOSE', 'Via Naro 36', 'Pomezia(Rome) '),
(75, 226, 0, '', '', '', '', '46.1654034', '16.82890789999999', 19, 0, '', 'N-Ina SPOSA', 'N-Ina SPOSA', 'Frana Galovica  6', 'Frana Galovica  6', '48000 Koprivnica', '48000 Koprivnica', '+385 99 211 7464', 'https://www.facebook.com/Salon-vjen?anica-N-Ina-SPOSA-244805289040748/?pnref=about.overview', '', '', 'N-Ina SPOSA', 'Frana Galovica  6', '48000 Koprivnica'),
(80, 234, 0, '', '', '', '', '55.794659', '37.75020369999993', 16, 0, '', 'Wedding salon &quot;Elza&quot;', 'Свадебный салон &quot;Эльза&quot; ', 'Izmailovsky highway 73 Zh', 'Измайловское шоссе 73 Ж', '105187 Moscow ', 'г. Москва ', '+7(495)5172424', '', '', '', 'Весільний салон &quot;Ельза&quot; ', 'Ізмайловське шосе 73 Ж', 'м. Москва'),
(82, 238, 0, '', '', '', '', '53.91347690000001', '27.491204700000026', 16, 0, '', 'Wedding salon &quot;Prazdnik ot Zolushki&quot; ', 'Свадебный салон &quot;Праздник от Золушки&quot; ', 'Serdicha str 18/3', 'ул. Сердича 18/3', 'Minsk ', 'г. Минск ', ' 375(017)2552040', '', '', '', 'Весільний салон &quot; Праздник от Золушки&quot; ', 'вул. Сердіча 18/3', 'м. Мінськ '),
(83, 239, 0, '', '', '', '', '50.0938806', '14.446557900000016', 18, 0, '', 'Wedding salon &quot;Te Amo&quot; ', 'Свадебный салон &quot;TeAmo&quot; ', 'Rohanske nabrezi 678/25', 'Роганская набережная 678/25', 'Prague 18600', 'Prague 18600', '', 'https://www.facebook.com/Svatebn%C3%AD-?aty-v-Praze-svatebn%C3%AD-sal?n-Te-AMO-687125964698674/', '', '', 'Весільний салон &quot;Te Amo&quot; ', 'Роганська набережна  678/25', 'Прага 18600'),
(89, 240, 0, '', '', '', '', '', '', 17, 0, '', 'Wedding salon &quot;Fiancee&quot; ', 'Свадебный салон &quot;Фиансе&quot; ', 'Lenina str.12 ', 'ул. Ленина 12 ', 'Vitebsk ', 'г. Витебск', '+37529 8142100', '', '', '', 'Весільний салон &quot;Фиансе&quot; ', 'вул. Леніна 12', 'м. Віцебск ');

-- --------------------------------------------------------

--
-- Table structure for table `ko_component_static_information`
--

CREATE TABLE IF NOT EXISTS `ko_component_static_information` (
  `id` int(11) DEFAULT NULL,
  `form_view` int(1) DEFAULT NULL,
  `email` varchar(100) DEFAULT NULL,
  `code` int(11) DEFAULT NULL,
  `floor_en` varchar(10) DEFAULT NULL,
  `floor_ru` varchar(10) DEFAULT NULL,
  `address_en` text,
  `address_ru` text,
  `slogan_en` text,
  `slogan_ru` text,
  `phone_1` varchar(20) DEFAULT NULL,
  `phone_2` varchar(20) DEFAULT NULL,
  `phone_3` varchar(20) DEFAULT NULL,
  `fb` text,
  `tw` text,
  `gp` text,
  `yt` text,
  `vk` text,
  `ig` text,
  `center_lat` varchar(30) NOT NULL,
  `center_lng` varchar(30) NOT NULL,
  `marker_lat` varchar(30) NOT NULL,
  `marker_lng` varchar(30) NOT NULL,
  `zoom` tinyint(2) NOT NULL,
  `title_en` varchar(255) NOT NULL,
  `title_ru` varchar(255) NOT NULL,
  `description_en` text NOT NULL,
  `description_ru` text NOT NULL,
  `floor_ua` varchar(10) NOT NULL,
  `address_ua` text NOT NULL,
  `slogan_ua` text NOT NULL,
  `title_ua` varchar(255) NOT NULL,
  `description_ua` text NOT NULL
) ENGINE=InnoDB DEFAULT CHARSET=utf8 ROW_FORMAT=COMPACT;

--
-- Dumping data for table `ko_component_static_information`
--

INSERT INTO `ko_component_static_information` (`id`, `form_view`, `email`, `code`, `floor_en`, `floor_ru`, `address_en`, `address_ru`, `slogan_en`, `slogan_ru`, `phone_1`, `phone_2`, `phone_3`, `fb`, `tw`, `gp`, `yt`, `vk`, `ig`, `center_lat`, `center_lng`, `marker_lat`, `marker_lng`, `zoom`, `title_en`, `title_ru`, `description_en`, `description_ru`, `floor_ua`, `address_ua`, `slogan_ua`, `title_ua`, `description_ua`) VALUES
(1, 0, '', 0, NULL, NULL, NULL, NULL, NULL, NULL, '', '', '', 'https://www.facebook.com/profile.php?id=100006195798372', '', '', '', '', '', '', '', '', '', 0, '', '', '', '', '', '', '', '', '');

-- --------------------------------------------------------

--
-- Table structure for table `ko_config`
--

CREATE TABLE IF NOT EXISTS `ko_config` (
  `key` varchar(20) NOT NULL,
  `val` text NOT NULL
) ENGINE=InnoDB DEFAULT CHARSET=utf8;

--
-- Dumping data for table `ko_config`
--

INSERT INTO `ko_config` (`key`, `val`) VALUES
('address_en', ''),
('address_ru', ''),
('address_ua', ''),
('def_lang', 'en'),
('delete_alert', '1'),
('facebook_uri', 'http://fb.com/podoroshnyk'),
('is_gag', '0'),
('languages', 'a:3:{i:0;s:2:\\"en\\";i:1;s:2:\\"ua\\";i:2;s:2:\\"ru\\";}'),
('print_icon', ''),
('site_email', 'info@tanyagrig.com'),
('site_name_en', 'Tanya Grig'),
('site_name_it', 'Millanova'),
('site_name_pl', ''),
('site_name_ru', 'Tanya Grig'),
('site_name_ua', 'Tanya Grig'),
('site_phones', ''),
('site_skype', ''),
('vk_uri', 'http://vk.com/podorozhnyk'),
('watermark', 'logo.png'),
('watermark_opacity', '5'),
('watermark_padding', '20');

-- --------------------------------------------------------

--
-- Table structure for table `ko_feedback`
--

CREATE TABLE IF NOT EXISTS `ko_feedback` (
  `id` int(6) unsigned NOT NULL,
  `component_id` int(6) unsigned NOT NULL,
  `menu_id` int(6) unsigned NOT NULL,
  `name` varchar(100) NOT NULL,
  `email` varchar(50) NOT NULL,
  `phone` varchar(50) NOT NULL,
  `theme` varchar(255) NOT NULL,
  `adr` varchar(255) NOT NULL,
  `message` text NOT NULL,
  `time` int(10) NOT NULL,
  `status` tinyint(1) NOT NULL DEFAULT '0'
) ENGINE=InnoDB AUTO_INCREMENT=55 DEFAULT CHARSET=utf8;

--
-- Dumping data for table `ko_feedback`
--

INSERT INTO `ko_feedback` (`id`, `component_id`, `menu_id`, `name`, `email`, `phone`, `theme`, `adr`, `message`, `time`, `status`) VALUES
(18, 87, 65, '', 'grikh@mail.ru', '', '', '', '', 1478584158, 1),
(19, 87, 65, 'adasd', 'asdfsdf@gf.hgdf', '', '', '', 'dfhgdtgh', 1478596756, 1),
(20, 87, 65, 'sfadfsdf', 'sdfdf@fd.hgf', '', '', '', 'dfghtfh', 1478596817, 1),
(21, 87, 65, 'Vova', 'grikh@mail.ru', '', '', '', 'what?', 1478599775, 1),
(22, 87, 65, 'name', 'tsvpablo@dsad.asd', '', '', '', 'sadadadasdas', 1478601005, 1),
(23, 87, 65, 'sdfsdfsdf', 'info@tanyagrig.com', '', '', '', 'sdfsdfsdfsfdsdfdsf', 1478601257, 1),
(24, 87, 65, 'sdfsdfsdf', 'sfsfsfsdf@assad.asdasd', '', '', '', 'dfs dfsd fsd fs fsd fs', 1478602146, 1),
(25, 87, 65, 'sdfsfsf', 'sdsfsdf@fsdfsdf.sdfsdf', '', '', '', 'sdfsdfsdfsdfsdf sd', 1478602157, 1),
(26, 87, 65, 'Vova', 'grikh@mail.ru', '', '', '', 'What happend?', 1478607270, 1),
(27, 87, 65, '', 'info@sweet-november.ru', '', '', '', '', 1478687887, 1),
(28, 87, 65, 'vova', 'grikh@mail.ru', '', '', '', 'What happend?', 1478688160, 1),
(29, 87, 65, '', 'asd@ew.qwe', '', '', '', 'qeqw rqw rwqr qwwr qrwq', 1478699696, 1),
(30, 87, 65, 'sdfsfsdf', 'sdfsdfsdf@wewe.sdf', '', '', '', 'sdfs dfsd fsdf sdf sdf sdsdf', 1478699875, 1),
(31, 87, 65, 'qeqwe', 'qweqweqwe@asd.asd', '', '', '', 'adasdadasdad', 1478700000, 1),
(32, 87, 65, 'sdfsdfsdfs', 'wesdfsdf@sfsdf.sfd', '', '', '', 'qweqwe qe qwer', 1478700098, 1),
(33, 87, 65, 'vjva', 'grikh@mail.ru', '', '', '', 'khdasfgjhwegrliu', 1478768497, 1),
(34, 87, 65, 'Volodymyr grikh', 'grikh@mail.ru', '', '', '', 'Test test', 1478847232, 1),
(35, 87, 65, 'Volodymyr', 'grikh@mail.ru', '', '', '', 'test', 1478855184, 1),
(36, 87, 65, 'Vova', 'grikh@mail.ru', '', '', '', 'Test', 1478855550, 1),
(37, 87, 65, 'Vova', 'grikh@mail.ru', '', '', '', 'test 123', 1478858505, 1),
(38, 87, 65, 'asdasd', 'asasd@ad.asd', '', '', '', 'asasdadasdasd', 1478861184, 1),
(39, 87, 65, 'asdasdasd', 'asdasd@asdaasd.asdsa', '', '', '', 'asdadasdasd asd sa d', 1478861243, 1),
(40, 87, 65, 'Vova', 'vova@tanyagrig.com', '', '', '', 'Super test', 1478861437, 1),
(41, 87, 65, 'Vlad', 'grikh@mail.ru', '', '', '', 'Super test', 1478861817, 1),
(42, 87, 65, 'Vlad', 'vova@tanyagrig.com', '', '', '', 'Super dresses', 1478863845, 1),
(43, 87, 65, 'vlad', 'grikh@mail.ru', '', '', '', 'test 1608', 1478873344, 1),
(44, 87, 65, 'jsdfiiu', 'grikh@mail.ru', '', '', '', ',akajfbvkjb liaeufghviuqeh', 1478873503, 1),
(45, 87, 65, 'Brus', 'vova@tanyagrig.com', '', '', '', 'Super test', 1478875010, 1),
(46, 87, 65, 'Vlad', 'vova@tanyagrig.com', '', '', '', 'test super', 1478948054, 1),
(47, 87, 65, 'Платье.укр', 'vetaliaaa@mail.ru', '', '', '', 'Свадебный сайт https://платье.укр предлагает размещение неограниченного количества товара для производителей свадебных платьев, обуви, аксессуаров и т.д...Сообщите нам Ваш бренд через форму обратной связи https://платье.укр/обратная-связь и он появится в производителях.', 1479202900, 1),
(48, 87, 65, 'Vlad', 'vova@tanyagrig.com', '', '', '', 'test', 1479381743, 1),
(49, 87, 65, 'Wedding textile', 'grikh@mail.ru', '', '', '', 'Счет в приложении к письму.Оплата 20458 грн на карту ПриватБанка №4149625810794485 Стороженко Иван Григорьевич. Детальная информация по оплате на странице \\"Оплата\\" в счете.С уважением,Иван', 1479384063, 1),
(50, 87, 65, 'Vlad', 'grikh@mail.ru', '', '', '', 'test', 1479629176, 1),
(51, 87, 65, 'Ирина', 'info@sweet-november.ru', '', '', '', 'Добрый день, пришлите, пожалуйста. ваш оптовый прайс на свадебные платья. Ирина Ростов-на-Дону', 1479732330, 1),
(52, 87, 65, 'Вова', 'grikh@mail.ru', '', '', '', 'Test', 1479813591, 1),
(53, 87, 65, 'Diogo Nunes', 'diogo@sergiomatos.pt', '', '', '', 'Dear Sir or Madame We are a specialized shoe manufacturer in Portugal, with several years of experience and knowledge on any kind of constructions.  Using high quality products and workers with more than 20 years of experience make our handmade recognized by the most famous brands during all these years. Such brands as, Leon & Harper, AQA, Gerard Darel, Nozams, Nid de Guepes, amongst many others. Besides our presentation, we would like to invite you to visit and join us in some of your developments. Further information please feel free to contact meKindly regards,Diogo Nunes', 1480010071, 0),
(54, 87, 65, 'Sirli', 'Paalmann.Sirli@gmail.com', '', '', '', 'Hello!I fell in love with your Paulina dress (updated version from 2013 years model). Unfortunatelly it is above my budget (price is 938€ in Estonian bridal shop). Before I start looking for another dress I have to ask - is it possible to order dress directly from you and if it is possible than what is the price for Paulina?', 1480153560, 0);

-- --------------------------------------------------------

--
-- Table structure for table `ko_gag`
--

CREATE TABLE IF NOT EXISTS `ko_gag` (
  `lang` char(2) NOT NULL,
  `text` text NOT NULL
) ENGINE=InnoDB DEFAULT CHARSET=utf8;

--
-- Dumping data for table `ko_gag`
--

INSERT INTO `ko_gag` (`lang`, `text`) VALUES
('en', ''),
('it', '');

-- --------------------------------------------------------

--
-- Table structure for table `ko_google_map`
--

CREATE TABLE IF NOT EXISTS `ko_google_map` (
  `component_id` int(6) NOT NULL,
  `menu_id` int(6) NOT NULL,
  `center_lat` varchar(30) NOT NULL,
  `center_lng` varchar(30) NOT NULL,
  `marker_lat` varchar(30) NOT NULL,
  `marker_lng` varchar(30) NOT NULL,
  `zoom` tinyint(2) NOT NULL,
  `title_en` varchar(255) NOT NULL,
  `title_ru` varchar(255) NOT NULL,
  `description_en` text NOT NULL,
  `description_ru` text NOT NULL,
  `contacts_check` int(1) NOT NULL,
  `title_ua` varchar(255) NOT NULL,
  `description_ua` text NOT NULL
) ENGINE=InnoDB DEFAULT CHARSET=utf8 ROW_FORMAT=COMPACT;

--
-- Dumping data for table `ko_google_map`
--

INSERT INTO `ko_google_map` (`component_id`, `menu_id`, `center_lat`, `center_lng`, `marker_lat`, `marker_lng`, `zoom`, `title_en`, `title_ru`, `description_en`, `description_ru`, `contacts_check`, `title_ua`, `description_ua`) VALUES
(6, 65, '48.93819479980976', '24.753465169839377', '48.93823708467164', '24.753323348037725', 16, 'Location', '', 'dadasdasdasd', '', 0, '', '');

-- --------------------------------------------------------

--
-- Table structure for table `ko_menu`
--

CREATE TABLE IF NOT EXISTS `ko_menu` (
  `id` int(6) unsigned NOT NULL,
  `parent_id` int(6) unsigned NOT NULL DEFAULT '0',
  `level` tinyint(2) unsigned NOT NULL DEFAULT '0',
  `menu_index` tinyint(1) unsigned NOT NULL DEFAULT '0',
  `position` int(4) unsigned NOT NULL DEFAULT '0',
  `hidden` tinyint(1) unsigned NOT NULL DEFAULT '0',
  `main` tinyint(1) unsigned NOT NULL DEFAULT '0',
  `target` tinyint(1) unsigned NOT NULL DEFAULT '0',
  `shops` text NOT NULL,
  `url_path_id` varchar(100) NOT NULL,
  `name_en` varchar(255) NOT NULL,
  `title_en` varchar(255) NOT NULL,
  `url_en` varchar(255) NOT NULL,
  `url_path_en` varchar(255) NOT NULL,
  `url_hash_en` char(32) NOT NULL,
  `static_url_en` varchar(255) NOT NULL,
  `title_ru` char(32) NOT NULL,
  `name_ru` varchar(255) NOT NULL,
  `url_ru` varchar(255) NOT NULL,
  `url_path_ru` varchar(255) NOT NULL,
  `url_hash_ru` char(32) NOT NULL,
  `static_url_ru` varchar(255) NOT NULL,
  `image` varchar(255) NOT NULL,
  `icon` varchar(255) NOT NULL,
  `email` varchar(255) NOT NULL,
  `update` int(11) unsigned NOT NULL,
  `title_ua` char(32) NOT NULL,
  `name_ua` varchar(255) NOT NULL,
  `url_ua` varchar(255) NOT NULL,
  `url_path_ua` varchar(255) NOT NULL,
  `url_hash_ua` char(32) NOT NULL,
  `static_url_ua` varchar(255) NOT NULL
) ENGINE=InnoDB AUTO_INCREMENT=241 DEFAULT CHARSET=utf8;

--
-- Dumping data for table `ko_menu`
--

INSERT INTO `ko_menu` (`id`, `parent_id`, `level`, `menu_index`, `position`, `hidden`, `main`, `target`, `shops`, `url_path_id`, `name_en`, `title_en`, `url_en`, `url_path_en`, `url_hash_en`, `static_url_en`, `title_ru`, `name_ru`, `url_ru`, `url_path_ru`, `url_hash_ru`, `static_url_ru`, `image`, `icon`, `email`, `update`, `title_ua`, `name_ua`, `url_ua`, `url_path_ua`, `url_hash_ua`, `static_url_ua`) VALUES
(1, 0, 0, 0, 0, 0, 0, 0, '', '', 'Min', '', '', '', '', '', '', '', '', '', '', '', '', '', '', 0, '', '', '', '', '', ''),
(21, 0, 0, 2, 0, 0, 0, 0, '', '', 'Ukraine', '', 'ukraine', '', '', '', '', 'Украина', 'ukraina', '', '', '', '', '', '', 1435068310, '', 'Україна', 'ukrana', '', '', ''),
(46, 0, 0, 1, 2, 0, 1, 0, '', '', 'bridal collections', '', 'bridal-collections', '', '', '', '', 'свадебные коллекции', 'svadebnye-kollekcii', '', '', '', '', '', '', 1456346757, '', 'весільні колекції', 'vesilni-kolektsi', '', '', ''),
(64, 0, 0, 1, 1, 0, 0, 0, '', '', 'about us', '', 'about-us', '', '', '', '', 'о нас', 'o-nas', '', '', '', 'mercedes_reklama_.jpg', '', '', 1456822228, '', 'про нас', 'pro-nas', '', '', ''),
(65, 0, 0, 1, 8, 0, 0, 0, '', '', 'contacts', '', 'contacts', '', '', '', '', 'контакты', 'kontakty', '', '', '', '', '', '', 1456829019, '', 'контакти', 'kontakty', '', '', ''),
(66, 46, 1, 1, 4, 0, 0, 0, '', '.46.', 'Wedding collection 2016', '', 'wedding-collection-2016-66', '', '', '', '', 'Свадебная коллекция 2016', 'svadebnaja-kollekcija-2016', '', '', '', 'holly_1_fotor.jpg', '', '', 1459334784, '', 'Весільна колекція 2016', 'vesilna-kolektsiia-2016-66', '', '', ''),
(92, 89, 1, 2, 0, 0, 0, 0, '', '', 'ttte', '', 'ttte', '', '', '', '', '', '', '', '', '', '', '', '', 1452887070, '', '', '', '', '', ''),
(163, 46, 1, 1, 3, 0, 0, 0, '', '.46.', 'Wedding collection &quot;Jade&quot;', '', 'wedding-collection-jade', '', '', '', '', 'Свадебная коллекция &quot;Jade&quot; ', 'svadebnaja-kollekcija-jade-', '', '', '', 'mercedes1.jpg', '', '', 1474957480, '', 'Весільна колекція &quot;Jade&quot; ', 'vesilna-kolektsiia-jade-', '', '', ''),
(170, 0, 0, 1, 7, 0, 0, 0, '', '', 'stores', '', 'stores', '', '', '', '', 'представительства', 'predstavitelstva', '', '', '', '', '', '', 1477467111, '', 'представництва', 'predstavnytstva', '', '', ''),
(171, 0, 0, 2, 8, 0, 0, 0, '', '', 'Germany', '', 'germany', '', '', '', '', 'Германия', 'germanija', '', '', '', '', '', '', 1477467518, '', 'Німеччина', 'nimechchyna', '', '', ''),
(172, 0, 0, 2, 22, 0, 0, 0, '', '', 'Holland', '', 'holland', '', '', '', '', 'Голландия', 'gollandija', '', '', '', '', '', '', 1477467572, '', 'Нідерланди', 'niderlandy', '', '', ''),
(177, 21, 1, 2, 1, 0, 0, 0, '', '.21.', 'Ivano-Frankivsk', '', 'ivano-frankivsk', '', '', '', '', 'Ивано-Франковск', 'ivano-frankovsk', '', '', '', '', '', '', 1477491552, '', 'Івано-Франківськ', 'ivano-frankivsk', '', '', ''),
(179, 46, 1, 1, 5, 0, 0, 0, '', '.46.', 'Wedding collection 2015', '', 'wedding-collection-2015', '', '', '', '', 'Свадебная коллекция 2015', 'svadebnaja-kollekcija-2015', '', '', '', 'evie_1.jpg', '', '', 1477557429, '', 'Весільна колекція 2015', 'vesilna-kolektsiia-2015', '', '', ''),
(181, 21, 1, 2, 2, 0, 0, 0, '', '.21.', 'Kryvyi Rih', '', 'kryvyi-rih', '', '', '', '', 'Кривой Рог', 'krivojj-rog', '', '', '', '', '', '', 1477558380, '', 'Кривий Ріг', 'kryvyi-rih', '', '', ''),
(182, 0, 0, 2, 25, 0, 0, 0, '', '', 'Austria', '', 'austria', '', '', '', '', 'Австрия', 'avstrija', '', '', '', '', '', '', 1477559359, '', 'Австрія', 'avstriia', '', '', ''),
(183, 21, 1, 2, 3, 0, 0, 0, '', '.21.', 'Poltava', '', 'poltava', '', '', '', '', 'Полтава', 'poltava', '', '', '', '', '', '', 1477559392, '', 'Полтава', 'poltava', '', '', ''),
(186, 21, 1, 2, 4, 0, 0, 0, '', '.21.', 'Lutsk', '', 'lutsk', '', '', '', '', 'Луцк', 'luck', '', '', '', '', '', '', 1477560742, '', 'Луцьк', 'lutsk', '', '', ''),
(187, 21, 1, 2, 5, 0, 0, 0, '', '.21.', 'Rivne', '', 'rivne', '', '', '', '', 'Ровно', 'rovno', '', '', '', '', '', '', 1477560958, '', 'Рівне', 'rivne', '', '', ''),
(188, 21, 1, 2, 6, 0, 0, 0, '', '.21.', 'Ternopil', '', 'ternopil', '', '', '', '', 'Тернополь', 'ternopol', '', '', '', '', '', '', 1477561100, '', 'Тернопіль', 'ternopil', '', '', ''),
(189, 21, 1, 2, 7, 0, 0, 0, '', '.21.', 'Kharkiv', '', 'kharkiv', '', '', '', '', 'Харьков', 'kharkov', '', '', '', '', '', '', 1477561223, '', 'Харків', 'kharkiv', '', '', ''),
(191, 172, 1, 2, 23, 0, 0, 0, '', '.172.', 'Zwijndrecht', '', 'zwijndrecht', '', '', '', '', 'Zwijndrecht', 'zwijndrecht', '', '', '', '', '', '', 1477561640, '', 'Zwijndrecht', 'zwijndrecht', '', '', ''),
(192, 172, 1, 2, 24, 0, 0, 0, '', '.172.', 'Eindhoven', '', 'eindhoven', '', '', '', '', 'Eindhoven', 'eindhoven', '', '', '', '', '', '', 1477561805, '', 'Eindhoven', 'eindhoven', '', '', ''),
(193, 182, 1, 2, 26, 0, 0, 0, '', '.182.', 'Gunskirchen', '', 'gunskirchen', '', '', '', '', 'Gunskirchen', 'gunskirchen', '', '', '', '', '', '', 1477562011, '', 'Gunskirchen', 'gunskirchen', '', '', ''),
(194, 171, 1, 2, 9, 0, 0, 0, '', '.171.', 'Mainz', '', 'mainz', '', '', '', '', 'Mainz', 'mainz', '', '', '', '', '', '', 1477562176, '', 'Mainz', 'mainz', '', '', ''),
(195, 171, 1, 2, 10, 0, 0, 0, '', '.171.', 'Bremen', '', 'bremen', '', '', '', '', 'Bremen', 'bremen', '', '', '', '', '', '', 1477562350, '', 'Bremen', 'bremen', '', '', ''),
(196, 171, 1, 2, 11, 0, 0, 0, '', '.171.', 'Bexbach', '', 'bexbach', '', '', '', '', 'Bexbach', 'bexbach', '', '', '', '', '', '', 1477562498, '', 'Bexbach', 'bexbach', '', '', ''),
(197, 171, 1, 2, 12, 0, 0, 0, '', '.171.', 'Castrop-Rauxel ', '', 'castrop-rauxel-', '', '', '', '', 'Castrop-Rauxel ', 'castrop-rauxel-', '', '', '', '', '', '', 1477563016, '', 'Castrop-Rauxel ', 'castrop-rauxel-', '', '', ''),
(198, 171, 1, 2, 13, 0, 0, 0, '', '.171.', 'Neum?nster', '', 'neumnster', '', '', '', '', 'Neumunster', 'neumunster', '', '', '', '', '', '', 1477563262, '', 'Neumunster', 'neumunster', '', '', ''),
(199, 171, 1, 2, 14, 0, 0, 0, '', '.171.', 'Berlin', '', 'berlin', '', '', '', '', 'Berlin', 'berlin', '', '', '', '', '', '', 1477563392, '', 'Berlin', 'berlin', '', '', ''),
(200, 171, 1, 2, 15, 0, 0, 0, '', '.171.', 'Ellwangen ', '', 'ellwangen-', '', '', '', '', 'Ellwangen ', 'ellwangen-', '', '', '', '', '', '', 1477563671, '', 'Ellwangen ', 'ellwangen-', '', '', ''),
(201, 171, 1, 2, 16, 0, 0, 0, '', '.171.', 'Aschheim', '', 'aschheim', '', '', '', '', 'Aschheim', 'aschheim', '', '', '', '', '', '', 1477563853, '', 'Aschheim', 'aschheim', '', '', ''),
(202, 171, 1, 2, 17, 0, 0, 0, '', '.171.', 'Kerpen', '', 'kerpen', '', '', '', '', 'Kerpen', 'kerpen', '', '', '', '', '', '', 1477564435, '', 'Kerpen', 'kerpen', '', '', ''),
(203, 171, 1, 2, 18, 0, 0, 0, '', '.171.', 'Cologne', '', 'cologne', '', '', '', '', 'Cologne', 'cologne', '', '', '', '', '', '', 1477564536, '', 'Cologne', 'cologne', '', '', ''),
(204, 171, 1, 2, 19, 0, 0, 0, '', '.171.', 'Wei?enfels ', '', 'weienfels-', '', '', '', '', 'Weissenfels ', 'weissenfels-', '', '', '', '', '', '', 1477564681, '', 'Weissenfels ', 'weissenfels-', '', '', ''),
(205, 171, 1, 2, 20, 0, 0, 0, '', '.171.', 'Hameln', '', 'hameln', '', '', '', '', 'Hameln', 'hameln', '', '', '', '', '', '', 1477564831, '', 'Hameln', 'hameln', '', '', ''),
(206, 171, 1, 2, 21, 0, 0, 0, '', '.171.', 'Duisburg', '', 'duisburg', '', '', '', '', 'Duisburg', 'duisburg', '', '', '', '', '', '', 1477565137, '', 'Duisburg', 'duisburg', '', '', ''),
(207, 0, 0, 2, 27, 0, 0, 0, '', '', 'The United Kingdom ', '', 'the-united-kingdom-', '', '', '', '', 'Великобритания ', 'velikobritanija-', '', '', '', '', '', '', 1477567013, '', 'Великобританія', 'velykobrytaniia', '', '', ''),
(210, 207, 1, 2, 28, 0, 0, 0, '', '.207.', 'Chester', '', 'chester', '', '', '', '', 'Chester', 'chester', '', '', '', '', '', '', 1477567105, '', 'Chester', 'chester', '', '', ''),
(211, 0, 0, 2, 29, 0, 0, 0, '', '', 'Malta ', '', 'malta-', '', '', '', '', 'Мальта', 'malta', '', '', '', '', '', '', 1477567362, '', 'Мальта ', 'malta-', '', '', ''),
(212, 211, 1, 2, 30, 0, 0, 0, '', '.211.', 'Santa Venera ', '', 'santa-venera-', '', '', '', '', 'Santa Venera ', 'santa-venera-', '', '', '', '', '', '', 1477567381, '', 'Santa Venera ', 'santa-venera-', '', '', ''),
(213, 0, 0, 2, 31, 0, 0, 0, '', '', 'Belgium ', '', 'belgium-', '', '', '', '', 'Бельгия ', 'belgija-', '', '', '', '', '', '', 1477567578, '', 'Бельгія ', 'belhiia-', '', '', ''),
(214, 213, 1, 2, 32, 0, 0, 0, '', '.213.', 'Brussels ', '', 'brussels-', '', '', '', '', 'Brussels ', 'brussels-', '', '', '', '', '', '', 1477567594, '', 'Brussels ', 'brussels-', '', '', ''),
(215, 213, 1, 2, 33, 0, 0, 0, '', '.213.', 'Berchem (Antwerpen)', '', 'berchem-antwerpen', '', '', '', '', 'Berchem (Antwerpen) ', 'berchem-antwerpen-', '', '', '', '', '', '', 1477567762, '', 'Berchem (Antwerpen)', 'berchem-antwerpen', '', '', ''),
(216, 213, 1, 2, 34, 0, 0, 0, '', '.213.', 'Zwijndrecht ', '', 'zwijndrecht-', '', '', '', '', 'Zwijndrecht ', 'zwijndrecht-', '', '', '', '', '', '', 1477567900, '', 'Zwijndrecht ', 'zwijndrecht-', '', '', ''),
(217, 0, 0, 2, 35, 0, 0, 0, '', '', 'Estonia ', '', 'estonia-', '', '', '', '', 'Эстония', 'ehstonija', '', '', '', '', '', '', 1477568115, '', 'Естонія ', 'estoniia-', '', '', ''),
(218, 217, 1, 2, 36, 0, 0, 0, '', '.217.', 'Tallinn', '', 'tallinn', '', '', '', '', 'Tallinn', 'tallinn', '', '', '', '', '', '', 1477568124, '', 'Tallinn', 'tallinn', '', '', ''),
(219, 0, 0, 2, 37, 0, 0, 0, '', '', 'Italy', '', 'italy', '', '', '', '', 'Италия', 'italija', '', '', '', '', '', '', 1477568278, '', 'Італія', 'italiia', '', '', ''),
(220, 219, 1, 2, 38, 0, 0, 0, '', '.219.', 'Messina ', '', 'messina-', '', '', '', '', 'Messina ', 'messina-', '', '', '', '', '', '', 1477568291, '', 'Messina ', 'messina-', '', '', ''),
(221, 0, 0, 2, 40, 0, 0, 0, '', '', 'Switzerland ', '', 'switzerland-', '', '', '', '', 'Швейцария ', 'shvejjcarija-', '', '', '', '', '', '', 1477569364, '', 'Щвейцарія', 'shchveitsariia', '', '', ''),
(222, 221, 1, 2, 41, 0, 0, 0, '', '.221.', 'Thun ', '', 'thun-', '', '', '', '', 'Thun ', 'thun-', '', '', '', '', '', '', 1477569384, '', 'Thun ', 'thun-', '', '', ''),
(223, 219, 1, 2, 39, 0, 0, 0, '', '.219.', 'Pomezia (Rome)', '', 'pomezia-rome', '', '', '', '', 'Pomezia (Rome)', 'pomezia-rome', '', '', '', '', '', '', 1477571504, '', 'Pomezia (Rome)', 'pomezia-rome', '', '', ''),
(224, 46, 1, 1, 6, 0, 0, 0, '', '.46.', 'Bestsellers', '', 'bestsellers', '', '', '', '', 'Бестселлеры', 'bestsellery', '', '', '', 'rsz_img_1972_2.jpg', '', '', 1477572777, '', 'Бестселери', 'bestselery', '', '', ''),
(225, 0, 0, 2, 42, 0, 0, 0, '', '', 'Croatia ', '', 'croatia-', '', '', '', '', 'Хорватия', 'khorvatija', '', '', '', '', '', '', 1477574360, '', 'Хорватія', 'khorvatiia', '', '', ''),
(226, 225, 1, 2, 43, 0, 0, 0, '', '.225.', 'Koprivnica ', '', 'koprivnica-', '', '', '', '', 'Koprivnica ', 'koprivnica-', '', '', '', '', '', '', 1477574372, '', 'Koprivnica ', 'koprivnica-', '', '', ''),
(230, 0, 0, 2, 44, 0, 0, 0, '', '', 'Russia', '', 'russia', '', '', '', '', 'Россия', 'rossija', '', '', '', '', '', '', 1478180695, '', 'Росія', 'rosiia', '', '', ''),
(231, 0, 0, 2, 46, 0, 0, 0, '', '', 'Belarus', '', 'belarus', '', '', '', '', 'Белорусь', 'belorus', '', '', '', '', '', '', 1478180749, '', 'Білорусь', 'bilorus', '', '', ''),
(232, 0, 0, 2, 47, 0, 0, 0, '', '', 'Czech Republic', '', 'czech-republic', '', '', '', '', 'Чехия', 'chekhija', '', '', '', '', '', '', 1478180864, '', 'Чехія', 'chekhiia', '', '', ''),
(234, 230, 1, 2, 0, 0, 0, 0, '', '.230.', 'Moscow', '', 'moscow', '', '', '', '', 'Москва', 'moskva', '', '', '', '', '', '', 1478181049, '', 'Москва', 'moskva', '', '', ''),
(238, 231, 1, 2, 0, 0, 0, 0, '', '.231.', 'Minsk', '', 'minsk', '', '', '', '', 'Минск', 'minsk', '', '', '', '', '', '', 1478181580, '', 'Мінськ', 'minsk', '', '', ''),
(239, 232, 1, 2, 0, 0, 0, 0, '', '.232.', 'Prague ', '', 'prague-', '', '', '', '', 'Prague', 'prague', '', '', '', '', '', '', 1478182975, '', 'Прага', 'praha', '', '', ''),
(240, 231, 1, 2, 1, 0, 0, 0, '', '.231.', 'Vitebsk', '', 'vitebsk', '', '', '', '', 'Витебск', 'vitebsk', '', '', '', '', '', '', 1479305116, '', 'Віцебск', 'vitsebsk', '', '', '');

-- --------------------------------------------------------

--
-- Table structure for table `ko_news`
--

CREATE TABLE IF NOT EXISTS `ko_news` (
  `news_id` int(6) unsigned NOT NULL,
  `menu_id` int(6) unsigned NOT NULL,
  `component_id` int(6) unsigned NOT NULL,
  `hidden` tinyint(1) NOT NULL DEFAULT '0',
  `position` int(4) NOT NULL DEFAULT '0',
  `date` bigint(20) unsigned NOT NULL,
  `on_main` tinyint(1) unsigned NOT NULL DEFAULT '0',
  `title_en` varchar(255) NOT NULL,
  `title_ru` varchar(255) NOT NULL,
  `url_en` varchar(255) NOT NULL,
  `url_ru` varchar(255) NOT NULL,
  `anons_en` text NOT NULL,
  `anons_ru` text NOT NULL,
  `text_en` text NOT NULL,
  `text_ru` text NOT NULL,
  `update` bigint(20) unsigned NOT NULL,
  `social_comments` varchar(255) NOT NULL,
  `included` varchar(255) NOT NULL,
  `price_uah` int(11) NOT NULL,
  `check_href` text NOT NULL,
  `title_ua` varchar(255) NOT NULL,
  `url_ua` varchar(255) NOT NULL,
  `anons_ua` text NOT NULL,
  `text_ua` text NOT NULL
) ENGINE=InnoDB DEFAULT CHARSET=utf8 ROW_FORMAT=COMPACT;

-- --------------------------------------------------------

--
-- Table structure for table `ko_news_images`
--

CREATE TABLE IF NOT EXISTS `ko_news_images` (
  `image_id` int(6) unsigned NOT NULL,
  `menu_id` int(6) unsigned NOT NULL,
  `component_id` int(6) unsigned NOT NULL,
  `news_id` int(6) unsigned NOT NULL,
  `position` int(4) unsigned NOT NULL DEFAULT '0',
  `file_name` varchar(255) NOT NULL,
  `watermark_position` int(2) NOT NULL
) ENGINE=InnoDB DEFAULT CHARSET=utf8 ROW_FORMAT=COMPACT;

-- --------------------------------------------------------

--
-- Table structure for table `ko_seo_tags`
--

CREATE TABLE IF NOT EXISTS `ko_seo_tags` (
  `tags_id` int(6) unsigned NOT NULL,
  `menu_id` int(6) unsigned NOT NULL,
  `component_id` int(6) unsigned NOT NULL DEFAULT '0',
  `item_id` int(6) unsigned NOT NULL,
  `module` varchar(30) NOT NULL,
  `type_en` tinyint(1) unsigned NOT NULL DEFAULT '0',
  `title_en` varchar(255) NOT NULL,
  `description_en` text NOT NULL,
  `keywords_en` text NOT NULL,
  `cache_title_en` varchar(255) NOT NULL,
  `cache_description_en` text NOT NULL,
  `cache_keywords_en` text NOT NULL,
  `cache_en` tinyint(1) unsigned NOT NULL DEFAULT '0',
  `type_ru` tinyint(1) unsigned NOT NULL DEFAULT '0',
  `title_ru` varchar(255) NOT NULL,
  `description_ru` text NOT NULL,
  `keywords_ru` text NOT NULL,
  `cache_title_ru` varchar(255) NOT NULL,
  `cache_description_ru` text NOT NULL,
  `cache_keywords_ru` text NOT NULL,
  `cache_ru` tinyint(1) unsigned NOT NULL DEFAULT '0',
  `type_ua` tinyint(1) NOT NULL DEFAULT '0',
  `title_ua` varchar(255) NOT NULL,
  `description_ua` text NOT NULL,
  `keywords_ua` text NOT NULL,
  `cache_title_ua` varchar(255) NOT NULL,
  `cache_description_ua` text NOT NULL,
  `cache_keywords_ua` text NOT NULL,
  `cache_ua` tinyint(1) NOT NULL
) ENGINE=InnoDB AUTO_INCREMENT=65 DEFAULT CHARSET=utf8;

--
-- Dumping data for table `ko_seo_tags`
--

INSERT INTO `ko_seo_tags` (`tags_id`, `menu_id`, `component_id`, `item_id`, `module`, `type_en`, `title_en`, `description_en`, `keywords_en`, `cache_title_en`, `cache_description_en`, `cache_keywords_en`, `cache_en`, `type_ru`, `title_ru`, `description_ru`, `keywords_ru`, `cache_title_ru`, `cache_description_ru`, `cache_keywords_ru`, `cache_ru`, `type_ua`, `title_ua`, `description_ua`, `keywords_ua`, `cache_title_ua`, `cache_description_ua`, `cache_keywords_ua`, `cache_ua`) VALUES
(2, 46, 0, 0, '', 1, 'Wedding dresses Tanya Grig::Tanya Grig::Collection 2017', '', '', 'bridal collections', '', '', 0, 0, 'Свадебные платья Таня Григ::Таня Григ::Коллекция 2017', '', '', 'свадебные коллекции', '', '', 1, 1, 'Tanya Grig :: Весільні сукні Україна :: Виробництво', 'Виробництво весільних суконь від Tanya Grig в Україні. || Широкий асоримент || Сучасні технології пошиття || Гаантія на всі виоби', '', 'весільні колекції', '', '', 0),
(4, 163, 0, 0, '', 1, 'Wedding dresses::Tanya Grig::Wedding gowns', 'Wedding collection &quot;Jade&quot;- wedding dresses 2017 by Tanya Grig, stores', '', 'Wedding collection &quot;Jade&quot;', '', '', 0, 1, 'Свадебные платья 2017 от Тани Григ', 'Свадебная коллекция &quot;Jade&quot;  - свадебные платья 2017 года от Тани Григ: каталог с фото, где купить (представительства).', 'Таня Григ, свадебные платья, 2017, фото, каталог, где купить, представительства ', 'Свадебная коллекция &quot;Jade&quot; ', '', '', 0, 0, 'Весільні сукні::Таня Гріг:: Колекція 2017::Весільна мода', 'Весільна колекція Жаде-весільні сукні 2017 року, каталог з сукнями,де купити,представництва', '', 'Весільна колекція &quot;Jade&quot; ', '', '', 1),
(5, 65, 0, 0, '', 0, '', '', '', 'contacts', '', '', 1, 0, '', '', '', 'контакты', '', '', 1, 0, '', '', '', 'контакти', '', '', 1),
(6, 64, 0, 0, '', 1, 'Wedding dresses::Tanya Grig::Collection 2017::', '', '', '', ' &nbsp; &nbsp; &nbsp;Still a young company, TM Tanya Grig is gaining a significant&nbsp;bridal market recognition. Our guidline is to create interesting and&nbsp;&nbsp;stylish&nbsp;wedding gowns combining extraodinary and classical design&nbsp;decisions.&nbsp; &nbsp; &nbsp; &quot;Renessans&quot; (Renaissance) Bridal Shop and a design studio for', 'bridal, gowns, with, gaining, shops, design', 0, 1, 'Свадебные платья::Таня Григ дизайнер::Коллекция 2017', '', '', '', ' Наша торговая марка молодая, но уже достаточно известная на свадебном рынке. Основным направлением ТМ Таня Григ является создание интересных, стильных свадебных нарядов, сочетающих традиционные, классические и нестандартные дизайнерские решения.Работа нашей фирмы началась в 1999г в городе Ивано-Франковске с открытия свадебного салона', 'дизайнерские, салона, наша, свадебных, нашей, марка', 0, 1, 'Весільні сукні::Таня Гріг дизайнер::Колекція 2017', '', '', '', ' &nbsp;&nbsp;Наша торгова марка &nbsp;хоч і молода,&nbsp;але вже достатньо відома на весільному ринку. Основним напрямком TM Tanya Grig є створення цікавих та&nbsp;стильних весільних суконь, які поєднують традиційні та нестандартні дизайнерські рішення.&nbsp;Робота нашої фірми розпочалась в 1999 році в місті Івано-Франківськ з', '00px, суконь, дизайнерські, наша, торгова, весільних', 0),
(9, 66, 0, 0, '', 0, '', '', '', 'Wedding collection 2014', '', '', 1, 0, '', '', '', 'Wedding collection 2016', '', '', 1, 0, '', '', '', 'Весільна колекція 2016', '', '', 1),
(11, 21, 0, 0, '', 0, '', '', '', 'Ukraine', '', '', 1, 0, '', '', '', '', '', '', 1, 0, '', '', '', 'Україна', '', '', 1),
(13, 170, 0, 0, '', 0, '', '', '', 'stores', '', '', 1, 0, '', '', '', 'представительства', '', '', 1, 0, '', '', '', 'представництва', '', '', 1),
(14, 177, 0, 0, '', 0, '', '', '', 'Ivano-Frankivsk', '', '', 1, 0, '', '', '', 'Ивано-Франковск', '', '', 1, 0, '', '', '', 'Івано-Франківськ', '', '', 1),
(15, 179, 0, 0, '', 0, '', '', '', 'Wedding collection 2015', '', '', 1, 0, '', '', '', 'Свадебная коллекция 2015', '', '', 1, 0, '', '', '', 'Весільна колекція 2015', '', '', 1),
(16, 181, 0, 0, '', 0, '', '', '', 'Kryvyi Rih', '', '', 1, 0, '', '', '', 'Кривой Рог', '', '', 1, 0, '', '', '', 'Кривий Ріг', '', '', 1),
(17, 183, 0, 0, '', 0, '', '', '', 'Poltava', '', '', 1, 0, '', '', '', 'Полтава', '', '', 1, 0, '', '', '', 'Полтава', '', '', 1),
(18, 186, 0, 0, '', 0, '', '', '', 'Lutsk', '', '', 1, 0, '', '', '', 'Луцк', '', '', 1, 0, '', '', '', 'Луцьк', '', '', 1),
(19, 187, 0, 0, '', 0, '', '', '', 'Rivne', '', '', 1, 0, '', '', '', 'Ровно', '', '', 1, 0, '', '', '', 'Рівне', '', '', 1),
(20, 188, 0, 0, '', 0, '', '', '', 'Ternopil', '', '', 1, 0, '', '', '', 'Тернополь', '', '', 1, 0, '', '', '', 'Тернопіль', '', '', 1),
(21, 189, 0, 0, '', 0, '', '', '', 'Kharkiv', '', '', 1, 0, '', '', '', 'Харьков', '', '', 1, 0, '', '', '', 'Харків', '', '', 1),
(22, 171, 0, 0, '', 0, '', '', '', 'Germany', '', '', 1, 0, '', '', '', '', '', '', 1, 0, '', '', '', 'Німеччина', '', '', 1),
(23, 172, 0, 0, '', 0, '', '', '', 'Holland', '', '', 1, 0, '', '', '', '', '', '', 1, 0, '', '', '', 'Нідерланди', '', '', 1),
(24, 191, 0, 0, '', 0, '', '', '', 'Zwijndrecht', '', '', 1, 0, '', '', '', 'Zwijndrecht', '', '', 1, 0, '', '', '', 'Zwijndrecht', '', '', 1),
(25, 192, 0, 0, '', 0, '', '', '', 'Eindhoven', '', '', 1, 0, '', '', '', 'Eindhoven', '', '', 1, 0, '', '', '', 'Eindhoven', '', '', 1),
(26, 193, 0, 0, '', 0, '', '', '', 'Gunskirchen', '', '', 1, 0, '', '', '', 'Gunskirchen', '', '', 1, 0, '', '', '', 'Gunskirchen', '', '', 1),
(27, 194, 0, 0, '', 0, '', '', '', 'Mainz', '', '', 1, 0, '', '', '', 'Mainz', '', '', 1, 0, '', '', '', 'Mainz', '', '', 1),
(28, 195, 0, 0, '', 0, '', '', '', 'Bremen', '', '', 1, 0, '', '', '', 'Bremen', '', '', 1, 0, '', '', '', 'Bremen', '', '', 1),
(29, 196, 0, 0, '', 0, '', '', '', 'Bexbach', '', '', 1, 0, '', '', '', 'Bexbach', '', '', 1, 0, '', '', '', 'Bexbach', '', '', 1),
(30, 197, 0, 0, '', 0, '', '', '', 'Castrop-Rauxel ', '', '', 1, 0, '', '', '', 'Castrop-Rauxel ', '', '', 1, 0, '', '', '', 'Castrop-Rauxel ', '', '', 1),
(31, 198, 0, 0, '', 0, '', '', '', 'Neum?nster', '', '', 1, 0, '', '', '', 'Neumunster', '', '', 1, 0, '', '', '', 'Neumunster', '', '', 1),
(32, 199, 0, 0, '', 0, '', '', '', 'Berlin', '', '', 1, 0, '', '', '', 'Berlin', '', '', 1, 0, '', '', '', 'Berlin', '', '', 1),
(33, 200, 0, 0, '', 0, '', '', '', 'Ellwangen ', '', '', 1, 0, '', '', '', 'Ellwangen ', '', '', 1, 0, '', '', '', 'Ellwangen ', '', '', 1),
(34, 201, 0, 0, '', 0, '', '', '', 'Aschheim', '', '', 1, 0, '', '', '', 'Aschheim', '', '', 1, 0, '', '', '', 'Aschheim', '', '', 1),
(35, 202, 0, 0, '', 0, '', '', '', 'Kerpen', '', '', 1, 0, '', '', '', 'Kerpen', '', '', 1, 0, '', '', '', 'Kerpen', '', '', 1),
(36, 203, 0, 0, '', 0, '', '', '', 'K?ln', '', '', 1, 0, '', '', '', 'Cologne', '', '', 1, 0, '', '', '', 'Cologne', '', '', 1),
(37, 204, 0, 0, '', 0, '', '', '', 'Wei?enfels ', '', '', 1, 0, '', '', '', 'Weissenfels ', '', '', 1, 0, '', '', '', 'Weissenfels ', '', '', 1),
(38, 205, 0, 0, '', 0, '', '', '', 'Hameln', '', '', 1, 0, '', '', '', 'Hameln', '', '', 1, 0, '', '', '', 'Hameln', '', '', 1),
(39, 206, 0, 0, '', 0, '', '', '', 'Duisburg', '', '', 1, 0, '', '', '', 'Duisburg', '', '', 1, 0, '', '', '', 'Duisburg', '', '', 1),
(40, 207, 0, 0, '', 0, '', '', '', 'The United Kingdom ', '', '', 1, 0, '', '', '', '', '', '', 0, 0, '', '', '', '', '', '', 0),
(41, 210, 0, 0, '', 0, '', '', '', 'Chester', '', '', 1, 0, '', '', '', 'Chester', '', '', 1, 0, '', '', '', 'Chester', '', '', 1),
(42, 212, 0, 0, '', 0, '', '', '', 'Santa Venera ', '', '', 1, 0, '', '', '', 'Santa Venera ', '', '', 1, 0, '', '', '', 'Santa Venera ', '', '', 1),
(43, 211, 0, 0, '', 0, '', '', '', 'Malta ', '', '', 1, 0, '', '', '', '', '', '', 0, 0, '', '', '', '', '', '', 0),
(44, 214, 0, 0, '', 0, '', '', '', 'Brussels ', '', '', 1, 0, '', '', '', 'Brussels ', '', '', 1, 0, '', '', '', 'Brussels ', '', '', 1),
(45, 215, 0, 0, '', 0, '', '', '', 'Berchem (Antwerpen)', '', '', 1, 0, '', '', '', 'Berchem (Antwerpen) ', '', '', 1, 0, '', '', '', 'Berchem (Antwerpen)', '', '', 1),
(46, 216, 0, 0, '', 0, '', '', '', 'Zwijndrecht ', '', '', 1, 0, '', '', '', 'Zwijndrecht ', '', '', 1, 0, '', '', '', 'Zwijndrecht ', '', '', 1),
(47, 218, 0, 0, '', 0, '', '', '', 'Tallinn', '', '', 1, 0, '', '', '', 'Tallinn', '', '', 1, 0, '', '', '', 'Tallinn', '', '', 1),
(48, 220, 0, 0, '', 0, '', '', '', 'Messina ', '', '', 1, 0, '', '', '', 'Messina ', '', '', 1, 0, '', '', '', 'Messina ', '', '', 1),
(49, 222, 0, 0, '', 0, '', '', '', 'Thun ', '', '', 1, 0, '', '', '', 'Thun ', '', '', 1, 0, '', '', '', 'Thun ', '', '', 1),
(50, 221, 0, 0, '', 0, '', '', '', 'Switzerland ', '', '', 1, 0, '', '', '', '', '', '', 0, 0, '', '', '', '', '', '', 1),
(51, 223, 0, 0, '', 0, '', '', '', 'Pomezia (Rome)', '', '', 1, 0, '', '', '', 'Pomezia (Rome)', '', '', 1, 0, '', '', '', 'Pomezia (Rome)', '', '', 1),
(52, 224, 0, 0, '', 0, '', '', '', 'Tanya Grig', '', '', 1, 0, '', '', '', 'Бестселлеры', '', '', 1, 0, '', '', '', 'Бестселери', '', '', 1),
(53, 226, 0, 0, '', 0, '', '', '', 'Koprivnica ', '', '', 1, 0, '', '', '', 'Koprivnica ', '', '', 1, 0, '', '', '', 'Koprivnica ', '', '', 1),
(54, 225, 0, 0, '', 0, '', '', '', 'Croatia ', '', '', 1, 0, '', '', '', '', '', '', 1, 0, '', '', '', '', '', '', 1),
(55, 182, 0, 0, '', 0, '', '', '', 'Austria', '', '', 1, 0, '', '', '', '', '', '', 0, 0, '', '', '', '', '', '', 0),
(56, 213, 0, 0, '', 0, '', '', '', 'Belgium ', '', '', 1, 0, '', '', '', '', '', '', 0, 0, '', '', '', 'Бельгія ', '', '', 1),
(57, 217, 0, 0, '', 0, '', '', '', 'Estonia ', '', '', 1, 0, '', '', '', '', '', '', 0, 0, '', '', '', '', '', '', 0),
(58, 219, 0, 0, '', 0, '', '', '', 'Italy', '', '', 1, 0, '', '', '', 'Италия', '', '', 1, 0, '', '', '', '', '', '', 0),
(60, 234, 0, 0, '', 0, '', '', '', 'Moscow', '', '', 1, 0, '', '', '', 'Москва', '', '', 1, 0, '', '', '', 'Москва', '', '', 1),
(61, 238, 0, 0, '', 0, '', '', '', 'Minsk', '', '', 1, 0, '', '', '', 'Минск', '', '', 1, 0, '', '', '', 'Мінськ', '', '', 1),
(62, 231, 0, 0, '', 0, '', '', '', 'Belarus', '', '', 1, 0, '', '', '', '', '', '', 0, 0, '', '', '', '', '', '', 1),
(63, 239, 0, 0, '', 0, '', '', '', 'Prague ', '', '', 1, 0, '', '', '', 'Prague', '', '', 1, 0, '', '', '', 'Прага', '', '', 1),
(64, 240, 0, 0, '', 0, '', '', '', 'Vitebsk', '', '', 1, 0, '', '', '', 'Витебск', '', '', 1, 0, '', '', '', 'Віцебск', '', '', 1);

-- --------------------------------------------------------

--
-- Table structure for table `ko_site_links`
--

CREATE TABLE IF NOT EXISTS `ko_site_links` (
  `link_id` int(6) unsigned NOT NULL,
  `item_id` int(6) unsigned NOT NULL,
  `component_id` int(6) unsigned NOT NULL,
  `menu_id` int(6) unsigned NOT NULL,
  `module` varchar(20) NOT NULL,
  `method` varchar(30) NOT NULL,
  `hash_en` char(32) NOT NULL,
  `hash_ru` char(32) NOT NULL,
  `hash_ua` char(32) NOT NULL
) ENGINE=InnoDB AUTO_INCREMENT=1008 DEFAULT CHARSET=utf8;

--
-- Dumping data for table `ko_site_links`
--

INSERT INTO `ko_site_links` (`link_id`, `item_id`, `component_id`, `menu_id`, `module`, `method`, `hash_en`, `hash_ru`, `hash_ua`) VALUES
(1, 46, 0, 46, 'components', 'get_components', 'd41d8cd98f00b204e9800998ecf8427e', 'd41d8cd98f00b204e9800998ecf8427e', 'd41d8cd98f00b204e9800998ecf8427e'),
(7, 2, 0, 1, 'catalog', 'details', '336d5ebc5436534e61d16e63ddfca327', 'c81e728d9d4c2f636f067f89cc14862c', ''),
(26, 2, 24, 1, 'news', 'details', 'ab4c05d89ef6c1669e6db526f17fd63c', 'd41d8cd98f00b204e9800998ecf8427e', ''),
(27, 3, 24, 1, 'news', 'details', 'ab4c05d89ef6c1669e6db526f17fd63c', 'd41d8cd98f00b204e9800998ecf8427e', ''),
(28, 4, 24, 1, 'news', 'details', 'ab4c05d89ef6c1669e6db526f17fd63c', 'd41d8cd98f00b204e9800998ecf8427e', ''),
(29, 5, 24, 1, 'news', 'details', 'ab4c05d89ef6c1669e6db526f17fd63c', 'd41d8cd98f00b204e9800998ecf8427e', ''),
(39, 64, 0, 64, 'components', 'get_components', '9d7f564aa5e716dbae961dd1f0c23d30', '059e62790302af23d507362d5757b8d2', '53c20c5395951a62eab6d529d37afca1'),
(40, 65, 0, 65, 'components', 'get_components', '4136a932eb7724a00cb87c3fb9e1ea1d', 'fddb47381bda65a38757bf78b58fee2d', 'fddb47381bda65a38757bf78b58fee2d'),
(41, 11, 0, 46, 'catalog', 'details', 'c56612fe79b579efcf26f459a562c7e4', 'c56612fe79b579efcf26f459a562c7e4', 'c56612fe79b579efcf26f459a562c7e4'),
(49, 66, 0, 66, 'components', 'get_components', '4990571ad818ed62e6bb0ff9c17d2946', '', '92bccc04a979204ccf173e10df500b97'),
(69, 21, 0, 21, 'components', 'get_components', '4b0f1559226dc5c26d97dd4ef788a85a', '5a620808e04a4d08d6ac6493f94905f7', ''),
(233, 125, 0, 66, 'catalog', 'details', '4a213d37242bdcad8e7300e202e7caa4', '3def184ad8f4755ff269862ea77393dd', ''),
(234, 126, 0, 66, 'catalog', 'details', '8248a99e81e752cb9b41da3fc43fbe7f', '069059b7ef840f0c74a814ec9237b6ec', ''),
(235, 127, 0, 66, 'catalog', 'details', '2b38c2df6a49b97f706ec9148ce48d86', 'ec5decca5ed3d6b8079e2e7e7bacc9f2', ''),
(236, 128, 0, 66, 'catalog', 'details', '884d79963bd8bc0ae9b13a1aa71add73', '76dc611d6ebaafc66cc0879c71b5db5c', ''),
(237, 129, 0, 66, 'catalog', 'details', '6eb6e75fddec0218351dc5c0c8464104', 'd1f491a404d6854880943e5c3cd9ca25', ''),
(238, 130, 0, 66, 'catalog', 'details', '160c88652d47d0be60bfbfed25111412', '9b8619251a19057cff70779273e95aa6', ''),
(239, 131, 0, 66, 'catalog', 'details', 'fe2d010308a6b3799a3d9c728ee74244', '1afa34a7f984eeabdbb0a7d494132ee5', ''),
(240, 132, 0, 66, 'catalog', 'details', 'f7cade80b7cc92b991cf4d2806d6bd78', '65ded5353c5ee48d0b7d48c591b8f430', ''),
(241, 133, 0, 66, 'catalog', 'details', 'b24d516bb65a5a58079f0f3526c87c57', '9fc3d7152ba9336a670e36d0ed79bc43', ''),
(242, 134, 0, 66, 'catalog', 'details', '4122cb13c7a474c1976c9706ae36521d', '02522a2b2726fb0a03bb19f2d8d9524d', ''),
(243, 135, 0, 66, 'catalog', 'details', '81e5f81db77c596492e6f1a5a792ed53', '7f1de29e6da19d22b51c68001e7e0e54', ''),
(244, 136, 0, 66, 'catalog', 'details', 'f4573fc71c731d5c362f0d7860945b88', '42a0e188f5033bc65bf8d78622277c4e', ''),
(245, 137, 0, 66, 'catalog', 'details', 'c850371fda6892fbfd1c5a5b457e5777', '3988c7f88ebcb58c6ce932b957b6f332', ''),
(246, 138, 0, 66, 'catalog', 'details', '2a50e9c2d6b89b95bcb416d6857f8b45', '013d407166ec4fa56eb1e1f8cbe183b9', ''),
(247, 139, 0, 66, 'catalog', 'details', 'fe51510c80bfd6e5d78a164cd5b1f688', 'e00da03b685a0dd18fb6a08af0923de0', ''),
(248, 140, 0, 66, 'catalog', 'details', '4f87658ef0de194413056248a00ce009', '1385974ed5904a438616ff7bdb3f7439', ''),
(249, 141, 0, 66, 'catalog', 'details', '861dc9bd7f4e7dd3cccd534d0ae2a2e9', '0f28b5d49b3020afeecd95b4009adf4c', ''),
(250, 142, 0, 66, 'catalog', 'details', 'fb508ef074ee78a0e58c68be06d8a2eb', 'a8baa56554f96369ab93e4f3bb068c22', ''),
(251, 143, 0, 66, 'catalog', 'details', 'd1ee59e20ad01cedc15f5118a7626099', '903ce9225fca3e988c2af215d4e544d3', ''),
(252, 144, 0, 66, 'catalog', 'details', 'ea8fcd92d59581717e06eb187f10666d', '0a09c8844ba8f0936c20bd791130d6b6', ''),
(253, 145, 0, 66, 'catalog', 'details', '359f38463d487e9e29bd20e24f0c050a', '2b24d495052a8ce66358eb576b8912c8', ''),
(254, 146, 0, 66, 'catalog', 'details', 'f0dd4a99fba6075a9494772b58f95280', 'a5e00132373a7031000fd987a3c9f87b', ''),
(255, 147, 0, 66, 'catalog', 'details', '512c5cad6c37edb98ae91c8a76c3a291', '8d5e957f297893487bd98fa830fa6413', ''),
(256, 148, 0, 66, 'catalog', 'details', '90db9da4fc5414ab55a9fe495d555c06', '47d1e990583c9c67424d369f3414728e', ''),
(257, 149, 0, 66, 'catalog', 'details', '411ae1bf081d1674ca6091f8c59a266f', 'f2217062e9a397a1dca429e7d70bc6ca', ''),
(258, 150, 0, 66, 'catalog', 'details', 'f4a331b7a22d1b237565d8813a34d8ac', '7ef605fc8dba5425d6965fbd4c8fbe1f', ''),
(259, 151, 0, 66, 'catalog', 'details', 'c5cc17e395d3049b03e0f1ccebb02b4d', 'a8f15eda80c50adb0e71943adc8015cf', ''),
(260, 152, 0, 66, 'catalog', 'details', '07042ac7d03d3b9911a00da43ce0079a', '37a749d808e46495a8da1e5352d03cae', ''),
(261, 153, 0, 66, 'catalog', 'details', '42ffcf057e133f94c1b7b5cf543ef3bd', 'b3e3e393c77e35a4a3f3cbd1e429b5dc', ''),
(262, 154, 0, 66, 'catalog', 'details', 'cfa5301358b9fcbe7aa45b1ceea088c6', '1d7f7abc18fcb43975065399b0d1e48e', ''),
(263, 155, 0, 66, 'catalog', 'details', '6b8eba43551742214453411664a0dcc8', '2a79ea27c279e471f4d180b08d62b00a', ''),
(264, 156, 0, 66, 'catalog', 'details', '3a20f62a0af1aa152670bab3c602feed', '1c9ac0159c94d8d0cbedc973445af2da', ''),
(265, 157, 0, 66, 'catalog', 'details', '7949e456002b28988d38185bd30e77fd', '6c4b761a28b734fe93831e3fb400ce87', ''),
(266, 158, 0, 66, 'catalog', 'details', 'dc5c768b5dc76a084531934b34601977', '06409663226af2f3114485aa4e0a23b4', ''),
(267, 159, 0, 66, 'catalog', 'details', 'bcb41ccdc4363c6848a1d760f26c28a0', '140f6969d5213fd0ece03148e62e461e', ''),
(356, 64, 0, 64, 'components', 'get_components', '9d7f564aa5e716dbae961dd1f0c23d30', '059e62790302af23d507362d5757b8d2', '53c20c5395951a62eab6d529d37afca1'),
(381, 163, 0, 163, 'components', 'get_components', '81f27521acc9a5b96520a4146664fd3f', '', ''),
(382, 163, 0, 163, 'components', 'get_components', '81f27521acc9a5b96520a4146664fd3f', '', ''),
(383, 161, 0, 163, 'catalog', 'details', 'e7e9ec3723447a642f762b2b6a15cfd7', 'bd4c9ab730f5513206b999ec0d90d1fb', ''),
(384, 161, 0, 163, 'catalog', 'details', 'e7e9ec3723447a642f762b2b6a15cfd7', 'bd4c9ab730f5513206b999ec0d90d1fb', ''),
(385, 162, 0, 163, 'catalog', 'details', '177df78e258ba19a5c92f45eefbd0e77', '82aa4b0af34c2313a562076992e50aa3', ''),
(386, 162, 0, 163, 'catalog', 'details', '177df78e258ba19a5c92f45eefbd0e77', '82aa4b0af34c2313a562076992e50aa3', ''),
(387, 163, 0, 163, 'catalog', 'details', '414d49e28e8fa74ca8e7604493adb78b', '0777d5c17d4066b82ab86dff8a46af6f', ''),
(388, 163, 0, 163, 'catalog', 'details', '414d49e28e8fa74ca8e7604493adb78b', '0777d5c17d4066b82ab86dff8a46af6f', ''),
(389, 164, 0, 163, 'catalog', 'details', '0c8566f4a4d5dd19216514da8add3cf2', 'fa7cdfad1a5aaf8370ebeda47a1ff1c3', ''),
(390, 164, 0, 163, 'catalog', 'details', '0c8566f4a4d5dd19216514da8add3cf2', 'fa7cdfad1a5aaf8370ebeda47a1ff1c3', ''),
(391, 165, 0, 163, 'catalog', 'details', '026f3cea6dd14416b4bca152d691d701', '9766527f2b5d3e95d4a733fcfb77bd7e', ''),
(392, 165, 0, 163, 'catalog', 'details', '026f3cea6dd14416b4bca152d691d701', '9766527f2b5d3e95d4a733fcfb77bd7e', ''),
(393, 166, 0, 163, 'catalog', 'details', '', '', ''),
(394, 166, 0, 163, 'catalog', 'details', 'ebf81831e1f1cfa165953f8d3d09473c', '7e7757b1e12abcb736ab9a754ffb617a', ''),
(395, 167, 0, 163, 'catalog', 'details', '', '', ''),
(396, 167, 0, 163, 'catalog', 'details', 'e274648aed611371cf5c30a30bbe1d65', '5878a7ab84fb43402106c575658472fa', ''),
(397, 168, 0, 163, 'catalog', 'details', '', '', ''),
(398, 168, 0, 163, 'catalog', 'details', '1bfac757823a79fc75e2a80447e3ad62', '006f52e9102a8d3be2fe5614f42ba989', ''),
(399, 169, 0, 163, 'catalog', 'details', '', '', ''),
(400, 169, 0, 163, 'catalog', 'details', '812b94eb454835665e25797809c1d137', '3636638817772e42b59d74cff571fbb3', ''),
(401, 170, 0, 163, 'catalog', 'details', '', '', ''),
(402, 170, 0, 163, 'catalog', 'details', '9879a692f0391c9135c2af9d99371360', '149e9677a5989fd342ae44213df68868', ''),
(403, 171, 0, 163, 'catalog', 'details', '', '', ''),
(404, 171, 0, 163, 'catalog', 'details', 'f6f4deb7dad1c2e5e0b4d6569dc3c1c5', 'a4a042cf4fd6bfb47701cbc8a1653ada', ''),
(405, 172, 0, 163, 'catalog', 'details', '', '', ''),
(406, 172, 0, 163, 'catalog', 'details', '9f1c234218d0253d8bb02368b922dc32', '1ff8a7b5dc7a7d1f0ed65aaa29c04b1e', ''),
(407, 173, 0, 163, 'catalog', 'details', '', '', ''),
(408, 173, 0, 163, 'catalog', 'details', '6bf33fa74c8afe45b2db1b6128ba308c', 'f7e6c85504ce6e82442c770f7c8606f0', ''),
(409, 174, 0, 163, 'catalog', 'details', '', '', ''),
(410, 174, 0, 163, 'catalog', 'details', '47bc17dc1a2f164967f55325d866c75c', 'bf8229696f7a3bb4700cfddef19fa23f', ''),
(411, 175, 0, 163, 'catalog', 'details', '', '', ''),
(412, 175, 0, 163, 'catalog', 'details', 'e5cb7c411f1d9a67f68deff4a954cfbc', '82161242827b703e6acf9c726942a1e4', ''),
(413, 176, 0, 163, 'catalog', 'details', '', '', ''),
(414, 176, 0, 163, 'catalog', 'details', 'a9d6782ea632b8ee55a0cb2efc82c88c', '38af86134b65d0f10fe33d30dd76442e', ''),
(419, 1, 0, 163, 'catalog', 'details', '8f2ed20fa11482b88fd0daea8719a8d9', '8f2ed20fa11482b88fd0daea8719a8d9', '8f2ed20fa11482b88fd0daea8719a8d9'),
(420, 64, 0, 64, 'components', 'get_components', '9d7f564aa5e716dbae961dd1f0c23d30', '059e62790302af23d507362d5757b8d2', '53c20c5395951a62eab6d529d37afca1'),
(421, 64, 0, 64, 'components', 'get_components', '9d7f564aa5e716dbae961dd1f0c23d30', '059e62790302af23d507362d5757b8d2', '53c20c5395951a62eab6d529d37afca1'),
(422, 1, 0, 163, 'catalog', 'details', '8f2ed20fa11482b88fd0daea8719a8d9', '8f2ed20fa11482b88fd0daea8719a8d9', '8f2ed20fa11482b88fd0daea8719a8d9'),
(423, 163, 0, 163, 'components', 'get_components', '81f27521acc9a5b96520a4146664fd3f', '', ''),
(424, 163, 0, 163, 'components', 'get_components', '81f27521acc9a5b96520a4146664fd3f', '', ''),
(426, 65, 0, 65, 'components', 'get_components', '4136a932eb7724a00cb87c3fb9e1ea1d', 'fddb47381bda65a38757bf78b58fee2d', 'fddb47381bda65a38757bf78b58fee2d'),
(436, 64, 0, 64, 'components', 'get_components', '9d7f564aa5e716dbae961dd1f0c23d30', '059e62790302af23d507362d5757b8d2', '53c20c5395951a62eab6d529d37afca1'),
(438, 65, 0, 65, 'components', 'get_components', '4136a932eb7724a00cb87c3fb9e1ea1d', 'fddb47381bda65a38757bf78b58fee2d', 'fddb47381bda65a38757bf78b58fee2d'),
(439, 64, 0, 64, 'components', 'get_components', '9d7f564aa5e716dbae961dd1f0c23d30', '059e62790302af23d507362d5757b8d2', '53c20c5395951a62eab6d529d37afca1'),
(441, 65, 0, 65, 'components', 'get_components', '4136a932eb7724a00cb87c3fb9e1ea1d', 'fddb47381bda65a38757bf78b58fee2d', 'fddb47381bda65a38757bf78b58fee2d'),
(442, 163, 0, 163, 'components', 'get_components', '81f27521acc9a5b96520a4146664fd3f', '', '717ff55412bc8c4d9c51434cb0c7d25a'),
(443, 66, 0, 66, 'components', 'get_components', '', '', '92bccc04a979204ccf173e10df500b97'),
(444, 4, 0, 66, 'catalog', 'details', '', '', ''),
(445, 1, 0, 163, 'catalog', 'details', '8f2ed20fa11482b88fd0daea8719a8d9', '8f2ed20fa11482b88fd0daea8719a8d9', '8f2ed20fa11482b88fd0daea8719a8d9'),
(446, 5, 0, 163, 'catalog', 'details', '', '', ''),
(447, 6, 0, 163, 'catalog', 'details', '', '', ''),
(448, 5, 0, 163, 'catalog', 'details', '8f2ed20fa11482b88fd0daea8719a8d9', 'e4da3b7fbbce2345d7772b0674a318d5', 'e4da3b7fbbce2345d7772b0674a318d5'),
(449, 7, 0, 163, 'catalog', 'details', '', '', ''),
(450, 163, 0, 163, 'components', 'get_components', '81f27521acc9a5b96520a4146664fd3f', '', ''),
(451, 8, 0, 66, 'catalog', 'details', '', '', ''),
(453, 9, 0, 66, 'catalog', 'details', '3feb2d8fe13b4e9c3c81de0734257103', '3feb2d8fe13b4e9c3c81de0734257103', '3feb2d8fe13b4e9c3c81de0734257103'),
(454, 9, 0, 66, 'catalog', 'details', '3feb2d8fe13b4e9c3c81de0734257103', '3feb2d8fe13b4e9c3c81de0734257103', '3feb2d8fe13b4e9c3c81de0734257103'),
(455, 10, 0, 66, 'catalog', 'details', '3d63c18129e097fe5fca9ba71cfaad03', '3d63c18129e097fe5fca9ba71cfaad03', '3d63c18129e097fe5fca9ba71cfaad03'),
(456, 10, 0, 66, 'catalog', 'details', '3d63c18129e097fe5fca9ba71cfaad03', '3d63c18129e097fe5fca9ba71cfaad03', '3d63c18129e097fe5fca9ba71cfaad03'),
(457, 11, 0, 66, 'catalog', 'details', 'c56612fe79b579efcf26f459a562c7e4', 'c56612fe79b579efcf26f459a562c7e4', 'c56612fe79b579efcf26f459a562c7e4'),
(458, 11, 0, 66, 'catalog', 'details', 'c56612fe79b579efcf26f459a562c7e4', 'c56612fe79b579efcf26f459a562c7e4', 'c56612fe79b579efcf26f459a562c7e4'),
(459, 12, 0, 66, 'catalog', 'details', 'e2f9f842fd8e1ae90dc428d39cab7167', 'e2f9f842fd8e1ae90dc428d39cab7167', 'e2f9f842fd8e1ae90dc428d39cab7167'),
(460, 12, 0, 66, 'catalog', 'details', 'e2f9f842fd8e1ae90dc428d39cab7167', 'e2f9f842fd8e1ae90dc428d39cab7167', 'e2f9f842fd8e1ae90dc428d39cab7167'),
(461, 13, 0, 66, 'catalog', 'details', '99f9fb18ae12315dcf71ae9e2de8e661', '99f9fb18ae12315dcf71ae9e2de8e661', '99f9fb18ae12315dcf71ae9e2de8e661'),
(462, 13, 0, 66, 'catalog', 'details', '99f9fb18ae12315dcf71ae9e2de8e661', '99f9fb18ae12315dcf71ae9e2de8e661', '99f9fb18ae12315dcf71ae9e2de8e661'),
(463, 66, 0, 66, 'components', 'get_components', '', '', '92bccc04a979204ccf173e10df500b97'),
(464, 163, 0, 163, 'components', 'get_components', '81f27521acc9a5b96520a4146664fd3f', '', '85bf7eb3a68dd8d787a348f38832a89c'),
(465, 66, 0, 66, 'components', 'get_components', '', 'edf9052c91c4e9bfd11efe5a6a97100e', '92bccc04a979204ccf173e10df500b97'),
(466, 66, 0, 66, 'components', 'get_components', '3a108ec144bd275200bfe30ae4386cc0', '', '92bccc04a979204ccf173e10df500b97'),
(467, 14, 0, 66, 'catalog', 'details', 'aafcc615b67a5a2e360fdd7b390060ee', 'aafcc615b67a5a2e360fdd7b390060ee', 'aafcc615b67a5a2e360fdd7b390060ee'),
(468, 14, 0, 66, 'catalog', 'details', 'aafcc615b67a5a2e360fdd7b390060ee', 'aafcc615b67a5a2e360fdd7b390060ee', 'aafcc615b67a5a2e360fdd7b390060ee'),
(469, 15, 0, 163, 'catalog', 'details', 'f9ef1e530c617cd598171497b4a49e82', 'f9ef1e530c617cd598171497b4a49e82', 'f9ef1e530c617cd598171497b4a49e82'),
(470, 15, 0, 163, 'catalog', 'details', 'f9ef1e530c617cd598171497b4a49e82', 'f9ef1e530c617cd598171497b4a49e82', 'f9ef1e530c617cd598171497b4a49e82'),
(471, 16, 0, 163, 'catalog', 'details', 'd9eaabe53adedb62bc74b7eb0a9477d4', 'd9eaabe53adedb62bc74b7eb0a9477d4', 'd9eaabe53adedb62bc74b7eb0a9477d4'),
(472, 16, 0, 163, 'catalog', 'details', 'd9eaabe53adedb62bc74b7eb0a9477d4', 'd9eaabe53adedb62bc74b7eb0a9477d4', 'd9eaabe53adedb62bc74b7eb0a9477d4'),
(473, 17, 0, 163, 'catalog', 'details', 'bf17e568257ec4f32a1128167e882312', 'bf17e568257ec4f32a1128167e882312', 'bf17e568257ec4f32a1128167e882312'),
(474, 17, 0, 163, 'catalog', 'details', 'bf17e568257ec4f32a1128167e882312', 'bf17e568257ec4f32a1128167e882312', 'bf17e568257ec4f32a1128167e882312'),
(475, 170, 0, 170, 'components', 'get_components', '', '60f6f47fbce4f987fcdc579d5c2c4340', 'c693d5ef322fb0244f1d13c4e97403fa'),
(476, 170, 0, 170, 'components', 'get_components', 'ebca0efc656db5736b9e93e7022f5f75', '60f6f47fbce4f987fcdc579d5c2c4340', 'c693d5ef322fb0244f1d13c4e97403fa'),
(477, 170, 0, 170, 'components', 'get_components', '', '60f6f47fbce4f987fcdc579d5c2c4340', 'c693d5ef322fb0244f1d13c4e97403fa'),
(478, 170, 0, 170, 'components', 'get_components', '', '60f6f47fbce4f987fcdc579d5c2c4340', 'c693d5ef322fb0244f1d13c4e97403fa'),
(479, 171, 0, 171, 'components', 'get_components', '', '9bce0c1c3f87e8b78bbeb4ea3f557250', ''),
(480, 171, 0, 171, 'components', 'get_components', '28ef36b35ae8cb1f542578f03408b512', '9bce0c1c3f87e8b78bbeb4ea3f557250', ''),
(481, 172, 0, 172, 'components', 'get_components', 'b95f379f6ae245614d2f949801524317', '', '1d3e162b3985f0a6c1f019284c7d65f5'),
(482, 172, 0, 172, 'components', 'get_components', 'b95f379f6ae245614d2f949801524317', '', '1d3e162b3985f0a6c1f019284c7d65f5'),
(483, 17, 0, 163, 'catalog', 'details', 'bf17e568257ec4f32a1128167e882312', 'bf17e568257ec4f32a1128167e882312', 'bf17e568257ec4f32a1128167e882312'),
(491, 177, 0, 177, 'components', 'get_components', '91cfca9117848eaf154064776bd22d4a', '20af137387fc1852673af224425c913a', '91cfca9117848eaf154064776bd22d4a'),
(492, 177, 0, 177, 'components', 'get_components', '91cfca9117848eaf154064776bd22d4a', '20af137387fc1852673af224425c913a', '91cfca9117848eaf154064776bd22d4a'),
(495, 18, 0, 163, 'catalog', 'details', 'af8862a6f8bc4adf52251f812d3b8199', 'af8862a6f8bc4adf52251f812d3b8199', 'af8862a6f8bc4adf52251f812d3b8199'),
(496, 18, 0, 163, 'catalog', 'details', 'af8862a6f8bc4adf52251f812d3b8199', 'af8862a6f8bc4adf52251f812d3b8199', 'af8862a6f8bc4adf52251f812d3b8199'),
(497, 19, 0, 163, 'catalog', 'details', '9c84746a128a37c5e34ab213c888d4aa', '9c84746a128a37c5e34ab213c888d4aa', '9c84746a128a37c5e34ab213c888d4aa'),
(498, 19, 0, 163, 'catalog', 'details', '9c84746a128a37c5e34ab213c888d4aa', '9c84746a128a37c5e34ab213c888d4aa', '9c84746a128a37c5e34ab213c888d4aa'),
(499, 20, 0, 163, 'catalog', 'details', 'c580b0f7c5fe979a5ed6a778072bc91e', 'c580b0f7c5fe979a5ed6a778072bc91e', 'c580b0f7c5fe979a5ed6a778072bc91e'),
(500, 20, 0, 163, 'catalog', 'details', 'c580b0f7c5fe979a5ed6a778072bc91e', 'c580b0f7c5fe979a5ed6a778072bc91e', 'c580b0f7c5fe979a5ed6a778072bc91e'),
(501, 21, 0, 163, 'catalog', 'details', '7fb35d1f75d5944626d88b1ed6736fbd', '7fb35d1f75d5944626d88b1ed6736fbd', '7fb35d1f75d5944626d88b1ed6736fbd'),
(502, 21, 0, 163, 'catalog', 'details', '7fb35d1f75d5944626d88b1ed6736fbd', '7fb35d1f75d5944626d88b1ed6736fbd', '7fb35d1f75d5944626d88b1ed6736fbd'),
(503, 22, 0, 163, 'catalog', 'details', '83ce566136533f8d2ec3b1d468feefe0', '83ce566136533f8d2ec3b1d468feefe0', '83ce566136533f8d2ec3b1d468feefe0'),
(504, 22, 0, 163, 'catalog', 'details', '83ce566136533f8d2ec3b1d468feefe0', '83ce566136533f8d2ec3b1d468feefe0', '83ce566136533f8d2ec3b1d468feefe0'),
(505, 23, 0, 163, 'catalog', 'details', 'b8786da6deb5afd49db8d7c3e39f840c', 'b8786da6deb5afd49db8d7c3e39f840c', 'b8786da6deb5afd49db8d7c3e39f840c'),
(506, 23, 0, 163, 'catalog', 'details', 'b8786da6deb5afd49db8d7c3e39f840c', 'b8786da6deb5afd49db8d7c3e39f840c', 'b8786da6deb5afd49db8d7c3e39f840c'),
(507, 24, 0, 163, 'catalog', 'details', '61e1f08a425cb79a18c3f6224011ab74', '61e1f08a425cb79a18c3f6224011ab74', '61e1f08a425cb79a18c3f6224011ab74'),
(508, 24, 0, 163, 'catalog', 'details', '61e1f08a425cb79a18c3f6224011ab74', '61e1f08a425cb79a18c3f6224011ab74', '61e1f08a425cb79a18c3f6224011ab74'),
(509, 14, 0, 66, 'catalog', 'details', 'aafcc615b67a5a2e360fdd7b390060ee', 'aafcc615b67a5a2e360fdd7b390060ee', 'aafcc615b67a5a2e360fdd7b390060ee'),
(514, 9, 0, 66, 'catalog', 'details', '3feb2d8fe13b4e9c3c81de0734257103', '3feb2d8fe13b4e9c3c81de0734257103', '3feb2d8fe13b4e9c3c81de0734257103'),
(515, 10, 0, 66, 'catalog', 'details', '3d63c18129e097fe5fca9ba71cfaad03', '3d63c18129e097fe5fca9ba71cfaad03', '3d63c18129e097fe5fca9ba71cfaad03'),
(516, 11, 0, 66, 'catalog', 'details', 'c56612fe79b579efcf26f459a562c7e4', 'c56612fe79b579efcf26f459a562c7e4', 'c56612fe79b579efcf26f459a562c7e4'),
(517, 11, 0, 66, 'catalog', 'details', 'c56612fe79b579efcf26f459a562c7e4', 'c56612fe79b579efcf26f459a562c7e4', 'c56612fe79b579efcf26f459a562c7e4'),
(518, 12, 0, 66, 'catalog', 'details', 'e2f9f842fd8e1ae90dc428d39cab7167', 'e2f9f842fd8e1ae90dc428d39cab7167', 'e2f9f842fd8e1ae90dc428d39cab7167'),
(519, 13, 0, 66, 'catalog', 'details', '99f9fb18ae12315dcf71ae9e2de8e661', '99f9fb18ae12315dcf71ae9e2de8e661', '99f9fb18ae12315dcf71ae9e2de8e661'),
(520, 26, 0, 66, 'catalog', 'details', '5d46760bdfb2cc1aca1d1f196688c290', '5d46760bdfb2cc1aca1d1f196688c290', '5d46760bdfb2cc1aca1d1f196688c290'),
(521, 26, 0, 66, 'catalog', 'details', '5d46760bdfb2cc1aca1d1f196688c290', '5d46760bdfb2cc1aca1d1f196688c290', '5d46760bdfb2cc1aca1d1f196688c290'),
(522, 27, 0, 66, 'catalog', 'details', '1ea31d12c145f5b54332e6ae2bb04ab7', '1ea31d12c145f5b54332e6ae2bb04ab7', '1ea31d12c145f5b54332e6ae2bb04ab7'),
(523, 27, 0, 66, 'catalog', 'details', '1ea31d12c145f5b54332e6ae2bb04ab7', '1ea31d12c145f5b54332e6ae2bb04ab7', '1ea31d12c145f5b54332e6ae2bb04ab7'),
(524, 28, 0, 66, 'catalog', 'details', '979c8e8f8271e3431249f935cd7d3f4c', '979c8e8f8271e3431249f935cd7d3f4c', '979c8e8f8271e3431249f935cd7d3f4c'),
(525, 28, 0, 66, 'catalog', 'details', '979c8e8f8271e3431249f935cd7d3f4c', '979c8e8f8271e3431249f935cd7d3f4c', '979c8e8f8271e3431249f935cd7d3f4c'),
(526, 29, 0, 66, 'catalog', 'details', '', '', ''),
(527, 30, 0, 66, 'catalog', 'details', '', '', ''),
(529, 31, 0, 66, 'catalog', 'details', '2f6906c95752d997fbcd536f3a71b4f3', '2f6906c95752d997fbcd536f3a71b4f3', '2f6906c95752d997fbcd536f3a71b4f3'),
(530, 31, 0, 66, 'catalog', 'details', '2f6906c95752d997fbcd536f3a71b4f3', '2f6906c95752d997fbcd536f3a71b4f3', '2f6906c95752d997fbcd536f3a71b4f3'),
(531, 32, 0, 66, 'catalog', 'details', '6824cc4c7c33aabf02553093853c2e69', '6824cc4c7c33aabf02553093853c2e69', '6824cc4c7c33aabf02553093853c2e69'),
(532, 32, 0, 66, 'catalog', 'details', '6824cc4c7c33aabf02553093853c2e69', '6824cc4c7c33aabf02553093853c2e69', '6824cc4c7c33aabf02553093853c2e69'),
(533, 33, 0, 66, 'catalog', 'details', '4eb274593fde2b15697a325349d89aa4', '4eb274593fde2b15697a325349d89aa4', '4eb274593fde2b15697a325349d89aa4'),
(534, 33, 0, 66, 'catalog', 'details', '4eb274593fde2b15697a325349d89aa4', '4eb274593fde2b15697a325349d89aa4', '4eb274593fde2b15697a325349d89aa4'),
(535, 34, 0, 66, 'catalog', 'details', '3e8e5a4afd281801c8ff1c27d4a0c1a5', '3e8e5a4afd281801c8ff1c27d4a0c1a5', '3e8e5a4afd281801c8ff1c27d4a0c1a5'),
(536, 34, 0, 66, 'catalog', 'details', '3e8e5a4afd281801c8ff1c27d4a0c1a5', '3e8e5a4afd281801c8ff1c27d4a0c1a5', '3e8e5a4afd281801c8ff1c27d4a0c1a5'),
(537, 35, 0, 66, 'catalog', 'details', '13dc0ed5fffd707bf3e1273fa54573b7', '13dc0ed5fffd707bf3e1273fa54573b7', '13dc0ed5fffd707bf3e1273fa54573b7'),
(538, 35, 0, 66, 'catalog', 'details', '13dc0ed5fffd707bf3e1273fa54573b7', '13dc0ed5fffd707bf3e1273fa54573b7', '13dc0ed5fffd707bf3e1273fa54573b7'),
(539, 36, 0, 66, 'catalog', 'details', 'b2693d9c2124f3ca9547b897794ac6a1', 'b2693d9c2124f3ca9547b897794ac6a1', 'b2693d9c2124f3ca9547b897794ac6a1'),
(540, 36, 0, 66, 'catalog', 'details', 'b2693d9c2124f3ca9547b897794ac6a1', 'b2693d9c2124f3ca9547b897794ac6a1', 'b2693d9c2124f3ca9547b897794ac6a1'),
(541, 37, 0, 66, 'catalog', 'details', '277f8d77fceb01b44add2092ff8bbc33', '277f8d77fceb01b44add2092ff8bbc33', '277f8d77fceb01b44add2092ff8bbc33'),
(542, 37, 0, 66, 'catalog', 'details', '277f8d77fceb01b44add2092ff8bbc33', '277f8d77fceb01b44add2092ff8bbc33', '277f8d77fceb01b44add2092ff8bbc33'),
(543, 38, 0, 66, 'catalog', 'details', '1d33c8d5b406987d857ef63183dd7113', '1d33c8d5b406987d857ef63183dd7113', '1d33c8d5b406987d857ef63183dd7113'),
(544, 38, 0, 66, 'catalog', 'details', '1d33c8d5b406987d857ef63183dd7113', '1d33c8d5b406987d857ef63183dd7113', '1d33c8d5b406987d857ef63183dd7113'),
(545, 39, 0, 66, 'catalog', 'details', '6c0deba6c74d65570f8aa9f10c6a869b', '6c0deba6c74d65570f8aa9f10c6a869b', '6c0deba6c74d65570f8aa9f10c6a869b'),
(546, 39, 0, 66, 'catalog', 'details', '6c0deba6c74d65570f8aa9f10c6a869b', '6c0deba6c74d65570f8aa9f10c6a869b', '6c0deba6c74d65570f8aa9f10c6a869b'),
(547, 40, 0, 66, 'catalog', 'details', 'b5608ae386fa5dc7d39fa0982d3fb988', 'b5608ae386fa5dc7d39fa0982d3fb988', 'b5608ae386fa5dc7d39fa0982d3fb988'),
(548, 40, 0, 66, 'catalog', 'details', 'b5608ae386fa5dc7d39fa0982d3fb988', 'b5608ae386fa5dc7d39fa0982d3fb988', 'b5608ae386fa5dc7d39fa0982d3fb988'),
(549, 41, 0, 66, 'catalog', 'details', '94149db1c5119712284864d32439cba4', '94149db1c5119712284864d32439cba4', '94149db1c5119712284864d32439cba4'),
(550, 41, 0, 66, 'catalog', 'details', '94149db1c5119712284864d32439cba4', '94149db1c5119712284864d32439cba4', '94149db1c5119712284864d32439cba4'),
(551, 42, 0, 66, 'catalog', 'details', 'a624a33f3501afdc109103d1bdf80840', 'a624a33f3501afdc109103d1bdf80840', 'a624a33f3501afdc109103d1bdf80840'),
(552, 42, 0, 66, 'catalog', 'details', 'a624a33f3501afdc109103d1bdf80840', 'a624a33f3501afdc109103d1bdf80840', 'a624a33f3501afdc109103d1bdf80840'),
(553, 43, 0, 66, 'catalog', 'details', 'd31cb1e2b7902e8e9b4d1793e94c38a0', 'd31cb1e2b7902e8e9b4d1793e94c38a0', 'd31cb1e2b7902e8e9b4d1793e94c38a0'),
(554, 43, 0, 66, 'catalog', 'details', 'd31cb1e2b7902e8e9b4d1793e94c38a0', 'd31cb1e2b7902e8e9b4d1793e94c38a0', 'd31cb1e2b7902e8e9b4d1793e94c38a0'),
(555, 44, 0, 66, 'catalog', 'details', '30d66629ce5e4fff55ef93c291ee396e', '30d66629ce5e4fff55ef93c291ee396e', '30d66629ce5e4fff55ef93c291ee396e'),
(556, 44, 0, 66, 'catalog', 'details', '30d66629ce5e4fff55ef93c291ee396e', '30d66629ce5e4fff55ef93c291ee396e', '30d66629ce5e4fff55ef93c291ee396e'),
(557, 45, 0, 66, 'catalog', 'details', 'ca0c6b049007c0b036f3563b1bca7610', 'ca0c6b049007c0b036f3563b1bca7610', 'ca0c6b049007c0b036f3563b1bca7610'),
(558, 45, 0, 66, 'catalog', 'details', 'ca0c6b049007c0b036f3563b1bca7610', 'ca0c6b049007c0b036f3563b1bca7610', 'ca0c6b049007c0b036f3563b1bca7610'),
(559, 46, 0, 66, 'catalog', 'details', 'dd5585a92b04d4420477ee6082770fd1', 'dd5585a92b04d4420477ee6082770fd1', 'dd5585a92b04d4420477ee6082770fd1'),
(560, 46, 0, 66, 'catalog', 'details', 'dd5585a92b04d4420477ee6082770fd1', 'dd5585a92b04d4420477ee6082770fd1', 'dd5585a92b04d4420477ee6082770fd1'),
(561, 47, 0, 66, 'catalog', 'details', '4600bb8b66b6a2af771fbb0566732196', '4600bb8b66b6a2af771fbb0566732196', '4600bb8b66b6a2af771fbb0566732196'),
(562, 47, 0, 66, 'catalog', 'details', '4600bb8b66b6a2af771fbb0566732196', '4600bb8b66b6a2af771fbb0566732196', '4600bb8b66b6a2af771fbb0566732196'),
(563, 48, 0, 66, 'catalog', 'details', '5d0aecec3cbbf1da2ec93b114db636c2', '5d0aecec3cbbf1da2ec93b114db636c2', '5d0aecec3cbbf1da2ec93b114db636c2'),
(564, 48, 0, 66, 'catalog', 'details', '5d0aecec3cbbf1da2ec93b114db636c2', '5d0aecec3cbbf1da2ec93b114db636c2', '5d0aecec3cbbf1da2ec93b114db636c2'),
(569, 179, 0, 179, 'components', 'get_components', '8162016179a512d648daf8a5f4fb9660', '65d62565ad5233967082e3e7754c2c55', ''),
(570, 179, 0, 179, 'components', 'get_components', '8162016179a512d648daf8a5f4fb9660', '65d62565ad5233967082e3e7754c2c55', ''),
(572, 50, 0, 179, 'catalog', 'details', 'ab0db54ab4af5f073628f53071791ab9', 'ab0db54ab4af5f073628f53071791ab9', 'ab0db54ab4af5f073628f53071791ab9'),
(573, 181, 0, 181, 'components', 'get_components', 'c44de2fcdac6e70d2ac78353e4caff3b', 'f2aeca44f0d4076f73868b201eafbea2', 'c44de2fcdac6e70d2ac78353e4caff3b'),
(574, 181, 0, 181, 'components', 'get_components', 'c44de2fcdac6e70d2ac78353e4caff3b', 'f2aeca44f0d4076f73868b201eafbea2', 'c44de2fcdac6e70d2ac78353e4caff3b'),
(575, 50, 0, 179, 'catalog', 'details', 'ab0db54ab4af5f073628f53071791ab9', 'ab0db54ab4af5f073628f53071791ab9', 'ab0db54ab4af5f073628f53071791ab9'),
(576, 177, 0, 177, 'components', 'get_components', '91cfca9117848eaf154064776bd22d4a', '20af137387fc1852673af224425c913a', '91cfca9117848eaf154064776bd22d4a'),
(577, 182, 0, 182, 'components', 'get_components', '', '65745665b059562b955d47bbf2ceb02e', ''),
(578, 182, 0, 182, 'components', 'get_components', '6cd0c266688a7a579874167d67c74a66', '65745665b059562b955d47bbf2ceb02e', ''),
(579, 183, 0, 183, 'components', 'get_components', '', '4f1714401cde38def9b7ad12e9ae857f', '4f1714401cde38def9b7ad12e9ae857f'),
(580, 183, 0, 183, 'components', 'get_components', '4f1714401cde38def9b7ad12e9ae857f', '4f1714401cde38def9b7ad12e9ae857f', '4f1714401cde38def9b7ad12e9ae857f'),
(581, 181, 0, 181, 'components', 'get_components', 'c44de2fcdac6e70d2ac78353e4caff3b', 'f2aeca44f0d4076f73868b201eafbea2', 'c44de2fcdac6e70d2ac78353e4caff3b'),
(584, 186, 0, 186, 'components', 'get_components', '', '867c4235c7d5abbefd2b8abd92b57f8a', 'f2fe652f20c907d534b0b41828a9c4ff'),
(585, 186, 0, 186, 'components', 'get_components', 'f2fe652f20c907d534b0b41828a9c4ff', '867c4235c7d5abbefd2b8abd92b57f8a', 'f2fe652f20c907d534b0b41828a9c4ff'),
(586, 187, 0, 187, 'components', 'get_components', '', 'c662f54a34cb4a3e38eed37c048f4e69', '5489ce562fa5d74ed421ace5cbb90d02'),
(587, 187, 0, 187, 'components', 'get_components', '5489ce562fa5d74ed421ace5cbb90d02', 'c662f54a34cb4a3e38eed37c048f4e69', '5489ce562fa5d74ed421ace5cbb90d02'),
(588, 188, 0, 188, 'components', 'get_components', '', 'c336646c10d8436f2ea1387f12d0305a', '10bf4585617dcfcfdd9b21deaf07e813'),
(589, 188, 0, 188, 'components', 'get_components', '10bf4585617dcfcfdd9b21deaf07e813', 'c336646c10d8436f2ea1387f12d0305a', '10bf4585617dcfcfdd9b21deaf07e813'),
(590, 189, 0, 189, 'components', 'get_components', '', '8709a5fa743ab5524f13cff6024d56c6', '6883aff679ef03afa08b297cd84ade04'),
(591, 189, 0, 189, 'components', 'get_components', '6883aff679ef03afa08b297cd84ade04', '8709a5fa743ab5524f13cff6024d56c6', '6883aff679ef03afa08b297cd84ade04'),
(593, 191, 0, 191, 'components', 'get_components', '', '', ''),
(594, 191, 0, 191, 'components', 'get_components', 'b010fe14546f7807bb5c6e4d8afffbac', '', ''),
(595, 192, 0, 192, 'components', 'get_components', '', '', ''),
(596, 192, 0, 192, 'components', 'get_components', '30108c511aba75c5669e031efbe18745', '', ''),
(597, 193, 0, 193, 'components', 'get_components', '', '', ''),
(598, 193, 0, 193, 'components', 'get_components', '29003754eea3b2f29fb8cc25f42eafb9', '', ''),
(599, 194, 0, 194, 'components', 'get_components', '', '', ''),
(600, 194, 0, 194, 'components', 'get_components', 'efaf7112f3b260f7312c38e79bab1117', '', ''),
(601, 195, 0, 195, 'components', 'get_components', '37eb173a3a7538e08d61556f90bfec02', '', ''),
(602, 195, 0, 195, 'components', 'get_components', '37eb173a3a7538e08d61556f90bfec02', '', ''),
(603, 196, 0, 196, 'components', 'get_components', '', '', ''),
(604, 196, 0, 196, 'components', 'get_components', '7c7a5d403629d0adacdd92da54abe091', '', ''),
(605, 197, 0, 197, 'components', 'get_components', '', '', ''),
(606, 197, 0, 197, 'components', 'get_components', '7a26702088c82ad51f918c20e883b9c3', '', ''),
(607, 198, 0, 198, 'components', 'get_components', '', '', ''),
(608, 198, 0, 198, 'components', 'get_components', 'ed42ac6281695e75d2dacc161e2421b1', '', ''),
(609, 199, 0, 199, 'components', 'get_components', '', '', ''),
(610, 199, 0, 199, 'components', 'get_components', 'd35a02eb49149450fb2fffc6e467eb37', '', ''),
(611, 200, 0, 200, 'components', 'get_components', '', '', ''),
(612, 200, 0, 200, 'components', 'get_components', '05b46749059d659dfc8394d8a7bb18b2', '', ''),
(613, 201, 0, 201, 'components', 'get_components', '', '', ''),
(614, 201, 0, 201, 'components', 'get_components', '555a3ee8593db74382643c64b8fc20a3', '', ''),
(615, 202, 0, 202, 'components', 'get_components', '', '', ''),
(616, 202, 0, 202, 'components', 'get_components', '57e4d41b04221e6f4680f19111e479ff', '', ''),
(617, 203, 0, 203, 'components', 'get_components', '', '', ''),
(618, 203, 0, 203, 'components', 'get_components', 'e5d0d398c30efb1353f9e1df7de9275e', '', ''),
(619, 203, 0, 203, 'components', 'get_components', 'f74dedb48f968ce4e1059a0fc59fdc67', '', ''),
(620, 204, 0, 204, 'components', 'get_components', '', '', ''),
(621, 204, 0, 204, 'components', 'get_components', 'b1097596b26ebae88defea0efc2080bb', '', ''),
(622, 205, 0, 205, 'components', 'get_components', '', '', ''),
(623, 205, 0, 205, 'components', 'get_components', '3b0c0c81934523d17936db011a781f79', '', ''),
(624, 206, 0, 206, 'components', 'get_components', '', '', ''),
(625, 206, 0, 206, 'components', 'get_components', '830c8101865c81beaab457800cc9bbe5', '', ''),
(626, 21, 0, 21, 'components', 'get_components', '', '5a620808e04a4d08d6ac6493f94905f7', '4b0f1559226dc5c26d97dd4ef788a85a'),
(627, 171, 0, 171, 'components', 'get_components', '', '9bce0c1c3f87e8b78bbeb4ea3f557250', '28ef36b35ae8cb1f542578f03408b512'),
(628, 172, 0, 172, 'components', 'get_components', '', '', '1d3e162b3985f0a6c1f019284c7d65f5'),
(629, 182, 0, 182, 'components', 'get_components', '', '65745665b059562b955d47bbf2ceb02e', '6cd0c266688a7a579874167d67c74a66'),
(630, 177, 0, 177, 'components', 'get_components', '', '20af137387fc1852673af224425c913a', '91cfca9117848eaf154064776bd22d4a'),
(631, 181, 0, 181, 'components', 'get_components', '', 'f2aeca44f0d4076f73868b201eafbea2', 'c44de2fcdac6e70d2ac78353e4caff3b'),
(632, 183, 0, 183, 'components', 'get_components', '', '4f1714401cde38def9b7ad12e9ae857f', '4f1714401cde38def9b7ad12e9ae857f'),
(633, 186, 0, 186, 'components', 'get_components', '', '867c4235c7d5abbefd2b8abd92b57f8a', 'f2fe652f20c907d534b0b41828a9c4ff'),
(634, 187, 0, 187, 'components', 'get_components', '', 'c662f54a34cb4a3e38eed37c048f4e69', '5489ce562fa5d74ed421ace5cbb90d02'),
(635, 188, 0, 188, 'components', 'get_components', '', 'c336646c10d8436f2ea1387f12d0305a', '10bf4585617dcfcfdd9b21deaf07e813'),
(636, 189, 0, 189, 'components', 'get_components', '', '8709a5fa743ab5524f13cff6024d56c6', '6883aff679ef03afa08b297cd84ade04'),
(637, 177, 0, 177, 'components', 'get_components', '', '20af137387fc1852673af224425c913a', '91cfca9117848eaf154064776bd22d4a'),
(638, 181, 0, 181, 'components', 'get_components', '', 'f2aeca44f0d4076f73868b201eafbea2', 'c44de2fcdac6e70d2ac78353e4caff3b'),
(639, 183, 0, 183, 'components', 'get_components', '', '4f1714401cde38def9b7ad12e9ae857f', '4f1714401cde38def9b7ad12e9ae857f'),
(640, 21, 0, 21, 'components', 'get_components', '', '5a620808e04a4d08d6ac6493f94905f7', 'aafd66d21bcb00138cea2acc82082030'),
(641, 171, 0, 171, 'components', 'get_components', '', '9bce0c1c3f87e8b78bbeb4ea3f557250', 'b3a249c7a6953f6a84d7f2a4cf16ebae'),
(642, 194, 0, 194, 'components', 'get_components', '', '', 'efaf7112f3b260f7312c38e79bab1117'),
(643, 195, 0, 195, 'components', 'get_components', '', '', '37eb173a3a7538e08d61556f90bfec02'),
(644, 196, 0, 196, 'components', 'get_components', '', '', '7c7a5d403629d0adacdd92da54abe091'),
(645, 197, 0, 197, 'components', 'get_components', '', '', '7a26702088c82ad51f918c20e883b9c3'),
(646, 198, 0, 198, 'components', 'get_components', '', '', 'ed42ac6281695e75d2dacc161e2421b1'),
(647, 199, 0, 199, 'components', 'get_components', '', '', 'd35a02eb49149450fb2fffc6e467eb37'),
(648, 200, 0, 200, 'components', 'get_components', '', '', '05b46749059d659dfc8394d8a7bb18b2'),
(649, 201, 0, 201, 'components', 'get_components', '', '', '555a3ee8593db74382643c64b8fc20a3'),
(650, 202, 0, 202, 'components', 'get_components', '', '', '57e4d41b04221e6f4680f19111e479ff'),
(651, 203, 0, 203, 'components', 'get_components', '', '', 'f74dedb48f968ce4e1059a0fc59fdc67'),
(652, 204, 0, 204, 'components', 'get_components', '', '', 'b1097596b26ebae88defea0efc2080bb'),
(653, 205, 0, 205, 'components', 'get_components', '', '', '3b0c0c81934523d17936db011a781f79'),
(654, 206, 0, 206, 'components', 'get_components', '', '', '830c8101865c81beaab457800cc9bbe5'),
(655, 172, 0, 172, 'components', 'get_components', '', '', '1d3e162b3985f0a6c1f019284c7d65f5'),
(656, 191, 0, 191, 'components', 'get_components', '', '', 'b010fe14546f7807bb5c6e4d8afffbac'),
(657, 192, 0, 192, 'components', 'get_components', '', '', '30108c511aba75c5669e031efbe18745'),
(658, 182, 0, 182, 'components', 'get_components', '', '65745665b059562b955d47bbf2ceb02e', '5c03f9130015f8cb0e5c83d9c26a2177'),
(659, 193, 0, 193, 'components', 'get_components', '', '', '29003754eea3b2f29fb8cc25f42eafb9'),
(660, 186, 0, 186, 'components', 'get_components', '', '867c4235c7d5abbefd2b8abd92b57f8a', 'f2fe652f20c907d534b0b41828a9c4ff'),
(661, 187, 0, 187, 'components', 'get_components', '', 'c662f54a34cb4a3e38eed37c048f4e69', '5489ce562fa5d74ed421ace5cbb90d02'),
(662, 188, 0, 188, 'components', 'get_components', '', 'c336646c10d8436f2ea1387f12d0305a', '10bf4585617dcfcfdd9b21deaf07e813'),
(663, 189, 0, 189, 'components', 'get_components', '', '8709a5fa743ab5524f13cff6024d56c6', '6883aff679ef03afa08b297cd84ade04'),
(664, 21, 0, 21, 'components', 'get_components', '', '5a620808e04a4d08d6ac6493f94905f7', ''),
(665, 177, 0, 177, 'components', 'get_components', '', '20af137387fc1852673af224425c913a', '91cfca9117848eaf154064776bd22d4a'),
(666, 181, 0, 181, 'components', 'get_components', '', 'f2aeca44f0d4076f73868b201eafbea2', 'c44de2fcdac6e70d2ac78353e4caff3b'),
(667, 183, 0, 183, 'components', 'get_components', '', '4f1714401cde38def9b7ad12e9ae857f', '4f1714401cde38def9b7ad12e9ae857f'),
(668, 186, 0, 186, 'components', 'get_components', '', '867c4235c7d5abbefd2b8abd92b57f8a', 'f2fe652f20c907d534b0b41828a9c4ff'),
(669, 187, 0, 187, 'components', 'get_components', '', 'c662f54a34cb4a3e38eed37c048f4e69', '5489ce562fa5d74ed421ace5cbb90d02'),
(670, 188, 0, 188, 'components', 'get_components', '', 'c336646c10d8436f2ea1387f12d0305a', '10bf4585617dcfcfdd9b21deaf07e813'),
(671, 189, 0, 189, 'components', 'get_components', '', '8709a5fa743ab5524f13cff6024d56c6', '6883aff679ef03afa08b297cd84ade04'),
(672, 171, 0, 171, 'components', 'get_components', '', '9bce0c1c3f87e8b78bbeb4ea3f557250', ''),
(673, 194, 0, 194, 'components', 'get_components', '', 'efaf7112f3b260f7312c38e79bab1117', ''),
(674, 195, 0, 195, 'components', 'get_components', '', '37eb173a3a7538e08d61556f90bfec02', ''),
(675, 196, 0, 196, 'components', 'get_components', '', '7c7a5d403629d0adacdd92da54abe091', ''),
(676, 197, 0, 197, 'components', 'get_components', '', '7a26702088c82ad51f918c20e883b9c3', ''),
(677, 198, 0, 198, 'components', 'get_components', '', 'ed42ac6281695e75d2dacc161e2421b1', ''),
(678, 199, 0, 199, 'components', 'get_components', '', 'd35a02eb49149450fb2fffc6e467eb37', ''),
(679, 200, 0, 200, 'components', 'get_components', '', '05b46749059d659dfc8394d8a7bb18b2', ''),
(680, 201, 0, 201, 'components', 'get_components', '', '555a3ee8593db74382643c64b8fc20a3', ''),
(681, 202, 0, 202, 'components', 'get_components', '', '57e4d41b04221e6f4680f19111e479ff', ''),
(682, 203, 0, 203, 'components', 'get_components', '', 'f74dedb48f968ce4e1059a0fc59fdc67', ''),
(683, 204, 0, 204, 'components', 'get_components', '', 'b1097596b26ebae88defea0efc2080bb', ''),
(684, 205, 0, 205, 'components', 'get_components', '', '3b0c0c81934523d17936db011a781f79', ''),
(685, 206, 0, 206, 'components', 'get_components', '', '830c8101865c81beaab457800cc9bbe5', ''),
(686, 182, 0, 182, 'components', 'get_components', '', '65745665b059562b955d47bbf2ceb02e', ''),
(687, 193, 0, 193, 'components', 'get_components', '', '29003754eea3b2f29fb8cc25f42eafb9', ''),
(688, 172, 0, 172, 'components', 'get_components', '', '1d3e162b3985f0a6c1f019284c7d65f5', '1d3e162b3985f0a6c1f019284c7d65f5'),
(689, 191, 0, 191, 'components', 'get_components', '', 'b010fe14546f7807bb5c6e4d8afffbac', ''),
(690, 192, 0, 192, 'components', 'get_components', '', '30108c511aba75c5669e031efbe18745', ''),
(691, 207, 0, 207, 'components', 'get_components', '', '', ''),
(692, 207, 0, 207, 'components', 'get_components', 'ded46fac90d68026fec474323a0c027e', '', ''),
(695, 210, 0, 210, 'components', 'get_components', '', '', ''),
(696, 210, 0, 210, 'components', 'get_components', '365816905f5e9c148e20273719fe163d', '', ''),
(697, 207, 0, 207, 'components', 'get_components', '', '', '60c53976fa6136b91daa62d0edc9560c'),
(698, 207, 0, 207, 'components', 'get_components', '', '96d59d1f76b966512bf2a250764c702a', ''),
(699, 210, 0, 210, 'components', 'get_components', '', '', '365816905f5e9c148e20273719fe163d'),
(700, 211, 0, 211, 'components', 'get_components', '', 'ff58bcf8f7fd00c42746e8f0febfde79', 'ff58bcf8f7fd00c42746e8f0febfde79'),
(701, 211, 0, 211, 'components', 'get_components', 'ff58bcf8f7fd00c42746e8f0febfde79', 'ff58bcf8f7fd00c42746e8f0febfde79', 'ff58bcf8f7fd00c42746e8f0febfde79'),
(702, 212, 0, 212, 'components', 'get_components', '', '', ''),
(703, 212, 0, 212, 'components', 'get_components', '48acca9805c3736185416c99d38f73a8', '', ''),
(704, 213, 0, 213, 'components', 'get_components', '', 'ccacc59cc499d8d3c1b8f6a6a8462f03', 'e61fa7cc37eeac72a35479000a679f2d'),
(705, 213, 0, 213, 'components', 'get_components', 'a41b69565861e002d4fcad0a177ea762', 'ccacc59cc499d8d3c1b8f6a6a8462f03', 'e61fa7cc37eeac72a35479000a679f2d'),
(706, 214, 0, 214, 'components', 'get_components', '', '', ''),
(707, 214, 0, 214, 'components', 'get_components', '9d7f3da8c27c4c572013cf10d1038ade', '', ''),
(708, 215, 0, 215, 'components', 'get_components', '', '', ''),
(709, 215, 0, 215, 'components', 'get_components', '55c11b3329eecbeaf80bd73bba157c9a', '', ''),
(710, 216, 0, 216, 'components', 'get_components', '', '', ''),
(711, 216, 0, 216, 'components', 'get_components', '20c33f227d6d65eea1d632c519d07b01', '', ''),
(712, 217, 0, 217, 'components', 'get_components', '', '26b5f5865806a3654292d036a14a3618', '83e0e720e4a2b6f558eef5f2969ef65a'),
(713, 217, 0, 217, 'components', 'get_components', '90c21b09993741942ff2440b844318fe', '26b5f5865806a3654292d036a14a3618', '83e0e720e4a2b6f558eef5f2969ef65a'),
(714, 218, 0, 218, 'components', 'get_components', '', '', ''),
(715, 218, 0, 218, 'components', 'get_components', '5b3f332b80766426e1b6a1a914b475a2', '', ''),
(716, 219, 0, 219, 'components', 'get_components', '', '', ''),
(717, 219, 0, 219, 'components', 'get_components', 'bab4ac375adad13f5693f24fceab7903', '', ''),
(718, 220, 0, 220, 'components', 'get_components', '', '', ''),
(719, 220, 0, 220, 'components', 'get_components', 'fe514124d51f4162620e929a671fea65', '', ''),
(720, 211, 0, 211, 'components', 'get_components', '', 'ff58bcf8f7fd00c42746e8f0febfde79', 'ff58bcf8f7fd00c42746e8f0febfde79'),
(721, 213, 0, 213, 'components', 'get_components', '', 'ccacc59cc499d8d3c1b8f6a6a8462f03', 'e61fa7cc37eeac72a35479000a679f2d'),
(722, 217, 0, 217, 'components', 'get_components', '', '26b5f5865806a3654292d036a14a3618', '83e0e720e4a2b6f558eef5f2969ef65a'),
(723, 219, 0, 219, 'components', 'get_components', '', '', 'c51d03b1f6466ebf9b048f1361df2336'),
(724, 221, 0, 221, 'components', 'get_components', '', '', ''),
(725, 221, 0, 221, 'components', 'get_components', 'f58d21b3d2369a990fe77e5a40e27201', '', ''),
(726, 222, 0, 222, 'components', 'get_components', '', '', ''),
(727, 222, 0, 222, 'components', 'get_components', 'e970dd3edae715db32a88391518c1c16', '', ''),
(728, 221, 0, 221, 'components', 'get_components', '', '', 'e2a52d96a70b15b08f4e0e1ab8ecbd7f'),
(729, 222, 0, 222, 'components', 'get_components', '', '', 'e970dd3edae715db32a88391518c1c16'),
(730, 223, 0, 223, 'components', 'get_components', '', '', ''),
(731, 223, 0, 223, 'components', 'get_components', '3c0f4742d4cda1e56ef83e663b3e4f18', '', ''),
(732, 220, 0, 220, 'components', 'get_components', '', '', 'fe514124d51f4162620e929a671fea65'),
(733, 223, 0, 223, 'components', 'get_components', '', '', '3c0f4742d4cda1e56ef83e663b3e4f18'),
(734, 211, 0, 211, 'components', 'get_components', '', 'ff58bcf8f7fd00c42746e8f0febfde79', 'ff58bcf8f7fd00c42746e8f0febfde79'),
(735, 213, 0, 213, 'components', 'get_components', '', 'ccacc59cc499d8d3c1b8f6a6a8462f03', 'e61fa7cc37eeac72a35479000a679f2d'),
(736, 217, 0, 217, 'components', 'get_components', '', '26b5f5865806a3654292d036a14a3618', '83e0e720e4a2b6f558eef5f2969ef65a'),
(737, 219, 0, 219, 'components', 'get_components', '', 'bab4ac375adad13f5693f24fceab7903', ''),
(738, 221, 0, 221, 'components', 'get_components', '', 'f58d21b3d2369a990fe77e5a40e27201', ''),
(739, 212, 0, 212, 'components', 'get_components', '', '', '48acca9805c3736185416c99d38f73a8'),
(740, 214, 0, 214, 'components', 'get_components', '', '', '9d7f3da8c27c4c572013cf10d1038ade'),
(741, 215, 0, 215, 'components', 'get_components', '', '', '55c11b3329eecbeaf80bd73bba157c9a'),
(742, 216, 0, 216, 'components', 'get_components', '', '', '20c33f227d6d65eea1d632c519d07b01'),
(743, 218, 0, 218, 'components', 'get_components', '', '', '5b3f332b80766426e1b6a1a914b475a2'),
(744, 213, 0, 213, 'components', 'get_components', '', 'ccacc59cc499d8d3c1b8f6a6a8462f03', 'e61fa7cc37eeac72a35479000a679f2d'),
(745, 179, 0, 179, 'components', 'get_components', '', '65d62565ad5233967082e3e7754c2c55', 'ac212f446f55f9e499867e92bf69743f'),
(746, 217, 0, 217, 'components', 'get_components', '', '26b5f5865806a3654292d036a14a3618', '83e0e720e4a2b6f558eef5f2969ef65a'),
(747, 219, 0, 219, 'components', 'get_components', '', '4ffa88ed66703518c08fb428183088be', ''),
(748, 221, 0, 221, 'components', 'get_components', '', '570c6fefce2faf3bf9e56036743a7fbb', ''),
(749, 163, 0, 163, 'components', 'get_components', '81f27521acc9a5b96520a4146664fd3f', '3ae0b6101cee4724ad707b4685ed6f5a', ''),
(750, 66, 0, 66, 'components', 'get_components', '', '18b14bde3d6eb626bab49ef8df5ec546', '92bccc04a979204ccf173e10df500b97'),
(751, 179, 0, 179, 'components', 'get_components', '', '65d62565ad5233967082e3e7754c2c55', ''),
(752, 224, 0, 224, 'components', 'get_components', '', '', ''),
(753, 186, 0, 186, 'components', 'get_components', '', '867c4235c7d5abbefd2b8abd92b57f8a', 'f2fe652f20c907d534b0b41828a9c4ff'),
(754, 224, 0, 224, 'components', 'get_components', '6831915d94c2407bba96774a64b92dd5', '', ''),
(755, 224, 0, 224, 'components', 'get_components', '', '', 'aa754565f833375f01bb6af5dfc00ca7'),
(756, 224, 0, 224, 'components', 'get_components', '', 'a05e4943e8a44dca322ab7e716da1ed2', ''),
(757, 210, 0, 210, 'components', 'get_components', '', '365816905f5e9c148e20273719fe163d', ''),
(758, 212, 0, 212, 'components', 'get_components', '', '48acca9805c3736185416c99d38f73a8', ''),
(759, 214, 0, 214, 'components', 'get_components', '', '9d7f3da8c27c4c572013cf10d1038ade', ''),
(760, 215, 0, 215, 'components', 'get_components', '', '55c11b3329eecbeaf80bd73bba157c9a', ''),
(761, 216, 0, 216, 'components', 'get_components', '', '20c33f227d6d65eea1d632c519d07b01', ''),
(762, 215, 0, 215, 'components', 'get_components', '', 'cda12ecc05ada6e871553d1de4437a40', ''),
(763, 215, 0, 215, 'components', 'get_components', 'c5e6b99966f53fc9f8dfe2dd489d04e6', '', ''),
(764, 215, 0, 215, 'components', 'get_components', '', '', 'c5e6b99966f53fc9f8dfe2dd489d04e6'),
(765, 218, 0, 218, 'components', 'get_components', '', '5b3f332b80766426e1b6a1a914b475a2', ''),
(766, 220, 0, 220, 'components', 'get_components', '', 'fe514124d51f4162620e929a671fea65', ''),
(767, 223, 0, 223, 'components', 'get_components', '', '3c0f4742d4cda1e56ef83e663b3e4f18', ''),
(768, 222, 0, 222, 'components', 'get_components', '', 'e970dd3edae715db32a88391518c1c16', ''),
(769, 225, 0, 225, 'components', 'get_components', '', '', ''),
(770, 225, 0, 225, 'components', 'get_components', '629449d60e894e0c4a265b0c3b79fc8e', '', ''),
(771, 226, 0, 226, 'components', 'get_components', '', '', ''),
(772, 226, 0, 226, 'components', 'get_components', 'cdb1ecf72caaa7e5e29f3318646521b2', '', ''),
(773, 225, 0, 225, 'components', 'get_components', '', '', '60cb57c6a69ff80c1ca4b04d48c41213'),
(774, 226, 0, 226, 'components', 'get_components', '', '', 'cdb1ecf72caaa7e5e29f3318646521b2'),
(775, 225, 0, 225, 'components', 'get_components', '', '12c0e326c7c2b11a7339688d6151c5dd', ''),
(776, 226, 0, 226, 'components', 'get_components', '', 'cdb1ecf72caaa7e5e29f3318646521b2', ''),
(777, 225, 0, 225, 'components', 'get_components', '', 'b18c9e0de0b2d2f4f67c39b1b4a3b35e', ''),
(778, 17, 0, 163, 'catalog', 'details', 'bf17e568257ec4f32a1128167e882312', 'bf17e568257ec4f32a1128167e882312', 'bf17e568257ec4f32a1128167e882312'),
(779, 51, 0, 224, 'catalog', 'details', '', '', ''),
(780, 52, 0, 224, 'catalog', 'details', '', '', ''),
(785, 49, 0, 66, 'catalog', 'details', '80a095a2da9695ccf95662827e02c5c0', '80a095a2da9695ccf95662827e02c5c0', '80a095a2da9695ccf95662827e02c5c0'),
(786, 15, 0, 163, 'catalog', 'details', 'f9ef1e530c617cd598171497b4a49e82', 'f9ef1e530c617cd598171497b4a49e82', 'f9ef1e530c617cd598171497b4a49e82'),
(787, 1, 0, 163, 'catalog', 'details', '8f2ed20fa11482b88fd0daea8719a8d9', '8f2ed20fa11482b88fd0daea8719a8d9', '8f2ed20fa11482b88fd0daea8719a8d9'),
(788, 16, 0, 163, 'catalog', 'details', 'd9eaabe53adedb62bc74b7eb0a9477d4', 'd9eaabe53adedb62bc74b7eb0a9477d4', 'd9eaabe53adedb62bc74b7eb0a9477d4'),
(789, 18, 0, 163, 'catalog', 'details', 'af8862a6f8bc4adf52251f812d3b8199', 'af8862a6f8bc4adf52251f812d3b8199', 'af8862a6f8bc4adf52251f812d3b8199'),
(790, 19, 0, 163, 'catalog', 'details', '9c84746a128a37c5e34ab213c888d4aa', '9c84746a128a37c5e34ab213c888d4aa', '9c84746a128a37c5e34ab213c888d4aa'),
(791, 20, 0, 163, 'catalog', 'details', 'c580b0f7c5fe979a5ed6a778072bc91e', 'c580b0f7c5fe979a5ed6a778072bc91e', 'c580b0f7c5fe979a5ed6a778072bc91e'),
(792, 21, 0, 163, 'catalog', 'details', '7fb35d1f75d5944626d88b1ed6736fbd', '7fb35d1f75d5944626d88b1ed6736fbd', '7fb35d1f75d5944626d88b1ed6736fbd'),
(793, 22, 0, 163, 'catalog', 'details', '83ce566136533f8d2ec3b1d468feefe0', '83ce566136533f8d2ec3b1d468feefe0', '83ce566136533f8d2ec3b1d468feefe0'),
(794, 23, 0, 163, 'catalog', 'details', 'b8786da6deb5afd49db8d7c3e39f840c', 'b8786da6deb5afd49db8d7c3e39f840c', 'b8786da6deb5afd49db8d7c3e39f840c'),
(795, 24, 0, 163, 'catalog', 'details', '61e1f08a425cb79a18c3f6224011ab74', '61e1f08a425cb79a18c3f6224011ab74', '61e1f08a425cb79a18c3f6224011ab74'),
(796, 54, 0, 179, 'catalog', 'details', '', '', ''),
(797, 54, 0, 179, 'catalog', 'details', '21bb5bb51758eab175d4d640334abba0', '21bb5bb51758eab175d4d640334abba0', '21bb5bb51758eab175d4d640334abba0'),
(798, 55, 0, 179, 'catalog', 'details', '', '', ''),
(799, 55, 0, 179, 'catalog', 'details', 'f6852b2a3ac0cd7e69c801f69eddb57a', 'f6852b2a3ac0cd7e69c801f69eddb57a', 'f6852b2a3ac0cd7e69c801f69eddb57a'),
(800, 56, 0, 179, 'catalog', 'details', '', '', ''),
(801, 56, 0, 179, 'catalog', 'details', '0869cf46fd51daaf1ee9ad0a2d2dba6a', '0869cf46fd51daaf1ee9ad0a2d2dba6a', '0869cf46fd51daaf1ee9ad0a2d2dba6a'),
(802, 57, 0, 179, 'catalog', 'details', '', '', ''),
(803, 57, 0, 179, 'catalog', 'details', 'cc4b2066cfef89f2475de1d4da4b29c7', 'cc4b2066cfef89f2475de1d4da4b29c7', 'cc4b2066cfef89f2475de1d4da4b29c7'),
(804, 58, 0, 179, 'catalog', 'details', '', '', ''),
(805, 58, 0, 179, 'catalog', 'details', '54c7925aad85a55aa7517905a588fef9', '54c7925aad85a55aa7517905a588fef9', '54c7925aad85a55aa7517905a588fef9'),
(806, 59, 0, 179, 'catalog', 'details', '', '', ''),
(807, 59, 0, 179, 'catalog', 'details', '85228e52e5fe9e6ab49ce87bfd49ccfb', '85228e52e5fe9e6ab49ce87bfd49ccfb', '85228e52e5fe9e6ab49ce87bfd49ccfb'),
(808, 60, 0, 179, 'catalog', 'details', '', '', ''),
(809, 60, 0, 179, 'catalog', 'details', '178eca01705c8783999096e912b64287', '178eca01705c8783999096e912b64287', '178eca01705c8783999096e912b64287'),
(810, 61, 0, 179, 'catalog', 'details', '', '', ''),
(811, 62, 0, 163, 'catalog', 'details', '402acb1c3e3f37da6e1bb6cacadc315d', '44f683a84163b3523afe57c2e008bc8c', '44f683a84163b3523afe57c2e008bc8c'),
(812, 62, 0, 163, 'catalog', 'details', '402acb1c3e3f37da6e1bb6cacadc315d', '44f683a84163b3523afe57c2e008bc8c', '44f683a84163b3523afe57c2e008bc8c'),
(813, 61, 0, 179, 'catalog', 'details', '96927817c762eb0a96c1eff02b0e99d2', '96927817c762eb0a96c1eff02b0e99d2', '96927817c762eb0a96c1eff02b0e99d2'),
(814, 62, 0, 163, 'catalog', 'details', '402acb1c3e3f37da6e1bb6cacadc315d', '44f683a84163b3523afe57c2e008bc8c', '44f683a84163b3523afe57c2e008bc8c'),
(816, 63, 0, 65, 'catalog', 'details', '', '', ''),
(821, 64, 0, 179, 'catalog', 'details', '', '', ''),
(822, 64, 0, 179, 'catalog', 'details', '6788732d672d55a0bd33fb427419951a', '6788732d672d55a0bd33fb427419951a', '6788732d672d55a0bd33fb427419951a');
INSERT INTO `ko_site_links` (`link_id`, `item_id`, `component_id`, `menu_id`, `module`, `method`, `hash_en`, `hash_ru`, `hash_ua`) VALUES
(823, 65, 0, 179, 'catalog', 'details', '', '', ''),
(824, 65, 0, 179, 'catalog', 'details', 'ca423cf12c46b6153f7a6b57aa0ac82f', 'ca423cf12c46b6153f7a6b57aa0ac82f', 'ca423cf12c46b6153f7a6b57aa0ac82f'),
(825, 66, 0, 179, 'catalog', 'details', '', '', ''),
(826, 66, 0, 179, 'catalog', 'details', 'e126cb26dd3320bf22d9053a06df8a12', 'e126cb26dd3320bf22d9053a06df8a12', 'e126cb26dd3320bf22d9053a06df8a12'),
(827, 67, 0, 179, 'catalog', 'details', '', '', ''),
(828, 67, 0, 179, 'catalog', 'details', '499ae05cd09e12c2bcb29ecd2f9184f3', '499ae05cd09e12c2bcb29ecd2f9184f3', '499ae05cd09e12c2bcb29ecd2f9184f3'),
(829, 68, 0, 179, 'catalog', 'details', '', '', ''),
(830, 68, 0, 179, 'catalog', 'details', '2b21d9d8f81c6e564c84ef0bfa94aa5c', '2b21d9d8f81c6e564c84ef0bfa94aa5c', '2b21d9d8f81c6e564c84ef0bfa94aa5c'),
(831, 69, 0, 179, 'catalog', 'details', '', '', ''),
(832, 69, 0, 179, 'catalog', 'details', '8b8be2799a2796a36a02004608426bdb', '8b8be2799a2796a36a02004608426bdb', '8b8be2799a2796a36a02004608426bdb'),
(833, 70, 0, 179, 'catalog', 'details', '', '', ''),
(834, 70, 0, 179, 'catalog', 'details', '18f8891c64e402460381ae66774c94bd', '18f8891c64e402460381ae66774c94bd', '18f8891c64e402460381ae66774c94bd'),
(835, 71, 0, 179, 'catalog', 'details', '', '', ''),
(836, 71, 0, 179, 'catalog', 'details', '8b12651f8c7b6f9a125296d72a79425b', '8b12651f8c7b6f9a125296d72a79425b', '8b12651f8c7b6f9a125296d72a79425b'),
(837, 72, 0, 179, 'catalog', 'details', '', '', ''),
(838, 72, 0, 179, 'catalog', 'details', '18125322601198683c20083b99f11680', '18125322601198683c20083b99f11680', '18125322601198683c20083b99f11680'),
(839, 73, 0, 179, 'catalog', 'details', '', '', ''),
(840, 73, 0, 179, 'catalog', 'details', '37d153a06c79e99e4de5889dbe2e7c57', '37d153a06c79e99e4de5889dbe2e7c57', '37d153a06c79e99e4de5889dbe2e7c57'),
(841, 74, 0, 179, 'catalog', 'details', '', '', ''),
(842, 74, 0, 179, 'catalog', 'details', 'ab0db54ab4af5f073628f53071791ab9', 'ab0db54ab4af5f073628f53071791ab9', 'ab0db54ab4af5f073628f53071791ab9'),
(843, 75, 0, 179, 'catalog', 'details', '', '', ''),
(844, 75, 0, 179, 'catalog', 'details', 'ae074a5692dfb7c26aae5147e52ceb40', 'ae074a5692dfb7c26aae5147e52ceb40', 'ae074a5692dfb7c26aae5147e52ceb40'),
(845, 76, 0, 179, 'catalog', 'details', '', '', ''),
(846, 76, 0, 179, 'catalog', 'details', 'e5e9b41c8f1ad39ffb22df4a7aa7d876', 'e5e9b41c8f1ad39ffb22df4a7aa7d876', 'e5e9b41c8f1ad39ffb22df4a7aa7d876'),
(847, 77, 0, 179, 'catalog', 'details', '', '', ''),
(848, 77, 0, 179, 'catalog', 'details', '16f12f5e8379e22be995e505ebfc1b84', '16f12f5e8379e22be995e505ebfc1b84', '16f12f5e8379e22be995e505ebfc1b84'),
(849, 78, 0, 179, 'catalog', 'details', '', '', ''),
(850, 78, 0, 179, 'catalog', 'details', '85409c340eaf82b3cfc27495c2fe3630', '85409c340eaf82b3cfc27495c2fe3630', '85409c340eaf82b3cfc27495c2fe3630'),
(851, 79, 0, 179, 'catalog', 'details', '', '', ''),
(852, 79, 0, 179, 'catalog', 'details', 'eb5ba7c977d21014520ad3ee0432d10f', 'eb5ba7c977d21014520ad3ee0432d10f', 'eb5ba7c977d21014520ad3ee0432d10f'),
(853, 80, 0, 179, 'catalog', 'details', '', '', ''),
(854, 80, 0, 179, 'catalog', 'details', '2cff03e4b9eb85b3bf5e924ccdc1348d', '2cff03e4b9eb85b3bf5e924ccdc1348d', '2cff03e4b9eb85b3bf5e924ccdc1348d'),
(855, 81, 0, 179, 'catalog', 'details', '', '', ''),
(856, 81, 0, 179, 'catalog', 'details', 'd9520e7d6450de557196c652f6965b86', 'd9520e7d6450de557196c652f6965b86', 'd9520e7d6450de557196c652f6965b86'),
(857, 82, 0, 224, 'catalog', 'details', '', '', ''),
(858, 82, 0, 224, 'catalog', 'details', '9077c3585038a90e34afe97a02bf4355', '9077c3585038a90e34afe97a02bf4355', '9077c3585038a90e34afe97a02bf4355'),
(860, 83, 0, 224, 'catalog', 'details', '', '', ''),
(861, 83, 0, 224, 'catalog', 'details', 'b98a5a57d055dbabf959dcd6f36509ef', 'b98a5a57d055dbabf959dcd6f36509ef', 'b98a5a57d055dbabf959dcd6f36509ef'),
(862, 84, 0, 224, 'catalog', 'details', '', '', ''),
(863, 84, 0, 224, 'catalog', 'details', 'a763a66f984948ca463b081bf0f0e6d0', 'a763a66f984948ca463b081bf0f0e6d0', 'a763a66f984948ca463b081bf0f0e6d0'),
(864, 85, 0, 224, 'catalog', 'details', '', '', ''),
(865, 85, 0, 224, 'catalog', 'details', 'a1ce8e1c43bc97259557379589e051af', 'a1ce8e1c43bc97259557379589e051af', 'a1ce8e1c43bc97259557379589e051af'),
(866, 86, 0, 224, 'catalog', 'details', 'e16866458c9403fe9fb3df93bd4b3a41', 'e16866458c9403fe9fb3df93bd4b3a41', 'e16866458c9403fe9fb3df93bd4b3a41'),
(867, 86, 0, 224, 'catalog', 'details', 'e16866458c9403fe9fb3df93bd4b3a41', 'e16866458c9403fe9fb3df93bd4b3a41', 'e16866458c9403fe9fb3df93bd4b3a41'),
(870, 87, 0, 163, 'catalog', 'details', 'b64153305da0e0b8997ae9cb999ad7af', 'b64153305da0e0b8997ae9cb999ad7af', 'b64153305da0e0b8997ae9cb999ad7af'),
(871, 87, 0, 163, 'catalog', 'details', 'b64153305da0e0b8997ae9cb999ad7af', 'b64153305da0e0b8997ae9cb999ad7af', 'b64153305da0e0b8997ae9cb999ad7af'),
(872, 88, 0, 163, 'catalog', 'details', '282bbbfb69da08d03ff4bcf34a94bc53', '282bbbfb69da08d03ff4bcf34a94bc53', '282bbbfb69da08d03ff4bcf34a94bc53'),
(873, 88, 0, 163, 'catalog', 'details', '282bbbfb69da08d03ff4bcf34a94bc53', '282bbbfb69da08d03ff4bcf34a94bc53', '282bbbfb69da08d03ff4bcf34a94bc53'),
(874, 89, 0, 163, 'catalog', 'details', '8bdc0a760490ca729fa9d4711ca70893', '8bdc0a760490ca729fa9d4711ca70893', '8bdc0a760490ca729fa9d4711ca70893'),
(875, 89, 0, 163, 'catalog', 'details', '8bdc0a760490ca729fa9d4711ca70893', '8bdc0a760490ca729fa9d4711ca70893', '8bdc0a760490ca729fa9d4711ca70893'),
(876, 90, 0, 163, 'catalog', 'details', 'fadc92cb7ea5e9ef2bffcd062d947f9b', 'fadc92cb7ea5e9ef2bffcd062d947f9b', 'fadc92cb7ea5e9ef2bffcd062d947f9b'),
(877, 90, 0, 163, 'catalog', 'details', 'fadc92cb7ea5e9ef2bffcd062d947f9b', 'fadc92cb7ea5e9ef2bffcd062d947f9b', 'fadc92cb7ea5e9ef2bffcd062d947f9b'),
(878, 91, 0, 224, 'catalog', 'details', '', '', ''),
(879, 91, 0, 224, 'catalog', 'details', 'ed6658e6f22583ed66fb5e5e735b9e63', 'ed6658e6f22583ed66fb5e5e735b9e63', 'ed6658e6f22583ed66fb5e5e735b9e63'),
(880, 92, 0, 224, 'catalog', 'details', '', '', ''),
(881, 92, 0, 224, 'catalog', 'details', 'b6cb572e168a99f5209eae6a906cf65c', 'b6cb572e168a99f5209eae6a906cf65c', 'b6cb572e168a99f5209eae6a906cf65c'),
(882, 93, 0, 224, 'catalog', 'details', '', '', ''),
(883, 93, 0, 224, 'catalog', 'details', 'f45a6be7a97238894bc6005996415fad', 'f45a6be7a97238894bc6005996415fad', 'f45a6be7a97238894bc6005996415fad'),
(884, 163, 0, 163, 'components', 'get_components', '81f27521acc9a5b96520a4146664fd3f', '', ''),
(885, 163, 0, 163, 'components', 'get_components', '81f27521acc9a5b96520a4146664fd3f', '', ''),
(886, 163, 0, 163, 'components', 'get_components', '81f27521acc9a5b96520a4146664fd3f', '', ''),
(887, 163, 0, 163, 'components', 'get_components', '81f27521acc9a5b96520a4146664fd3f', '', '335d719d20c73ef6bad1fed96e96491f'),
(888, 163, 0, 163, 'components', 'get_components', '81f27521acc9a5b96520a4146664fd3f', '28ff411fc8ae418d0b33eb1a71d26c3e', ''),
(889, 230, 0, 230, 'components', 'get_components', '', '09b8bd5d4693bf34b967901f06d170c4', '9d956986a26aeec10dc70cae59b1c555'),
(890, 230, 0, 230, 'components', 'get_components', '1c625cc86f824660a320d185916e3c55', '09b8bd5d4693bf34b967901f06d170c4', '9d956986a26aeec10dc70cae59b1c555'),
(891, 231, 0, 231, 'components', 'get_components', '', 'e1347b42ee54ad2b451644a7ef47a7cd', ''),
(892, 231, 0, 231, 'components', 'get_components', 'f9bcd904ecd531c125ab9b42b5be3f35', 'e1347b42ee54ad2b451644a7ef47a7cd', ''),
(893, 230, 0, 230, 'components', 'get_components', '', '09b8bd5d4693bf34b967901f06d170c4', '9d956986a26aeec10dc70cae59b1c555'),
(894, 231, 0, 231, 'components', 'get_components', '', 'e1347b42ee54ad2b451644a7ef47a7cd', 'd5148857f8f3727616032fb360daf561'),
(895, 230, 0, 230, 'components', 'get_components', '', '09b8bd5d4693bf34b967901f06d170c4', '9d956986a26aeec10dc70cae59b1c555'),
(896, 231, 0, 231, 'components', 'get_components', '', 'e1347b42ee54ad2b451644a7ef47a7cd', ''),
(897, 232, 0, 232, 'components', 'get_components', '', '1a16f7e2da8a13569d8756b1d24b470a', '7bc2b5e62e34619660a51c6479192dce'),
(898, 232, 0, 232, 'components', 'get_components', '82f5588aed3625e33f0509863f8aead3', '1a16f7e2da8a13569d8756b1d24b470a', '7bc2b5e62e34619660a51c6479192dce'),
(899, 232, 0, 232, 'components', 'get_components', '', '1a16f7e2da8a13569d8756b1d24b470a', '7bc2b5e62e34619660a51c6479192dce'),
(900, 232, 0, 232, 'components', 'get_components', '', '1a16f7e2da8a13569d8756b1d24b470a', '7bc2b5e62e34619660a51c6479192dce'),
(902, 234, 0, 234, 'components', 'get_components', '', 'efb758b7c3ae4e04ff12d6acb76f375d', ''),
(903, 234, 0, 234, 'components', 'get_components', '', 'efb758b7c3ae4e04ff12d6acb76f375d', ''),
(906, 234, 0, 234, 'components', 'get_components', '63b04a371849694ef3864687adcb410a', 'efb758b7c3ae4e04ff12d6acb76f375d', ''),
(908, 234, 0, 234, 'components', 'get_components', '', 'efb758b7c3ae4e04ff12d6acb76f375d', 'efb758b7c3ae4e04ff12d6acb76f375d'),
(909, 238, 0, 238, 'components', 'get_components', '', '6781648dc2d63fa13d9e8a55b5091ccc', ''),
(910, 238, 0, 238, 'components', 'get_components', '5c2c2a6c9bed1b1e962c6800b4edfb11', '6781648dc2d63fa13d9e8a55b5091ccc', ''),
(911, 238, 0, 238, 'components', 'get_components', '', '6781648dc2d63fa13d9e8a55b5091ccc', '6781648dc2d63fa13d9e8a55b5091ccc'),
(912, 238, 0, 238, 'components', 'get_components', '', '6781648dc2d63fa13d9e8a55b5091ccc', ''),
(913, 239, 0, 239, 'components', 'get_components', '', '', '01faa494202feb608d6dfb7072932e7f'),
(914, 239, 0, 239, 'components', 'get_components', 'a0dbc582936aa3aff3cdc026ab94b5f4', '', '01faa494202feb608d6dfb7072932e7f'),
(915, 239, 0, 239, 'components', 'get_components', '', '', '01faa494202feb608d6dfb7072932e7f'),
(916, 239, 0, 239, 'components', 'get_components', '', '37b53bb05fea4b3f0fb638403e341a79', ''),
(937, 107, 0, 163, 'catalog', 'details', 'a32afbe54e4fbab0c8c44c01f5b90792', 'a32afbe54e4fbab0c8c44c01f5b90792', 'a32afbe54e4fbab0c8c44c01f5b90792'),
(938, 107, 0, 163, 'catalog', 'details', 'a32afbe54e4fbab0c8c44c01f5b90792', 'a32afbe54e4fbab0c8c44c01f5b90792', 'a32afbe54e4fbab0c8c44c01f5b90792'),
(940, 109, 0, 163, 'catalog', 'details', 'b7874b54027af0d426cf2fc5df78d556', 'b7874b54027af0d426cf2fc5df78d556', '31b155bc1e71c00ca192afd282af290a'),
(942, 109, 0, 163, 'catalog', 'details', 'b7874b54027af0d426cf2fc5df78d556', 'b7874b54027af0d426cf2fc5df78d556', '31b155bc1e71c00ca192afd282af290a'),
(944, 111, 0, 163, 'catalog', 'details', '8f78cae4bf9bf271ac26ed4d5f03708d', '8f78cae4bf9bf271ac26ed4d5f03708d', '8f78cae4bf9bf271ac26ed4d5f03708d'),
(945, 111, 0, 163, 'catalog', 'details', '8f78cae4bf9bf271ac26ed4d5f03708d', '8f78cae4bf9bf271ac26ed4d5f03708d', '8f78cae4bf9bf271ac26ed4d5f03708d'),
(946, 112, 0, 163, 'catalog', 'details', '9ab9b36dd649165f394358726ba0f59a', '9ab9b36dd649165f394358726ba0f59a', '9ab9b36dd649165f394358726ba0f59a'),
(947, 112, 0, 163, 'catalog', 'details', '9ab9b36dd649165f394358726ba0f59a', '9ab9b36dd649165f394358726ba0f59a', '9ab9b36dd649165f394358726ba0f59a'),
(948, 113, 0, 163, 'catalog', 'details', '40996e3e179435cfb64c2cedb2c099dc', '40996e3e179435cfb64c2cedb2c099dc', '40996e3e179435cfb64c2cedb2c099dc'),
(949, 113, 0, 163, 'catalog', 'details', '40996e3e179435cfb64c2cedb2c099dc', '40996e3e179435cfb64c2cedb2c099dc', '40996e3e179435cfb64c2cedb2c099dc'),
(950, 114, 0, 163, 'catalog', 'details', 'a31a83e3eb0bc30c5e373ae45b532622', 'a31a83e3eb0bc30c5e373ae45b532622', 'a31a83e3eb0bc30c5e373ae45b532622'),
(951, 114, 0, 163, 'catalog', 'details', 'a31a83e3eb0bc30c5e373ae45b532622', 'a31a83e3eb0bc30c5e373ae45b532622', 'a31a83e3eb0bc30c5e373ae45b532622'),
(952, 115, 0, 163, 'catalog', 'details', 'c3bb6f719742fd1e5768d6d1361cfb49', 'c3bb6f719742fd1e5768d6d1361cfb49', 'c3bb6f719742fd1e5768d6d1361cfb49'),
(953, 115, 0, 163, 'catalog', 'details', 'c3bb6f719742fd1e5768d6d1361cfb49', 'c3bb6f719742fd1e5768d6d1361cfb49', 'c3bb6f719742fd1e5768d6d1361cfb49'),
(954, 116, 0, 163, 'catalog', 'details', '5f828243a502fe092be5dbf45489c7f0', '5f828243a502fe092be5dbf45489c7f0', '5f828243a502fe092be5dbf45489c7f0'),
(955, 116, 0, 163, 'catalog', 'details', '5f828243a502fe092be5dbf45489c7f0', '5f828243a502fe092be5dbf45489c7f0', '5f828243a502fe092be5dbf45489c7f0'),
(956, 113, 0, 163, 'catalog', 'details', '40996e3e179435cfb64c2cedb2c099dc', '40996e3e179435cfb64c2cedb2c099dc', '40996e3e179435cfb64c2cedb2c099dc'),
(957, 117, 0, 163, 'catalog', 'details', 'ec5e1e94c042dda33822701a45eb5e30', 'ec5e1e94c042dda33822701a45eb5e30', 'ec5e1e94c042dda33822701a45eb5e30'),
(958, 117, 0, 163, 'catalog', 'details', 'ec5e1e94c042dda33822701a45eb5e30', 'ec5e1e94c042dda33822701a45eb5e30', 'ec5e1e94c042dda33822701a45eb5e30'),
(959, 118, 0, 163, 'catalog', 'details', '', '', ''),
(960, 118, 0, 163, 'catalog', 'details', '968c58d88d981b4ee15e2c8cb1fab06d', '968c58d88d981b4ee15e2c8cb1fab06d', '968c58d88d981b4ee15e2c8cb1fab06d'),
(961, 119, 0, 163, 'catalog', 'details', '43f41d127a81c54d4c8f5f93daeb7118', '43f41d127a81c54d4c8f5f93daeb7118', '43f41d127a81c54d4c8f5f93daeb7118'),
(962, 119, 0, 163, 'catalog', 'details', '43f41d127a81c54d4c8f5f93daeb7118', '43f41d127a81c54d4c8f5f93daeb7118', '43f41d127a81c54d4c8f5f93daeb7118'),
(963, 170, 0, 170, 'components', 'get_components', '', '60f6f47fbce4f987fcdc579d5c2c4340', 'c693d5ef322fb0244f1d13c4e97403fa'),
(964, 163, 0, 163, 'components', 'get_components', '', '', 'be7662f8aafedb1a803d2f1a46636c83'),
(965, 179, 0, 179, 'components', 'get_components', '', '65d62565ad5233967082e3e7754c2c55', '8e9688b696f5a041146d9a6ad8a050e4'),
(966, 224, 0, 224, 'components', 'get_components', '', '', '4b06a3889f4c7cee7801f3eeab9f7f6b'),
(967, 163, 0, 163, 'components', 'get_components', '', '98103617bdb261044071b45307d2f165', ''),
(968, 66, 0, 66, 'components', 'get_components', '', 'f29a93554cfd3d7f1242ccff55baf464', ''),
(969, 224, 0, 224, 'components', 'get_components', '', 'aa754565f833375f01bb6af5dfc00ca7', ''),
(970, 22, 0, 163, 'catalog', 'details', '83ce566136533f8d2ec3b1d468feefe0', '83ce566136533f8d2ec3b1d468feefe0', '83ce566136533f8d2ec3b1d468feefe0'),
(973, 240, 0, 240, 'components', 'get_components', '', '', ''),
(974, 240, 0, 240, 'components', 'get_components', 'd6f6888cf17a2e2b5747c44fc6430342', '', ''),
(975, 170, 0, 170, 'components', 'get_components', '61af09f34bc001f3b6d9139687a723fd', '', ''),
(976, 21, 0, 21, 'components', 'get_components', '', '5a620808e04a4d08d6ac6493f94905f7', '428c14da75f32bc5f245e02cd8ded7fb'),
(977, 171, 0, 171, 'components', 'get_components', '', '9bce0c1c3f87e8b78bbeb4ea3f557250', 'aa3d96447a6295cdf4f29aa9ce5cc524'),
(978, 182, 0, 182, 'components', 'get_components', '', '', '08dc089aadf8535c47fdb050a49e0e12'),
(979, 207, 0, 207, 'components', 'get_components', '', '', '00845886b5dc40ae1205952cebe7aa6f'),
(980, 219, 0, 219, 'components', 'get_components', '', '', 'a55ed1417ba2523f29cd1492c9b8a7da'),
(981, 221, 0, 221, 'components', 'get_components', '', '', '184e021a7d02ec2e8a4c88bc6a74905e'),
(982, 225, 0, 225, 'components', 'get_components', '', '', '10fa845e8eb5181d37161e1e7e4f16ad'),
(983, 231, 0, 231, 'components', 'get_components', '', 'e1347b42ee54ad2b451644a7ef47a7cd', '698ce7feb5b9c5e65c667ca905f044b8'),
(984, 198, 0, 198, 'components', 'get_components', '', '', '1ca7fea5ebf07e324c7724066b27af5e'),
(985, 204, 0, 204, 'components', 'get_components', '', '', '4dfca1788fb0ffbf5960f2f3337fecad'),
(986, 234, 0, 234, 'components', 'get_components', '', '', 'eae08e805e21a241725a94a0fd93d460'),
(987, 238, 0, 238, 'components', 'get_components', '', '', '5c2c2a6c9bed1b1e962c6800b4edfb11'),
(988, 240, 0, 240, 'components', 'get_components', '', '', 'd6f6888cf17a2e2b5747c44fc6430342'),
(989, 239, 0, 239, 'components', 'get_components', '', '', 'ef625cefe0bff9040af5309318d97b7d'),
(990, 172, 0, 172, 'components', 'get_components', '', '987e2e5070926e5219bf3d2085080151', ''),
(991, 182, 0, 182, 'components', 'get_components', '', 'af9dbcad71f8323d278fede5f9453d1c', ''),
(992, 207, 0, 207, 'components', 'get_components', '', '5e97fea0e4c2a6e83841cb325a13d083', ''),
(993, 211, 0, 211, 'components', 'get_components', '', 'd20a90675f790ef1dea45b40eb8a97b7', ''),
(994, 219, 0, 219, 'components', 'get_components', '', '6ec2e3343f498e6495a99f61a762e11e', ''),
(995, 221, 0, 221, 'components', 'get_components', '', 'af4f3b09387a1cd404772605a281ed4d', ''),
(996, 225, 0, 225, 'components', 'get_components', '', 'c00d78510e31f51f563c7a7d50db2c21', ''),
(997, 177, 0, 177, 'components', 'get_components', '', '692246cdaa79a87028f70dccffbf4de1', ''),
(998, 198, 0, 198, 'components', 'get_components', '', '1ca7fea5ebf07e324c7724066b27af5e', ''),
(999, 204, 0, 204, 'components', 'get_components', '', '4dfca1788fb0ffbf5960f2f3337fecad', ''),
(1000, 234, 0, 234, 'components', 'get_components', '', 'eae08e805e21a241725a94a0fd93d460', ''),
(1001, 238, 0, 238, 'components', 'get_components', '', '5c2c2a6c9bed1b1e962c6800b4edfb11', ''),
(1002, 240, 0, 240, 'components', 'get_components', '', 'd6f6888cf17a2e2b5747c44fc6430342', ''),
(1003, 240, 0, 240, 'components', 'get_components', '', '', 'c317646c694139689bc3e0349addbb4e'),
(1004, 239, 0, 239, 'components', 'get_components', '', '0f6f0e6a48b1fe98cb5f495260240b25', ''),
(1005, 121, 0, 163, 'catalog', 'details', '6209804952225ab3d14348307b5a4a27', '6209804952225ab3d14348307b5a4a27', '6209804952225ab3d14348307b5a4a27'),
(1006, 121, 0, 163, 'catalog', 'details', '6209804952225ab3d14348307b5a4a27', '6209804952225ab3d14348307b5a4a27', '6209804952225ab3d14348307b5a4a27'),
(1007, 22, 0, 163, 'catalog', 'details', '83ce566136533f8d2ec3b1d468feefe0', '83ce566136533f8d2ec3b1d468feefe0', '83ce566136533f8d2ec3b1d468feefe0');

--
-- Indexes for dumped tables
--

--
-- Indexes for table `ko_administrators`
--
ALTER TABLE `ko_administrators`
  ADD PRIMARY KEY (`admin_id`);

--
-- Indexes for table `ko_catalog`
--
ALTER TABLE `ko_catalog`
  ADD PRIMARY KEY (`catalog_id`),
  ADD KEY `hidden` (`hidden`);

--
-- Indexes for table `ko_catalog_images`
--
ALTER TABLE `ko_catalog_images`
  ADD PRIMARY KEY (`image_id`),
  ADD KEY `pharmacy_id` (`catalog_id`),
  ADD KEY `marker_id` (`photo`(4));

--
-- Indexes for table `ko_components`
--
ALTER TABLE `ko_components`
  ADD PRIMARY KEY (`component_id`),
  ADD KEY `menu_id` (`menu_id`),
  ADD KEY `hidden` (`hidden`);

--
-- Indexes for table `ko_component_article`
--
ALTER TABLE `ko_component_article`
  ADD PRIMARY KEY (`component_id`),
  ADD KEY `menu_id` (`menu_id`);

--
-- Indexes for table `ko_config`
--
ALTER TABLE `ko_config`
  ADD PRIMARY KEY (`key`);

--
-- Indexes for table `ko_feedback`
--
ALTER TABLE `ko_feedback`
  ADD PRIMARY KEY (`id`);

--
-- Indexes for table `ko_google_map`
--
ALTER TABLE `ko_google_map`
  ADD PRIMARY KEY (`component_id`),
  ADD KEY `menu_id` (`menu_id`);

--
-- Indexes for table `ko_menu`
--
ALTER TABLE `ko_menu`
  ADD PRIMARY KEY (`id`),
  ADD KEY `parent_id` (`parent_id`),
  ADD KEY `menu_index` (`menu_index`),
  ADD KEY `hidden` (`hidden`),
  ADD KEY `main` (`main`);

--
-- Indexes for table `ko_news`
--
ALTER TABLE `ko_news`
  ADD PRIMARY KEY (`news_id`),
  ADD KEY `component_id` (`component_id`);

--
-- Indexes for table `ko_news_images`
--
ALTER TABLE `ko_news_images`
  ADD PRIMARY KEY (`image_id`),
  ADD KEY `news_id` (`news_id`);

--
-- Indexes for table `ko_seo_tags`
--
ALTER TABLE `ko_seo_tags`
  ADD PRIMARY KEY (`tags_id`),
  ADD KEY `menu_id` (`menu_id`),
  ADD KEY `item_id` (`item_id`);

--
-- Indexes for table `ko_site_links`
--
ALTER TABLE `ko_site_links`
  ADD PRIMARY KEY (`link_id`),
  ADD KEY `item_id` (`item_id`,`module`);

--
-- AUTO_INCREMENT for dumped tables
--

--
-- AUTO_INCREMENT for table `ko_administrators`
--
ALTER TABLE `ko_administrators`
  MODIFY `admin_id` int(6) NOT NULL AUTO_INCREMENT,AUTO_INCREMENT=7;
--
-- AUTO_INCREMENT for table `ko_catalog`
--
ALTER TABLE `ko_catalog`
  MODIFY `catalog_id` int(6) unsigned NOT NULL AUTO_INCREMENT,AUTO_INCREMENT=122;
--
-- AUTO_INCREMENT for table `ko_catalog_images`
--
ALTER TABLE `ko_catalog_images`
  MODIFY `image_id` int(6) unsigned NOT NULL AUTO_INCREMENT,AUTO_INCREMENT=353;
--
-- AUTO_INCREMENT for table `ko_components`
--
ALTER TABLE `ko_components`
  MODIFY `component_id` int(6) unsigned NOT NULL AUTO_INCREMENT,AUTO_INCREMENT=90;
--
-- AUTO_INCREMENT for table `ko_feedback`
--
ALTER TABLE `ko_feedback`
  MODIFY `id` int(6) unsigned NOT NULL AUTO_INCREMENT,AUTO_INCREMENT=55;
--
-- AUTO_INCREMENT for table `ko_menu`
--
ALTER TABLE `ko_menu`
  MODIFY `id` int(6) unsigned NOT NULL AUTO_INCREMENT,AUTO_INCREMENT=241;
--
-- AUTO_INCREMENT for table `ko_news`
--
ALTER TABLE `ko_news`
  MODIFY `news_id` int(6) unsigned NOT NULL AUTO_INCREMENT;
--
-- AUTO_INCREMENT for table `ko_news_images`
--
ALTER TABLE `ko_news_images`
  MODIFY `image_id` int(6) unsigned NOT NULL AUTO_INCREMENT;
--
-- AUTO_INCREMENT for table `ko_seo_tags`
--
ALTER TABLE `ko_seo_tags`
  MODIFY `tags_id` int(6) unsigned NOT NULL AUTO_INCREMENT,AUTO_INCREMENT=65;
--
-- AUTO_INCREMENT for table `ko_site_links`
--
ALTER TABLE `ko_site_links`
  MODIFY `link_id` int(6) unsigned NOT NULL AUTO_INCREMENT,AUTO_INCREMENT=1008;
/*!40101 SET CHARACTER_SET_CLIENT=@OLD_CHARACTER_SET_CLIENT */;
/*!40101 SET CHARACTER_SET_RESULTS=@OLD_CHARACTER_SET_RESULTS */;
/*!40101 SET COLLATION_CONNECTION=@OLD_COLLATION_CONNECTION */;
